2026-09-22 23:07:48,324 [INFO] httpx: HTTP Request: POST http://test/api/v1/auth/register/admin "HTTP/1.1 201 Created"
2026-09-22 23:07:48,332 [INFO] httpx: HTTP Request: POST http://test/api/v1/scenarios/ "HTTP/1.1 201 Created"
2026-09-22 23:07:48,559 [INFO] httpx: HTTP Request: POST http://test/api/v1/auth/register "HTTP/1.1 201 Created"
2026-09-22 23:07:48,562 [INFO] httpx: HTTP Request: POST http://test/api/v1/scenarios/ "HTTP/1.1 403 Forbidden"
2026-09-22 23:07:48,767 [INFO] httpx: HTTP Request: POST http://test/api/v1/auth/register/admin "HTTP/1.1 201 Created"
2026-09-22 23:07:48,772 [INFO] httpx: HTTP Request: GET http://test/api/v1/scenarios/my "HTTP/1.1 200 OK"
2026-09-22 23:07:48,997 [INFO] httpx: HTTP Request: POST http://test/api/v1/auth/register/admin "HTTP/1.1 201 Created"
2026-09-22 23:07:49,186 [INFO] httpx: HTTP Request: POST http://test/api/v1/auth/register/admin "HTTP/1.1 201 Created"
2026-09-22 23:07:49,194 [INFO] httpx: HTTP Request: POST http://test/api/v1/scenarios/ "HTTP/1.1 201 Created"
2026-09-22 23:07:49,197 [INFO] httpx: HTTP Request: POST http://test/api/v1/scenarios/ "HTTP/1.1 201 Created"
2026-09-22 23:07:49,201 [INFO] httpx: HTTP Request: GET http://test/api/v1/scenarios/my "HTTP/1.1 200 OK"
2026-09-22 23:07:49,413 [INFO] httpx: HTTP Request: POST http://test/api/v1/auth/register/admin "HTTP/1.1 201 Created"
2026-09-22 23:07:49,421 [INFO] httpx: HTTP Request: POST http://test/api/v1/scenarios/ "HTTP/1.1 201 Created"
2026-09-22 23:07:49,425 [INFO] httpx: HTTP Request: POST http://test/api/v1/scenarios/pub-case/publish "HTTP/1.1 400 Bad Request"
2026-09-22 23:07:49,642 [INFO] httpx: HTTP Request: POST http://test/api/v1/auth/register/admin "HTTP/1.1 201 Created"
2026-09-22 23:07:49,649 [INFO] httpx: HTTP Request: POST http://test/api/v1/scenarios/ "HTTP/1.1 201 Created"
2026-09-22 23:07:49,653 [INFO] httpx: HTTP Request: POST http://test/api/v1/scenarios/ready-case/publish "HTTP/1.1 200 OK"
2026-09-22 23:07:49,860 [INFO] httpx: HTTP Request: POST http://test/api/v1/auth/register/admin "HTTP/1.1 201 Created"
2026-09-22 23:07:50,045 [INFO] httpx: HTTP Request: POST http://test/api/v1/auth/register/admin "HTTP/1.1 201 Created"
2026-09-22 23:07:50,052 [INFO] httpx: HTTP Request: POST http://test/api/v1/scenarios/ "HTTP/1.1 201 Created"
2026-09-22 23:07:50,054 [INFO] httpx: HTTP Request: POST http://test/api/v1/scenarios/owner-case/publish "HTTP/1.1 403 Forbidden"
2026-09-22 23:07:50,264 [INFO] httpx: HTTP Request: POST http://test/api/v1/auth/register/admin "HTTP/1.1 201 Created"
2026-09-22 23:07:50,271 [INFO] httpx: HTTP Request: POST http://test/api/v1/scenarios/ "HTTP/1.1 201 Created"
2026-09-22 23:07:50,275 [INFO] httpx: HTTP Request: POST http://test/api/v1/scenarios/arch-case/publish "HTTP/1.1 200 OK"
2026-09-22 23:07:50,279 [INFO] httpx: HTTP Request: POST http://test/api/v1/scenarios/arch-case/archive "HTTP/1.1 200 OK"
2026-09-22 23:07:50,489 [INFO] httpx: HTTP Request: POST http://test/api/v1/auth/register/admin "HTTP/1.1 201 Created"
2026-09-22 23:07:50,495 [INFO] httpx: HTTP Request: POST http://test/api/v1/scenarios/ "HTTP/1.1 201 Created"
2026-09-22 23:07:50,499 [INFO] httpx: HTTP Request: POST http://test/api/v1/scenarios/hidden-case/publish "HTTP/1.1 200 OK"
2026-09-22 23:07:50,501 [INFO] httpx: HTTP Request: GET http://test/api/v1/scenarios/ "HTTP/1.1 200 OK"
2026-09-22 23:07:50,710 [INFO] httpx: HTTP Request: POST http://test/api/v1/auth/register/admin "HTTP/1.1 201 Created"
2026-09-22 23:07:50,716 [INFO] httpx: HTTP Request: POST http://test/api/v1/scenarios/ "HTTP/1.1 201 Created"
2026-09-22 23:07:50,722 [INFO] httpx: HTTP Request: PUT http://test/api/v1/scenarios/upd-case "HTTP/1.1 200 OK"
2026-09-22 23:07:50,926 [INFO] httpx: HTTP Request: POST http://test/api/v1/auth/register/admin "HTTP/1.1 201 Created"
2026-09-22 23:07:51,113 [INFO] httpx: HTTP Request: POST http://test/api/v1/auth/register/admin "HTTP/1.1 201 Created"
2026-09-22 23:07:51,119 [INFO] httpx: HTTP Request: POST http://test/api/v1/scenarios/ "HTTP/1.1 201 Created"
2026-09-22 23:07:51,122 [INFO] httpx: HTTP Request: PUT http://test/api/v1/scenarios/protected-case "HTTP/1.1 403 Forbidden"
2026-09-22 23:07:51,148 [INFO] httpx: HTTP Request: POST http://test/api/v1/negotiation/start "HTTP/1.1 200 OK"
2026-09-22 23:07:51,153 [INFO] httpx: HTTP Request: POST http://test/api/v1/negotiation/message "HTTP/1.1 200 OK"
2026-09-22 23:07:51,167 [INFO] httpx: HTTP Request: POST http://test/api/v1/negotiation/end?session_id=a4881d10-d13d-4b1e-aa66-8c0a888974a8 "HTTP/1.1 200 OK"
2026-09-22 23:07:51,194 [INFO] httpx: HTTP Request: POST http://test/api/v1/negotiation/start "HTTP/1.1 200 OK"
2026-09-22 23:07:51,200 [INFO] httpx: HTTP Request: POST http://test/api/v1/negotiation/message "HTTP/1.1 200 OK"
2026-09-22 23:07:51,213 [INFO] httpx: HTTP Request: POST http://test/api/v1/negotiation/end?session_id=fb60c2a8-ca96-491f-87e4-f98b207c733a "HTTP/1.1 200 OK"
2026-09-22 23:07:51,216 [INFO] httpx: HTTP Request: GET http://test/api/v1/negotiation/analysis/fb60c2a8-ca96-491f-87e4-f98b207c733a "HTTP/1.1 200 OK"
2026-09-22 23:07:51,239 [INFO] httpx: HTTP Request: POST http://test/api/v1/negotiation/start "HTTP/1.1 200 OK"
2026-09-22 23:07:51,245 [INFO] httpx: HTTP Request: POST http://test/api/v1/negotiation/message "HTTP/1.1 200 OK"
2026-09-22 23:07:51,256 [INFO] httpx: HTTP Request: POST http://test/api/v1/negotiation/end?session_id=8e6ab17e-9ee0-4fd2-91af-ff23d3dab317 "HTTP/1.1 200 OK"
2026-09-22 23:07:51,461 [INFO] httpx: HTTP Request: POST http://test/api/v1/auth/register "HTTP/1.1 201 Created"
2026-09-22 23:07:51,481 [INFO] httpx: HTTP Request: POST http://test/api/v1/auth/register "HTTP/1.1 422 Unprocessable Entity"
2026-09-22 23:07:51,504 [INFO] httpx: HTTP Request: POST http://test/api/v1/auth/register "HTTP/1.1 400 Bad Request"
2026-09-22 23:07:51,713 [INFO] httpx: HTTP Request: POST http://test/api/v1/auth/register "HTTP/1.1 201 Created"
2026-09-22 23:07:51,924 [INFO] httpx: HTTP Request: POST http://test/api/v1/auth/register "HTTP/1.1 201 Created"
2026-09-22 23:07:52,118 [INFO] httpx: HTTP Request: POST http://test/api/v1/auth/login "HTTP/1.1 200 OK"
2026-09-22 23:07:52,328 [INFO] httpx: HTTP Request: POST http://test/api/v1/auth/register "HTTP/1.1 201 Created"
2026-09-22 23:07:52,524 [INFO] httpx: HTTP Request: POST http://test/api/v1/auth/login "HTTP/1.1 401 Unauthorized"
2026-09-22 23:07:52,740 [INFO] httpx: HTTP Request: POST http://test/api/v1/auth/register "HTTP/1.1 201 Created"
2026-09-22 23:07:52,745 [INFO] httpx: HTTP Request: POST http://test/api/v1/auth/onboarding "HTTP/1.1 200 OK"
2026-09-22 23:07:52,948 [INFO] httpx: HTTP Request: POST http://test/api/v1/auth/register "HTTP/1.1 201 Created"
2026-09-22 23:07:52,951 [INFO] httpx: HTTP Request: POST http://test/api/v1/auth/onboarding "HTTP/1.1 400 Bad Request"
2026-09-22 23:07:53,158 [INFO] httpx: HTTP Request: POST http://test/api/v1/auth/register "HTTP/1.1 201 Created"
2026-09-22 23:07:53,161 [INFO] httpx: HTTP Request: POST http://test/api/v1/auth/onboarding "HTTP/1.1 422 Unprocessable Entity"
2026-09-22 23:07:53,363 [INFO] httpx: HTTP Request: POST http://test/api/v1/auth/register/admin "HTTP/1.1 201 Created"
2026-09-22 23:07:53,380 [INFO] httpx: HTTP Request: POST http://test/api/v1/auth/register/admin "HTTP/1.1 422 Unprocessable Entity"
2026-09-22 23:07:53,402 [INFO] httpx: HTTP Request: POST http://test/api/v1/auth/register/admin "HTTP/1.1 400 Bad Request"
2026-09-22 23:07:53,605 [INFO] httpx: HTTP Request: POST http://test/api/v1/auth/register/admin "HTTP/1.1 201 Created"
2026-09-22 23:07:53,795 [INFO] httpx: HTTP Request: POST http://test/api/v1/auth/login/admin "HTTP/1.1 200 OK"
2026-09-22 23:07:54,007 [INFO] httpx: HTTP Request: POST http://test/api/v1/auth/register "HTTP/1.1 201 Created"
2026-09-22 23:07:54,197 [INFO] httpx: HTTP Request: POST http://test/api/v1/auth/login/admin "HTTP/1.1 403 Forbidden"
2026-09-22 23:07:54,403 [INFO] httpx: HTTP Request: POST http://test/api/v1/auth/register/admin "HTTP/1.1 201 Created"
2026-09-22 23:07:54,594 [INFO] httpx: HTTP Request: POST http://test/api/v1/auth/login/admin "HTTP/1.1 401 Unauthorized"
2026-09-22 23:07:54,819 [INFO] httpx: HTTP Request: POST http://test/api/v1/auth/register "HTTP/1.1 201 Created"
2026-09-22 23:07:54,822 [INFO] httpx: HTTP Request: GET http://test/api/v1/auth/me "HTTP/1.1 200 OK"
2026-09-22 23:07:54,842 [INFO] httpx: HTTP Request: GET http://test/api/v1/auth/me "HTTP/1.1 401 Unauthorized"
2026-09-22 23:07:55,058 [INFO] httpx: HTTP Request: POST http://test/api/v1/auth/register/admin "HTTP/1.1 201 Created"
2026-09-22 23:07:55,060 [INFO] httpx: HTTP Request: GET http://test/api/v1/auth/me "HTTP/1.1 403 Forbidden"
2026-09-22 23:07:55,272 [INFO] httpx: HTTP Request: POST http://test/api/v1/auth/register/admin "HTTP/1.1 201 Created"
2026-09-22 23:07:55,275 [INFO] httpx: HTTP Request: POST http://test/api/v1/auth/onboarding "HTTP/1.1 403 Forbidden"
2026-09-22 23:07:55,301 [INFO] httpx: HTTP Request: GET http://test/api/v1/auth/me "HTTP/1.1 200 OK"
2026-09-22 23:07:55,512 [INFO] httpx: HTTP Request: POST http://test/api/v1/auth/register "HTTP/1.1 201 Created"
2026-09-22 23:07:55,515 [INFO] httpx: HTTP Request: GET http://test/api/v1/auth/me "HTTP/1.1 200 OK"
2026-09-22 23:07:55,548 [INFO] httpx: HTTP Request: GET http://test/api/v1/negotiation/briefing/scenario-1 "HTTP/1.1 200 OK"
2026-09-22 23:07:55,570 [INFO] httpx: HTTP Request: GET http://test/api/v1/negotiation/briefing/scenario-1 "HTTP/1.1 200 OK"
2026-09-22 23:07:55,592 [INFO] httpx: HTTP Request: GET http://test/api/v1/negotiation/briefing/ghost "HTTP/1.1 404 Not Found"
2026-09-22 23:07:55,611 [INFO] httpx: HTTP Request: GET http://test/api/v1/negotiation/briefing/scenario-1 "HTTP/1.1 401 Unauthorized"
2026-09-22 23:07:55,822 [INFO] httpx: HTTP Request: POST http://test/api/v1/auth/register/admin "HTTP/1.1 201 Created"
2026-09-22 23:07:55,825 [INFO] httpx: HTTP Request: GET http://test/api/v1/negotiation/briefing/scenario-1 "HTTP/1.1 403 Forbidden"
2026-09-22 23:07:55,844 [INFO] httpx: HTTP Request: POST http://test/api/v1/auth/register "HTTP/1.1 400 Bad Request"
2026-09-22 23:07:56,088 [INFO] httpx: HTTP Request: POST http://test/api/v1/auth/register "HTTP/1.1 201 Created"
2026-09-22 23:07:56,297 [INFO] httpx: HTTP Request: POST http://test/api/v1/auth/register "HTTP/1.1 201 Created"
2026-09-22 23:07:56,501 [INFO] httpx: HTTP Request: POST http://test/api/v1/auth/register "HTTP/1.1 201 Created"
2026-09-22 23:07:56,503 [INFO] httpx: HTTP Request: GET http://test/api/v1/auth/me "HTTP/1.1 200 OK"
2026-09-22 23:07:56,519 [INFO] httpx: HTTP Request: POST http://test/api/v1/auth/register/admin "HTTP/1.1 400 Bad Request"
2026-09-22 23:07:56,723 [INFO] httpx: HTTP Request: POST http://test/api/v1/auth/register/admin "HTTP/1.1 201 Created"
2026-09-22 23:07:56,728 [INFO] httpx: HTTP Request: POST http://test/api/v1/scenarios/ "HTTP/1.1 201 Created"
2026-09-22 23:07:56,734 [INFO] httpx: HTTP Request: DELETE http://test/api/v1/scenarios/to-delete "HTTP/1.1 204 No Content"
2026-09-22 23:07:56,737 [INFO] httpx: HTTP Request: GET http://test/api/v1/scenarios/to-delete "HTTP/1.1 404 Not Found"
2026-09-22 23:07:56,947 [INFO] httpx: HTTP Request: POST http://test/api/v1/auth/register/admin "HTTP/1.1 201 Created"
2026-09-22 23:07:57,140 [INFO] httpx: HTTP Request: POST http://test/api/v1/auth/register/admin "HTTP/1.1 201 Created"
2026-09-22 23:07:57,146 [INFO] httpx: HTTP Request: POST http://test/api/v1/scenarios/ "HTTP/1.1 201 Created"
2026-09-22 23:07:57,148 [INFO] httpx: HTTP Request: DELETE http://test/api/v1/scenarios/protected-del "HTTP/1.1 403 Forbidden"
2026-09-22 23:07:57,353 [INFO] httpx: HTTP Request: POST http://test/api/v1/auth/register/admin "HTTP/1.1 201 Created"
2026-09-22 23:07:57,358 [INFO] httpx: HTTP Request: DELETE http://test/api/v1/scenarios/ghost "HTTP/1.1 404 Not Found"
2026-09-22 23:07:57,567 [INFO] httpx: HTTP Request: POST http://test/api/v1/auth/register/admin "HTTP/1.1 201 Created"
2026-09-22 23:07:57,572 [INFO] httpx: HTTP Request: POST http://test/api/v1/scenarios/ "HTTP/1.1 201 Created"
2026-09-22 23:07:57,578 [INFO] httpx: HTTP Request: POST http://test/api/v1/negotiation/start "HTTP/1.1 200 OK"
2026-09-22 23:07:57,582 [INFO] httpx: HTTP Request: DELETE http://test/api/v1/scenarios/detach-case "HTTP/1.1 204 No Content"
2026-09-22 23:07:57,586 [INFO] httpx: HTTP Request: GET http://test/api/v1/negotiation/sessions/user-1 "HTTP/1.1 200 OK"
2026-09-22 23:07:57,604 [INFO] httpx: HTTP Request: GET http://test/api/v1/health/ "HTTP/1.1 200 OK"
2026-09-22 23:07:57,624 [INFO] httpx: HTTP Request: GET http://test/ "HTTP/1.1 200 OK"
2026-09-22 23:07:57,641 [INFO] httpx: HTTP Request: GET http://test/api/v1/health/ "HTTP/1.1 200 OK"
2026-09-22 23:07:57,664 [INFO] httpx: HTTP Request: GET http://test/api/v1/negotiation/sessions/user-1 "HTTP/1.1 200 OK"
2026-09-22 23:07:57,688 [INFO] httpx: HTTP Request: POST http://test/api/v1/negotiation/start "HTTP/1.1 200 OK"
2026-09-22 23:07:57,692 [INFO] httpx: HTTP Request: GET http://test/api/v1/negotiation/sessions/user-1 "HTTP/1.1 200 OK"
2026-09-22 23:07:57,718 [INFO] httpx: HTTP Request: POST http://test/api/v1/negotiation/start "HTTP/1.1 200 OK"
2026-09-22 23:07:57,723 [INFO] httpx: HTTP Request: POST http://test/api/v1/negotiation/message "HTTP/1.1 200 OK"
2026-09-22 23:07:57,727 [INFO] httpx: HTTP Request: GET http://test/api/v1/negotiation/sessions/6be805c9-b794-47ff-8f97-4bf3c527fdd4/messages "HTTP/1.1 200 OK"
2026-09-22 23:07:57,756 [INFO] httpx: HTTP Request: POST http://test/api/v1/negotiation/start "HTTP/1.1 200 OK"
2026-09-22 23:07:57,761 [INFO] httpx: HTTP Request: POST http://test/api/v1/negotiation/c70a22c8-6685-4f33-8fed-5f6cfcbf0c3c/interrupt "HTTP/1.1 200 OK"
2026-09-22 23:07:57,790 [INFO] httpx: HTTP Request: POST http://test/api/v1/negotiation/start "HTTP/1.1 200 OK"
2026-09-22 23:07:57,795 [INFO] httpx: HTTP Request: POST http://test/api/v1/negotiation/32345368-c18c-4cb4-9ff7-f3aff501be78/interrupt "HTTP/1.1 200 OK"
2026-09-22 23:07:57,798 [INFO] httpx: HTTP Request: POST http://test/api/v1/negotiation/32345368-c18c-4cb4-9ff7-f3aff501be78/interrupt "HTTP/1.1 200 OK"
2026-09-22 23:07:57,825 [INFO] httpx: HTTP Request: POST http://test/api/v1/negotiation/start "HTTP/1.1 200 OK"
2026-09-22 23:07:57,831 [INFO] httpx: HTTP Request: POST http://test/api/v1/negotiation/message "HTTP/1.1 200 OK"
2026-09-22 23:07:57,843 [INFO] httpx: HTTP Request: POST http://test/api/v1/negotiation/end?session_id=44deb880-e89f-4264-85bb-b0d42bebb193 "HTTP/1.1 200 OK"
2026-09-22 23:07:57,846 [INFO] httpx: HTTP Request: POST http://test/api/v1/negotiation/44deb880-e89f-4264-85bb-b0d42bebb193/interrupt "HTTP/1.1 400 Bad Request"
2026-09-22 23:07:57,869 [INFO] httpx: HTTP Request: POST http://test/api/v1/negotiation/ghost-session/interrupt "HTTP/1.1 404 Not Found"
2026-09-22 23:07:57,895 [INFO] httpx: HTTP Request: POST http://test/api/v1/negotiation/start "HTTP/1.1 200 OK"
2026-09-22 23:07:57,900 [INFO] httpx: HTTP Request: POST http://test/api/v1/negotiation/e6cfddbf-08be-44a2-9aa7-23b1ffd6e1b7/interrupt "HTTP/1.1 200 OK"
2026-09-22 23:07:57,903 [INFO] httpx: HTTP Request: POST http://test/api/v1/negotiation/message "HTTP/1.1 400 Bad Request"
2026-09-22 23:07:57,930 [INFO] httpx: HTTP Request: POST http://test/api/v1/negotiation/start "HTTP/1.1 200 OK"
2026-09-22 23:07:57,935 [INFO] httpx: HTTP Request: POST http://test/api/v1/negotiation/d05a3286-69a8-49a7-9d42-0780e9fe2442/interrupt "HTTP/1.1 200 OK"
2026-09-22 23:07:57,937 [INFO] httpx: HTTP Request: POST http://test/api/v1/negotiation/end?session_id=d05a3286-69a8-49a7-9d42-0780e9fe2442 "HTTP/1.1 400 Bad Request"
2026-09-22 23:07:57,960 [INFO] httpx: HTTP Request: GET http://test/api/v1/users/user-1/interrupted-session "HTTP/1.1 200 OK"
2026-09-22 23:07:57,987 [INFO] httpx: HTTP Request: POST http://test/api/v1/negotiation/start "HTTP/1.1 200 OK"
2026-09-22 23:07:57,992 [INFO] httpx: HTTP Request: POST http://test/api/v1/negotiation/start "HTTP/1.1 200 OK"
2026-09-22 23:07:57,996 [INFO] httpx: HTTP Request: POST http://test/api/v1/negotiation/0bf92286-4b4e-4a5e-ac7e-88f44b8340ca/interrupt "HTTP/1.1 200 OK"
2026-09-22 23:07:58,000 [INFO] httpx: HTTP Request: POST http://test/api/v1/negotiation/3f72c510-12c7-4290-8609-8bd69efc0583/interrupt "HTTP/1.1 200 OK"
2026-09-22 23:07:58,006 [INFO] httpx: HTTP Request: GET http://test/api/v1/users/user-1/interrupted-session "HTTP/1.1 200 OK"
2026-09-22 23:07:58,025 [INFO] httpx: HTTP Request: GET http://test/api/v1/users/user-1/interrupted-session "HTTP/1.1 401 Unauthorized"
2026-09-22 23:07:58,233 [INFO] httpx: HTTP Request: POST http://test/api/v1/auth/register/admin "HTTP/1.1 201 Created"
2026-09-22 23:07:58,240 [INFO] httpx: HTTP Request: POST http://test/api/v1/scenarios/ "HTTP/1.1 201 Created"
2026-09-22 23:07:58,244 [INFO] httpx: HTTP Request: POST http://test/api/v1/scenarios/prev-case/publish "HTTP/1.1 200 OK"
2026-09-22 23:07:58,246 [INFO] httpx: HTTP Request: GET http://test/api/v1/invite/cxLKR2UB5F-wr6to "HTTP/1.1 200 OK"
2026-09-22 23:07:58,266 [INFO] httpx: HTTP Request: GET http://test/api/v1/invite/nonexistent-code-xyz "HTTP/1.1 404 Not Found"
2026-09-22 23:07:58,472 [INFO] httpx: HTTP Request: POST http://test/api/v1/auth/register/admin "HTTP/1.1 201 Created"
2026-09-22 23:07:58,478 [INFO] httpx: HTTP Request: POST http://test/api/v1/scenarios/ "HTTP/1.1 201 Created"
2026-09-22 23:07:58,483 [INFO] httpx: HTTP Request: POST http://test/api/v1/scenarios/arch-prev-case/publish "HTTP/1.1 200 OK"
2026-09-22 23:07:58,486 [INFO] httpx: HTTP Request: POST http://test/api/v1/scenarios/arch-prev-case/archive "HTTP/1.1 200 OK"
2026-09-22 23:07:58,489 [INFO] httpx: HTTP Request: GET http://test/api/v1/invite/qOKcomt1SBloA6rP "HTTP/1.1 410 Gone"
2026-09-22 23:07:58,698 [INFO] httpx: HTTP Request: POST http://test/api/v1/auth/register/admin "HTTP/1.1 201 Created"
2026-09-22 23:07:58,705 [INFO] httpx: HTTP Request: POST http://test/api/v1/scenarios/ "HTTP/1.1 201 Created"
2026-09-22 23:07:58,710 [INFO] httpx: HTTP Request: POST http://test/api/v1/scenarios/accept-case/publish "HTTP/1.1 200 OK"
2026-09-22 23:07:58,716 [INFO] httpx: HTTP Request: POST http://test/api/v1/invite/mBlUWP0G4dFSIXgD "HTTP/1.1 200 OK"
2026-09-22 23:07:58,935 [INFO] httpx: HTTP Request: POST http://test/api/v1/auth/register/admin "HTTP/1.1 201 Created"
2026-09-22 23:07:58,941 [INFO] httpx: HTTP Request: POST http://test/api/v1/scenarios/ "HTTP/1.1 201 Created"
2026-09-22 23:07:58,947 [INFO] httpx: HTTP Request: POST http://test/api/v1/scenarios/idem-case/publish "HTTP/1.1 200 OK"
2026-09-22 23:07:58,953 [INFO] httpx: HTTP Request: POST http://test/api/v1/invite/wi5fJMxp8jXpG-6x "HTTP/1.1 200 OK"
2026-09-22 23:07:58,957 [INFO] httpx: HTTP Request: POST http://test/api/v1/invite/wi5fJMxp8jXpG-6x "HTTP/1.1 200 OK"
2026-09-22 23:07:59,173 [INFO] httpx: HTTP Request: POST http://test/api/v1/auth/register/admin "HTTP/1.1 201 Created"
2026-09-22 23:07:59,180 [INFO] httpx: HTTP Request: POST http://test/api/v1/scenarios/ "HTTP/1.1 201 Created"
2026-09-22 23:07:59,184 [INFO] httpx: HTTP Request: POST http://test/api/v1/scenarios/noauth-case/publish "HTTP/1.1 200 OK"
2026-09-22 23:07:59,186 [INFO] httpx: HTTP Request: POST http://test/api/v1/invite/ETZVLjrJ_lHaqWCR "HTTP/1.1 401 Unauthorized"
2026-09-22 23:07:59,397 [INFO] httpx: HTTP Request: POST http://test/api/v1/auth/register/admin "HTTP/1.1 201 Created"
2026-09-22 23:07:59,586 [INFO] httpx: HTTP Request: POST http://test/api/v1/auth/register/admin "HTTP/1.1 201 Created"
2026-09-22 23:07:59,594 [INFO] httpx: HTTP Request: POST http://test/api/v1/scenarios/ "HTTP/1.1 201 Created"
2026-09-22 23:07:59,598 [INFO] httpx: HTTP Request: POST http://test/api/v1/scenarios/admin-inv-case/publish "HTTP/1.1 200 OK"
2026-09-22 23:07:59,600 [INFO] httpx: HTTP Request: POST http://test/api/v1/invite/6biFPqkq3hPhyOAT "HTTP/1.1 403 Forbidden"
2026-09-22 23:07:59,623 [INFO] httpx: HTTP Request: GET http://test/api/v1/users/user-1/added-cases "HTTP/1.1 200 OK"
2026-09-22 23:07:59,836 [INFO] httpx: HTTP Request: POST http://test/api/v1/auth/register/admin "HTTP/1.1 201 Created"
2026-09-22 23:07:59,842 [INFO] httpx: HTTP Request: POST http://test/api/v1/scenarios/ "HTTP/1.1 201 Created"
2026-09-22 23:07:59,846 [INFO] httpx: HTTP Request: POST http://test/api/v1/scenarios/list-add-case/publish "HTTP/1.1 200 OK"
2026-09-22 23:07:59,851 [INFO] httpx: HTTP Request: POST http://test/api/v1/invite/30NFunSrFXhTLcyi "HTTP/1.1 200 OK"
2026-09-22 23:07:59,855 [INFO] httpx: HTTP Request: GET http://test/api/v1/users/user-1/added-cases "HTTP/1.1 200 OK"
2026-09-22 23:08:00,071 [INFO] httpx: HTTP Request: POST http://test/api/v1/auth/register "HTTP/1.1 201 Created"
2026-09-22 23:08:00,080 [INFO] httpx: HTTP Request: POST http://test/api/v1/negotiation/start "HTTP/1.1 200 OK"
2026-09-22 23:08:00,289 [INFO] httpx: HTTP Request: POST http://test/api/v1/auth/register "HTTP/1.1 201 Created"
2026-09-22 23:08:00,294 [INFO] httpx: HTTP Request: POST http://test/api/v1/negotiation/start "HTTP/1.1 404 Not Found"
2026-09-22 23:08:00,506 [INFO] httpx: HTTP Request: POST http://test/api/v1/auth/register "HTTP/1.1 201 Created"
2026-09-22 23:08:00,516 [INFO] httpx: HTTP Request: POST http://test/api/v1/negotiation/start "HTTP/1.1 200 OK"
2026-09-22 23:08:00,523 [INFO] httpx: HTTP Request: POST http://test/api/v1/negotiation/message "HTTP/1.1 200 OK"
2026-09-22 23:08:00,732 [INFO] httpx: HTTP Request: POST http://test/api/v1/auth/register "HTTP/1.1 201 Created"
2026-09-22 23:08:00,737 [INFO] httpx: HTTP Request: POST http://test/api/v1/negotiation/message "HTTP/1.1 404 Not Found"
2026-09-22 23:08:00,947 [INFO] httpx: HTTP Request: POST http://test/api/v1/auth/register "HTTP/1.1 201 Created"
2026-09-22 23:08:00,955 [INFO] httpx: HTTP Request: POST http://test/api/v1/negotiation/start "HTTP/1.1 200 OK"
2026-09-22 23:08:00,961 [INFO] httpx: HTTP Request: POST http://test/api/v1/negotiation/message "HTTP/1.1 200 OK"
2026-09-22 23:08:00,974 [INFO] httpx: HTTP Request: POST http://test/api/v1/negotiation/end?session_id=d1888c1d-4516-4b49-9ee6-87e2c48d133d "HTTP/1.1 200 OK"
2026-09-22 23:08:01,186 [INFO] httpx: HTTP Request: POST http://test/api/v1/auth/register "HTTP/1.1 201 Created"
2026-09-22 23:08:01,194 [INFO] httpx: HTTP Request: POST http://test/api/v1/negotiation/start "HTTP/1.1 200 OK"
2026-09-22 23:08:01,200 [INFO] httpx: HTTP Request: POST http://test/api/v1/negotiation/message "HTTP/1.1 200 OK"
2026-09-22 23:08:01,212 [INFO] httpx: HTTP Request: POST http://test/api/v1/negotiation/end?session_id=f69c8897-6a14-4710-a7d7-7776813b8e05 "HTTP/1.1 200 OK"
2026-09-22 23:08:01,215 [INFO] httpx: HTTP Request: GET http://test/api/v1/negotiation/analysis/f69c8897-6a14-4710-a7d7-7776813b8e05 "HTTP/1.1 200 OK"
2026-09-22 23:08:01,426 [INFO] httpx: HTTP Request: POST http://test/api/v1/auth/register "HTTP/1.1 201 Created"
2026-09-22 23:08:01,435 [INFO] httpx: HTTP Request: POST http://test/api/v1/negotiation/start "HTTP/1.1 200 OK"
2026-09-22 23:08:01,440 [INFO] httpx: HTTP Request: POST http://test/api/v1/negotiation/message "HTTP/1.1 200 OK"
2026-09-22 23:08:01,453 [INFO] httpx: HTTP Request: POST http://test/api/v1/negotiation/end?session_id=962dc8d4-d261-41f4-95b7-4476f077347d "HTTP/1.1 200 OK"
2026-09-22 23:08:01,456 [INFO] httpx: HTTP Request: POST http://test/api/v1/negotiation/message "HTTP/1.1 400 Bad Request"
2026-09-22 23:08:01,669 [INFO] httpx: HTTP Request: POST http://test/api/v1/auth/register/admin "HTTP/1.1 201 Created"
2026-09-22 23:08:01,671 [INFO] httpx: HTTP Request: POST http://test/api/v1/negotiation/start "HTTP/1.1 403 Forbidden"
2026-09-22 23:08:01,691 [INFO] httpx: HTTP Request: POST http://test/api/v1/negotiation/start "HTTP/1.1 401 Unauthorized"
2026-09-22 23:08:01,902 [INFO] httpx: HTTP Request: POST http://test/api/v1/auth/register "HTTP/1.1 201 Created"
2026-09-22 23:08:01,910 [INFO] httpx: HTTP Request: POST http://test/api/v1/negotiation/start "HTTP/1.1 200 OK"
2026-09-22 23:08:01,916 [INFO] httpx: HTTP Request: POST http://test/api/v1/negotiation/message "HTTP/1.1 200 OK"
2026-09-22 23:08:01,928 [INFO] httpx: HTTP Request: POST http://test/api/v1/negotiation/end?session_id=33e34c5a-6540-44df-a639-6f48f8986454 "HTTP/1.1 200 OK"
2026-09-22 23:08:01,931 [INFO] httpx: HTTP Request: GET http://test/api/v1/negotiation/analysis/33e34c5a-6540-44df-a639-6f48f8986454 "HTTP/1.1 403 Forbidden"
2026-09-22 23:08:02,185 [INFO] httpx: HTTP Request: POST http://test/api/v1/auth/register "HTTP/1.1 201 Created"
2026-09-22 23:08:02,191 [INFO] httpx: HTTP Request: POST http://test/api/v1/negotiation/start "HTTP/1.1 200 OK"
2026-09-22 23:08:02,195 [INFO] httpx: HTTP Request: POST http://test/api/v1/negotiation/message "HTTP/1.1 403 Forbidden"
2026-09-22 23:08:02,405 [INFO] httpx: HTTP Request: POST http://test/api/v1/auth/register "HTTP/1.1 201 Created"
2026-09-22 23:08:02,413 [INFO] httpx: HTTP Request: POST http://test/api/v1/negotiation/start "HTTP/1.1 200 OK"
2026-09-22 23:08:02,418 [INFO] httpx: HTTP Request: POST http://test/api/v1/negotiation/c53213d2-a0db-43aa-be2d-6683d648ba18/interrupt "HTTP/1.1 403 Forbidden"
2026-09-22 23:08:02,625 [INFO] httpx: HTTP Request: POST http://test/api/v1/auth/register "HTTP/1.1 201 Created"
2026-09-22 23:08:02,632 [INFO] httpx: HTTP Request: POST http://test/api/v1/negotiation/start "HTTP/1.1 200 OK"
2026-09-22 23:08:02,635 [INFO] httpx: HTTP Request: POST http://test/api/v1/negotiation/end?session_id=bd27c977-0b56-48b7-8519-83f7373fb1e8 "HTTP/1.1 403 Forbidden"
2026-09-22 23:08:02,844 [INFO] httpx: HTTP Request: POST http://test/api/v1/auth/register "HTTP/1.1 201 Created"
2026-09-22 23:08:02,848 [INFO] httpx: HTTP Request: GET http://test/api/v1/negotiation/sessions/user-1 "HTTP/1.1 403 Forbidden"
2026-09-22 23:08:03,056 [INFO] httpx: HTTP Request: POST http://test/api/v1/auth/register "HTTP/1.1 201 Created"
2026-09-22 23:08:03,060 [INFO] httpx: HTTP Request: GET http://test/api/v1/users/user-1/skills "HTTP/1.1 403 Forbidden"
2026-09-22 23:08:03,271 [INFO] httpx: HTTP Request: POST http://test/api/v1/auth/register "HTTP/1.1 201 Created"
2026-09-22 23:08:03,274 [INFO] httpx: HTTP Request: GET http://test/api/v1/users/user-1/recommendations "HTTP/1.1 403 Forbidden"
2026-09-22 23:08:03,485 [INFO] httpx: HTTP Request: POST http://test/api/v1/auth/register "HTTP/1.1 201 Created"
2026-09-22 23:08:03,489 [INFO] httpx: HTTP Request: GET http://test/api/v1/negotiation/progress/user-1 "HTTP/1.1 403 Forbidden"
2026-09-22 23:08:03,506 [INFO] httpx: HTTP Request: POST http://test/api/v1/auth/register "HTTP/1.1 422 Unprocessable Entity"
2026-09-22 23:08:03,523 [INFO] httpx: HTTP Request: POST http://test/api/v1/auth/register "HTTP/1.1 422 Unprocessable Entity"
2026-09-22 23:08:03,538 [INFO] httpx: HTTP Request: POST http://test/api/v1/auth/register "HTTP/1.1 422 Unprocessable Entity"
2026-09-22 23:08:03,557 [INFO] httpx: HTTP Request: POST http://test/api/v1/auth/register "HTTP/1.1 422 Unprocessable Entity"
2026-09-22 23:08:03,762 [INFO] httpx: HTTP Request: POST http://test/api/v1/auth/register "HTTP/1.1 201 Created"
2026-09-22 23:08:03,968 [INFO] httpx: HTTP Request: POST http://test/api/v1/auth/register "HTTP/1.1 201 Created"
2026-09-22 23:08:04,175 [INFO] httpx: HTTP Request: POST http://test/api/v1/auth/register "HTTP/1.1 201 Created"
2026-09-22 23:08:04,192 [INFO] httpx: HTTP Request: POST http://test/api/v1/auth/register/admin "HTTP/1.1 422 Unprocessable Entity"
2026-09-22 23:08:04,398 [INFO] httpx: HTTP Request: POST http://test/api/v1/auth/register/admin "HTTP/1.1 201 Created"
2026-09-22 23:08:04,420 [INFO] httpx: HTTP Request: GET http://test/api/v1/negotiation/progress/user-1 "HTTP/1.1 200 OK"
2026-09-22 23:08:04,446 [INFO] httpx: HTTP Request: POST http://test/api/v1/negotiation/start "HTTP/1.1 200 OK"
2026-09-22 23:08:04,452 [INFO] httpx: HTTP Request: POST http://test/api/v1/negotiation/message "HTTP/1.1 200 OK"
2026-09-22 23:08:04,463 [INFO] httpx: HTTP Request: POST http://test/api/v1/negotiation/end?session_id=c6367fe0-37da-44c8-8df1-39f022de9ede "HTTP/1.1 200 OK"
2026-09-22 23:08:04,467 [INFO] httpx: HTTP Request: GET http://test/api/v1/negotiation/progress/user-1 "HTTP/1.1 200 OK"
2026-09-22 23:08:04,492 [INFO] httpx: HTTP Request: POST http://test/api/v1/negotiation/start "HTTP/1.1 200 OK"
2026-09-22 23:08:04,498 [INFO] httpx: HTTP Request: POST http://test/api/v1/negotiation/message "HTTP/1.1 200 OK"
2026-09-22 23:08:04,508 [INFO] httpx: HTTP Request: POST http://test/api/v1/negotiation/end?session_id=bd47ca2b-665b-432b-9367-6bd9feea47e1 "HTTP/1.1 200 OK"
2026-09-22 23:08:04,513 [INFO] httpx: HTTP Request: POST http://test/api/v1/negotiation/start "HTTP/1.1 200 OK"
2026-09-22 23:08:04,519 [INFO] httpx: HTTP Request: POST http://test/api/v1/negotiation/message "HTTP/1.1 200 OK"
2026-09-22 23:08:04,529 [INFO] httpx: HTTP Request: POST http://test/api/v1/negotiation/end?session_id=079b70b4-db43-4c16-bade-ef21caba5d4a "HTTP/1.1 200 OK"
2026-09-22 23:08:04,532 [INFO] httpx: HTTP Request: GET http://test/api/v1/negotiation/progress/user-1 "HTTP/1.1 200 OK"
2026-09-22 23:08:04,551 [INFO] httpx: HTTP Request: GET http://test/api/v1/negotiation/progress/user-1 "HTTP/1.1 401 Unauthorized"
2026-09-22 23:08:04,760 [INFO] httpx: HTTP Request: POST http://test/api/v1/auth/register/admin "HTTP/1.1 201 Created"
2026-09-22 23:08:04,762 [INFO] httpx: HTTP Request: GET http://test/api/v1/negotiation/progress/user-1 "HTTP/1.1 403 Forbidden"
2026-09-22 23:08:04,781 [INFO] httpx: HTTP Request: GET http://test/api/v1/scenarios/ "HTTP/1.1 200 OK"
2026-09-22 23:08:04,802 [INFO] httpx: HTTP Request: GET http://test/api/v1/scenarios/ "HTTP/1.1 200 OK"
2026-09-22 23:08:04,826 [INFO] httpx: HTTP Request: GET http://test/api/v1/scenarios/scenario-1 "HTTP/1.1 200 OK"
2026-09-22 23:08:04,844 [INFO] httpx: HTTP Request: GET http://test/api/v1/scenarios/nonexistent "HTTP/1.1 404 Not Found"
2026-09-22 23:08:04,976 [INFO] httpx: HTTP Request: POST http://test/api/v1/negotiation/start "HTTP/1.1 200 OK"
2026-09-22 23:08:04,981 [INFO] httpx: HTTP Request: POST http://test/api/v1/negotiation/message "HTTP/1.1 200 OK"
2026-09-22 23:08:04,994 [INFO] httpx: HTTP Request: POST http://test/api/v1/negotiation/end?session_id=07512a67-f6df-472f-9cd8-3ef3a9f279fe "HTTP/1.1 200 OK"
2026-09-22 23:08:04,997 [INFO] httpx: HTTP Request: GET http://test/api/v1/users/user-1/skills "HTTP/1.1 200 OK"
2026-09-22 23:08:05,018 [INFO] httpx: HTTP Request: GET http://test/api/v1/users/user-1/skills "HTTP/1.1 200 OK"
2026-09-22 23:08:05,037 [INFO] httpx: HTTP Request: GET http://test/api/v1/users/user-1/skills "HTTP/1.1 401 Unauthorized"
2026-09-22 23:08:05,249 [INFO] httpx: HTTP Request: POST http://test/api/v1/auth/register/admin "HTTP/1.1 201 Created"
2026-09-22 23:08:05,252 [INFO] httpx: HTTP Request: GET http://test/api/v1/users/user-1/skills "HTTP/1.1 403 Forbidden"
2026-09-22 23:08:05,278 [INFO] httpx: HTTP Request: POST http://test/api/v1/negotiation/start "HTTP/1.1 200 OK"
2026-09-22 23:08:05,283 [INFO] httpx: HTTP Request: POST http://test/api/v1/negotiation/message "HTTP/1.1 200 OK"
2026-09-22 23:08:05,288 [INFO] httpx: HTTP Request: POST http://test/api/v1/negotiation/message "HTTP/1.1 200 OK"
2026-09-22 23:08:05,293 [INFO] httpx: HTTP Request: POST http://test/api/v1/negotiation/message "HTTP/1.1 200 OK"
2026-09-22 23:08:05,305 [INFO] httpx: HTTP Request: POST http://test/api/v1/negotiation/end?session_id=c2d1f235-83c4-4e74-bed2-662998b69f28 "HTTP/1.1 200 OK"
2026-09-22 23:08:05,330 [INFO] httpx: HTTP Request: POST http://test/api/v1/negotiation/start "HTTP/1.1 200 OK"
2026-09-22 23:08:05,336 [INFO] httpx: HTTP Request: POST http://test/api/v1/negotiation/message "HTTP/1.1 200 OK"
2026-09-22 23:08:05,340 [INFO] httpx: HTTP Request: POST http://test/api/v1/negotiation/message "HTTP/1.1 200 OK"
2026-09-22 23:08:05,353 [INFO] httpx: HTTP Request: POST http://test/api/v1/negotiation/end?session_id=c4b08bd2-3138-49ae-bc93-d3bc487cca0e "HTTP/1.1 200 OK"
2026-09-22 23:08:05,382 [INFO] httpx: HTTP Request: POST http://test/api/v1/negotiation/start "HTTP/1.1 200 OK"
2026-09-22 23:08:05,388 [INFO] httpx: HTTP Request: POST http://test/api/v1/negotiation/message "HTTP/1.1 200 OK"
2026-09-22 23:08:05,393 [INFO] httpx: HTTP Request: POST http://test/api/v1/negotiation/message "HTTP/1.1 200 OK"
2026-09-22 23:08:05,397 [INFO] httpx: HTTP Request: POST http://test/api/v1/negotiation/message "HTTP/1.1 200 OK"
2026-09-22 23:08:05,410 [INFO] httpx: HTTP Request: POST http://test/api/v1/negotiation/end?session_id=611c3472-79f3-415e-baa4-42baf49f513f "HTTP/1.1 200 OK"
2026-09-22 23:08:05,412 [INFO] httpx: HTTP Request: GET http://test/api/v1/negotiation/analysis/611c3472-79f3-415e-baa4-42baf49f513f "HTTP/1.1 200 OK"
2026-09-22 23:08:05,438 [INFO] httpx: HTTP Request: POST http://test/api/v1/negotiation/start "HTTP/1.1 200 OK"
2026-09-22 23:08:05,444 [INFO] httpx: HTTP Request: POST http://test/api/v1/negotiation/message "HTTP/1.1 200 OK"
2026-09-22 23:08:05,456 [INFO] httpx: HTTP Request: POST http://test/api/v1/negotiation/end?session_id=e8fc2f15-7e0c-404a-ae02-85507f20941e "HTTP/1.1 200 OK"
2026-09-22 23:08:05,483 [INFO] httpx: HTTP Request: POST http://test/api/v1/negotiation/start "HTTP/1.1 200 OK"
2026-09-22 23:08:05,489 [INFO] httpx: HTTP Request: POST http://test/api/v1/negotiation/voice "HTTP/1.1 200 OK"
2026-09-22 23:08:05,514 [INFO] httpx: HTTP Request: POST http://test/api/v1/negotiation/voice "HTTP/1.1 404 Not Found"
2026-09-22 23:08:05,536 [INFO] httpx: HTTP Request: POST http://test/api/v1/negotiation/voice "HTTP/1.1 401 Unauthorized"
2026-09-22 23:08:05,747 [INFO] httpx: HTTP Request: POST http://test/api/v1/auth/register/admin "HTTP/1.1 201 Created"
2026-09-22 23:08:05,750 [INFO] httpx: HTTP Request: POST http://test/api/v1/negotiation/voice "HTTP/1.1 403 Forbidden"
2026-09-22 23:08:05,783 [INFO] httpx: HTTP Request: POST http://test/api/v1/negotiation/start "HTTP/1.1 200 OK"
2026-09-22 23:08:05,789 [INFO] httpx: HTTP Request: POST http://test/api/v1/negotiation/message "HTTP/1.1 200 OK"
2026-09-22 23:08:05,801 [INFO] httpx: HTTP Request: POST http://test/api/v1/negotiation/end?session_id=1032fc6d-c370-4928-b8bb-ff7551dac9fa "HTTP/1.1 200 OK"
2026-09-22 23:08:05,827 [INFO] httpx: HTTP Request: POST http://test/api/v1/negotiation/start "HTTP/1.1 200 OK"
2026-09-22 23:08:05,833 [INFO] httpx: HTTP Request: POST http://test/api/v1/negotiation/message "HTTP/1.1 200 OK"
2026-09-22 23:08:05,845 [INFO] httpx: HTTP Request: POST http://test/api/v1/negotiation/end?session_id=83c41a9f-23e9-4891-98e8-5ed169055e00 "HTTP/1.1 200 OK"
2026-09-22 23:08:05,846 [INFO] httpx: HTTP Request: GET http://test/api/v1/auth/me "HTTP/1.1 200 OK"
2026-09-22 23:10:45,671 [INFO] httpx: HTTP Request: POST http://test/api/v1/auth/register/admin "HTTP/1.1 201 Created"
2026-09-22 23:10:45,679 [INFO] httpx: HTTP Request: POST http://test/api/v1/scenarios/ "HTTP/1.1 201 Created"
2026-09-22 23:10:45,883 [INFO] httpx: HTTP Request: POST http://test/api/v1/auth/register "HTTP/1.1 201 Created"
2026-09-22 23:10:45,888 [INFO] httpx: HTTP Request: POST http://test/api/v1/scenarios/ "HTTP/1.1 403 Forbidden"
2026-09-22 23:10:46,091 [INFO] httpx: HTTP Request: POST http://test/api/v1/auth/register/admin "HTTP/1.1 201 Created"
2026-09-22 23:10:46,096 [INFO] httpx: HTTP Request: GET http://test/api/v1/scenarios/my "HTTP/1.1 200 OK"
2026-09-22 23:10:46,324 [INFO] httpx: HTTP Request: POST http://test/api/v1/auth/register/admin "HTTP/1.1 201 Created"
2026-09-22 23:10:46,511 [INFO] httpx: HTTP Request: POST http://test/api/v1/auth/register/admin "HTTP/1.1 201 Created"
2026-09-22 23:10:46,517 [INFO] httpx: HTTP Request: POST http://test/api/v1/scenarios/ "HTTP/1.1 201 Created"
2026-09-22 23:10:46,521 [INFO] httpx: HTTP Request: POST http://test/api/v1/scenarios/ "HTTP/1.1 201 Created"
2026-09-22 23:10:46,524 [INFO] httpx: HTTP Request: GET http://test/api/v1/scenarios/my "HTTP/1.1 200 OK"
2026-09-22 23:10:46,728 [INFO] httpx: HTTP Request: POST http://test/api/v1/auth/register/admin "HTTP/1.1 201 Created"
2026-09-22 23:10:46,733 [INFO] httpx: HTTP Request: POST http://test/api/v1/scenarios/ "HTTP/1.1 201 Created"
2026-09-22 23:10:46,738 [INFO] httpx: HTTP Request: POST http://test/api/v1/scenarios/pub-case/publish "HTTP/1.1 400 Bad Request"
2026-09-22 23:10:46,942 [INFO] httpx: HTTP Request: POST http://test/api/v1/auth/register/admin "HTTP/1.1 201 Created"
2026-09-22 23:10:46,948 [INFO] httpx: HTTP Request: POST http://test/api/v1/scenarios/ "HTTP/1.1 201 Created"
2026-09-22 23:10:46,952 [INFO] httpx: HTTP Request: POST http://test/api/v1/scenarios/ready-case/publish "HTTP/1.1 200 OK"
2026-09-22 23:10:47,158 [INFO] httpx: HTTP Request: POST http://test/api/v1/auth/register/admin "HTTP/1.1 201 Created"
2026-09-22 23:10:47,354 [INFO] httpx: HTTP Request: POST http://test/api/v1/auth/register/admin "HTTP/1.1 201 Created"
2026-09-22 23:10:47,361 [INFO] httpx: HTTP Request: POST http://test/api/v1/scenarios/ "HTTP/1.1 201 Created"
2026-09-22 23:10:47,365 [INFO] httpx: HTTP Request: POST http://test/api/v1/scenarios/owner-case/publish "HTTP/1.1 403 Forbidden"
2026-09-22 23:10:47,576 [INFO] httpx: HTTP Request: POST http://test/api/v1/auth/register/admin "HTTP/1.1 201 Created"
2026-09-22 23:10:47,583 [INFO] httpx: HTTP Request: POST http://test/api/v1/scenarios/ "HTTP/1.1 201 Created"
2026-09-22 23:10:47,588 [INFO] httpx: HTTP Request: POST http://test/api/v1/scenarios/arch-case/publish "HTTP/1.1 200 OK"
2026-09-22 23:10:47,592 [INFO] httpx: HTTP Request: POST http://test/api/v1/scenarios/arch-case/archive "HTTP/1.1 200 OK"
2026-09-22 23:10:47,803 [INFO] httpx: HTTP Request: POST http://test/api/v1/auth/register/admin "HTTP/1.1 201 Created"
2026-09-22 23:10:47,809 [INFO] httpx: HTTP Request: POST http://test/api/v1/scenarios/ "HTTP/1.1 201 Created"
2026-09-22 23:10:47,813 [INFO] httpx: HTTP Request: POST http://test/api/v1/scenarios/hidden-case/publish "HTTP/1.1 200 OK"
2026-09-22 23:10:47,817 [INFO] httpx: HTTP Request: GET http://test/api/v1/scenarios/ "HTTP/1.1 200 OK"
2026-09-22 23:10:48,031 [INFO] httpx: HTTP Request: POST http://test/api/v1/auth/register/admin "HTTP/1.1 201 Created"
2026-09-22 23:10:48,039 [INFO] httpx: HTTP Request: POST http://test/api/v1/scenarios/ "HTTP/1.1 201 Created"
2026-09-22 23:10:48,044 [INFO] httpx: HTTP Request: PUT http://test/api/v1/scenarios/upd-case "HTTP/1.1 200 OK"
2026-09-22 23:10:48,252 [INFO] httpx: HTTP Request: POST http://test/api/v1/auth/register/admin "HTTP/1.1 201 Created"
2026-09-22 23:10:48,446 [INFO] httpx: HTTP Request: POST http://test/api/v1/auth/register/admin "HTTP/1.1 201 Created"
2026-09-22 23:10:48,454 [INFO] httpx: HTTP Request: POST http://test/api/v1/scenarios/ "HTTP/1.1 201 Created"
2026-09-22 23:10:48,457 [INFO] httpx: HTTP Request: PUT http://test/api/v1/scenarios/protected-case "HTTP/1.1 403 Forbidden"
2026-09-22 23:10:48,487 [INFO] httpx: HTTP Request: POST http://test/api/v1/negotiation/start "HTTP/1.1 200 OK"
2026-09-22 23:10:48,493 [INFO] httpx: HTTP Request: POST http://test/api/v1/negotiation/message "HTTP/1.1 200 OK"
2026-09-22 23:10:48,508 [INFO] httpx: HTTP Request: POST http://test/api/v1/negotiation/end?session_id=a7cd7c39-188e-4ac9-b672-aa02bad8d4e4 "HTTP/1.1 200 OK"
2026-09-22 23:10:48,540 [INFO] httpx: HTTP Request: POST http://test/api/v1/negotiation/start "HTTP/1.1 200 OK"
2026-09-22 23:10:48,546 [INFO] httpx: HTTP Request: POST http://test/api/v1/negotiation/message "HTTP/1.1 200 OK"
2026-09-22 23:10:48,560 [INFO] httpx: HTTP Request: POST http://test/api/v1/negotiation/end?session_id=c2b532d5-b0f5-46af-9b17-ec4dc5f17af3 "HTTP/1.1 200 OK"
2026-09-22 23:10:48,563 [INFO] httpx: HTTP Request: GET http://test/api/v1/negotiation/analysis/c2b532d5-b0f5-46af-9b17-ec4dc5f17af3 "HTTP/1.1 200 OK"
2026-09-22 23:10:48,593 [INFO] httpx: HTTP Request: POST http://test/api/v1/negotiation/start "HTTP/1.1 200 OK"
2026-09-22 23:10:48,600 [INFO] httpx: HTTP Request: POST http://test/api/v1/negotiation/message "HTTP/1.1 200 OK"
2026-09-22 23:10:48,613 [INFO] httpx: HTTP Request: POST http://test/api/v1/negotiation/end?session_id=f640a0d9-0aec-4d56-8837-41fa70165b41 "HTTP/1.1 200 OK"
2026-09-22 23:10:48,825 [INFO] httpx: HTTP Request: POST http://test/api/v1/auth/register "HTTP/1.1 201 Created"
2026-09-22 23:10:48,844 [INFO] httpx: HTTP Request: POST http://test/api/v1/auth/register "HTTP/1.1 422 Unprocessable Entity"
2026-09-22 23:10:48,868 [INFO] httpx: HTTP Request: POST http://test/api/v1/auth/register "HTTP/1.1 400 Bad Request"
2026-09-22 23:10:49,076 [INFO] httpx: HTTP Request: POST http://test/api/v1/auth/register "HTTP/1.1 201 Created"
2026-09-22 23:10:49,284 [INFO] httpx: HTTP Request: POST http://test/api/v1/auth/register "HTTP/1.1 201 Created"
2026-09-22 23:10:49,476 [INFO] httpx: HTTP Request: POST http://test/api/v1/auth/login "HTTP/1.1 200 OK"
2026-09-22 23:10:49,691 [INFO] httpx: HTTP Request: POST http://test/api/v1/auth/register "HTTP/1.1 201 Created"
2026-09-22 23:10:49,879 [INFO] httpx: HTTP Request: POST http://test/api/v1/auth/login "HTTP/1.1 401 Unauthorized"
2026-09-22 23:10:50,083 [INFO] httpx: HTTP Request: POST http://test/api/v1/auth/register "HTTP/1.1 201 Created"
2026-09-22 23:10:50,088 [INFO] httpx: HTTP Request: POST http://test/api/v1/auth/onboarding "HTTP/1.1 200 OK"
2026-09-22 23:10:50,297 [INFO] httpx: HTTP Request: POST http://test/api/v1/auth/register "HTTP/1.1 201 Created"
2026-09-22 23:10:50,299 [INFO] httpx: HTTP Request: POST http://test/api/v1/auth/onboarding "HTTP/1.1 400 Bad Request"
2026-09-22 23:10:50,500 [INFO] httpx: HTTP Request: POST http://test/api/v1/auth/register "HTTP/1.1 201 Created"
2026-09-22 23:10:50,502 [INFO] httpx: HTTP Request: POST http://test/api/v1/auth/onboarding "HTTP/1.1 422 Unprocessable Entity"
2026-09-22 23:10:50,705 [INFO] httpx: HTTP Request: POST http://test/api/v1/auth/register/admin "HTTP/1.1 201 Created"
2026-09-22 23:10:50,721 [INFO] httpx: HTTP Request: POST http://test/api/v1/auth/register/admin "HTTP/1.1 422 Unprocessable Entity"
2026-09-22 23:10:50,741 [INFO] httpx: HTTP Request: POST http://test/api/v1/auth/register/admin "HTTP/1.1 400 Bad Request"
2026-09-22 23:10:50,946 [INFO] httpx: HTTP Request: POST http://test/api/v1/auth/register/admin "HTTP/1.1 201 Created"
2026-09-22 23:10:51,136 [INFO] httpx: HTTP Request: POST http://test/api/v1/auth/login/admin "HTTP/1.1 200 OK"
2026-09-22 23:10:51,338 [INFO] httpx: HTTP Request: POST http://test/api/v1/auth/register "HTTP/1.1 201 Created"
2026-09-22 23:10:51,525 [INFO] httpx: HTTP Request: POST http://test/api/v1/auth/login/admin "HTTP/1.1 403 Forbidden"
2026-09-22 23:10:51,733 [INFO] httpx: HTTP Request: POST http://test/api/v1/auth/register/admin "HTTP/1.1 201 Created"
2026-09-22 23:10:51,923 [INFO] httpx: HTTP Request: POST http://test/api/v1/auth/login/admin "HTTP/1.1 401 Unauthorized"
2026-09-22 23:10:52,128 [INFO] httpx: HTTP Request: POST http://test/api/v1/auth/register "HTTP/1.1 201 Created"
2026-09-22 23:10:52,130 [INFO] httpx: HTTP Request: GET http://test/api/v1/auth/me "HTTP/1.1 200 OK"
2026-09-22 23:10:52,148 [INFO] httpx: HTTP Request: GET http://test/api/v1/auth/me "HTTP/1.1 401 Unauthorized"
2026-09-22 23:10:52,356 [INFO] httpx: HTTP Request: POST http://test/api/v1/auth/register/admin "HTTP/1.1 201 Created"
2026-09-22 23:10:52,359 [INFO] httpx: HTTP Request: GET http://test/api/v1/auth/me "HTTP/1.1 403 Forbidden"
2026-09-22 23:10:52,578 [INFO] httpx: HTTP Request: POST http://test/api/v1/auth/register/admin "HTTP/1.1 201 Created"
2026-09-22 23:10:52,581 [INFO] httpx: HTTP Request: POST http://test/api/v1/auth/onboarding "HTTP/1.1 403 Forbidden"
2026-09-22 23:10:52,606 [INFO] httpx: HTTP Request: GET http://test/api/v1/auth/me "HTTP/1.1 200 OK"
2026-09-22 23:10:52,818 [INFO] httpx: HTTP Request: POST http://test/api/v1/auth/register "HTTP/1.1 201 Created"
2026-09-22 23:10:52,819 [INFO] httpx: HTTP Request: GET http://test/api/v1/auth/me "HTTP/1.1 200 OK"
2026-09-22 23:10:52,848 [INFO] httpx: HTTP Request: GET http://test/api/v1/negotiation/briefing/scenario-1 "HTTP/1.1 200 OK"
2026-09-22 23:10:52,871 [INFO] httpx: HTTP Request: GET http://test/api/v1/negotiation/briefing/scenario-1 "HTTP/1.1 200 OK"
2026-09-22 23:10:52,894 [INFO] httpx: HTTP Request: GET http://test/api/v1/negotiation/briefing/ghost "HTTP/1.1 404 Not Found"
2026-09-22 23:10:52,912 [INFO] httpx: HTTP Request: GET http://test/api/v1/negotiation/briefing/scenario-1 "HTTP/1.1 401 Unauthorized"
2026-09-22 23:10:53,131 [INFO] httpx: HTTP Request: POST http://test/api/v1/auth/register/admin "HTTP/1.1 201 Created"
2026-09-22 23:10:53,134 [INFO] httpx: HTTP Request: GET http://test/api/v1/negotiation/briefing/scenario-1 "HTTP/1.1 403 Forbidden"
2026-09-22 23:10:53,158 [INFO] httpx: HTTP Request: POST http://test/api/v1/auth/register "HTTP/1.1 400 Bad Request"
2026-09-22 23:10:53,404 [INFO] httpx: HTTP Request: POST http://test/api/v1/auth/register "HTTP/1.1 201 Created"
2026-09-22 23:10:53,616 [INFO] httpx: HTTP Request: POST http://test/api/v1/auth/register "HTTP/1.1 201 Created"
2026-09-22 23:10:53,823 [INFO] httpx: HTTP Request: POST http://test/api/v1/auth/register "HTTP/1.1 201 Created"
2026-09-22 23:10:53,826 [INFO] httpx: HTTP Request: GET http://test/api/v1/auth/me "HTTP/1.1 200 OK"
2026-09-22 23:10:53,843 [INFO] httpx: HTTP Request: POST http://test/api/v1/auth/register/admin "HTTP/1.1 400 Bad Request"
2026-09-22 23:10:54,049 [INFO] httpx: HTTP Request: POST http://test/api/v1/auth/register/admin "HTTP/1.1 201 Created"
2026-09-22 23:10:54,055 [INFO] httpx: HTTP Request: POST http://test/api/v1/scenarios/ "HTTP/1.1 201 Created"
2026-09-22 23:10:54,059 [INFO] httpx: HTTP Request: DELETE http://test/api/v1/scenarios/to-delete "HTTP/1.1 204 No Content"
2026-09-22 23:10:54,061 [INFO] httpx: HTTP Request: GET http://test/api/v1/scenarios/to-delete "HTTP/1.1 404 Not Found"
2026-09-22 23:10:54,280 [INFO] httpx: HTTP Request: POST http://test/api/v1/auth/register/admin "HTTP/1.1 201 Created"
2026-09-22 23:10:54,468 [INFO] httpx: HTTP Request: POST http://test/api/v1/auth/register/admin "HTTP/1.1 201 Created"
2026-09-22 23:10:54,474 [INFO] httpx: HTTP Request: POST http://test/api/v1/scenarios/ "HTTP/1.1 201 Created"
2026-09-22 23:10:54,477 [INFO] httpx: HTTP Request: DELETE http://test/api/v1/scenarios/protected-del "HTTP/1.1 403 Forbidden"
2026-09-22 23:10:54,683 [INFO] httpx: HTTP Request: POST http://test/api/v1/auth/register/admin "HTTP/1.1 201 Created"
2026-09-22 23:10:54,688 [INFO] httpx: HTTP Request: DELETE http://test/api/v1/scenarios/ghost "HTTP/1.1 404 Not Found"
2026-09-22 23:10:54,898 [INFO] httpx: HTTP Request: POST http://test/api/v1/auth/register/admin "HTTP/1.1 201 Created"
2026-09-22 23:10:54,903 [INFO] httpx: HTTP Request: POST http://test/api/v1/scenarios/ "HTTP/1.1 201 Created"
2026-09-22 23:10:54,909 [INFO] httpx: HTTP Request: POST http://test/api/v1/negotiation/start "HTTP/1.1 200 OK"
2026-09-22 23:10:54,912 [INFO] httpx: HTTP Request: DELETE http://test/api/v1/scenarios/detach-case "HTTP/1.1 204 No Content"
2026-09-22 23:10:54,917 [INFO] httpx: HTTP Request: GET http://test/api/v1/negotiation/sessions/user-1 "HTTP/1.1 200 OK"
2026-09-22 23:10:54,934 [INFO] httpx: HTTP Request: GET http://test/api/v1/health/ "HTTP/1.1 200 OK"
2026-09-22 23:10:54,954 [INFO] httpx: HTTP Request: GET http://test/ "HTTP/1.1 200 OK"
2026-09-22 23:10:54,973 [INFO] httpx: HTTP Request: GET http://test/api/v1/health/ "HTTP/1.1 200 OK"
2026-09-22 23:10:54,994 [INFO] httpx: HTTP Request: GET http://test/api/v1/negotiation/sessions/user-1 "HTTP/1.1 200 OK"
2026-09-22 23:10:55,020 [INFO] httpx: HTTP Request: POST http://test/api/v1/negotiation/start "HTTP/1.1 200 OK"
2026-09-22 23:10:55,024 [INFO] httpx: HTTP Request: GET http://test/api/v1/negotiation/sessions/user-1 "HTTP/1.1 200 OK"
2026-09-22 23:10:55,050 [INFO] httpx: HTTP Request: POST http://test/api/v1/negotiation/start "HTTP/1.1 200 OK"
2026-09-22 23:10:55,056 [INFO] httpx: HTTP Request: POST http://test/api/v1/negotiation/message "HTTP/1.1 200 OK"
2026-09-22 23:10:55,059 [INFO] httpx: HTTP Request: GET http://test/api/v1/negotiation/sessions/bc6b2c7c-97dc-466a-9d4f-98fb7560fc74/messages "HTTP/1.1 200 OK"
2026-09-22 23:10:55,087 [INFO] httpx: HTTP Request: POST http://test/api/v1/negotiation/start "HTTP/1.1 200 OK"
2026-09-22 23:10:55,091 [INFO] httpx: HTTP Request: POST http://test/api/v1/negotiation/ce25c618-0582-46f6-a438-b4621c179287/interrupt "HTTP/1.1 200 OK"
2026-09-22 23:10:55,119 [INFO] httpx: HTTP Request: POST http://test/api/v1/negotiation/start "HTTP/1.1 200 OK"
2026-09-22 23:10:55,125 [INFO] httpx: HTTP Request: POST http://test/api/v1/negotiation/34975a8f-9bc6-4310-b5da-0a50942595cf/interrupt "HTTP/1.1 200 OK"
2026-09-22 23:10:55,128 [INFO] httpx: HTTP Request: POST http://test/api/v1/negotiation/34975a8f-9bc6-4310-b5da-0a50942595cf/interrupt "HTTP/1.1 200 OK"
2026-09-22 23:10:55,153 [INFO] httpx: HTTP Request: POST http://test/api/v1/negotiation/start "HTTP/1.1 200 OK"
2026-09-22 23:10:55,158 [INFO] httpx: HTTP Request: POST http://test/api/v1/negotiation/message "HTTP/1.1 200 OK"
2026-09-22 23:10:55,171 [INFO] httpx: HTTP Request: POST http://test/api/v1/negotiation/end?session_id=1283a0f1-5d02-4c7b-9e8d-05bdec8b6257 "HTTP/1.1 200 OK"
2026-09-22 23:10:55,174 [INFO] httpx: HTTP Request: POST http://test/api/v1/negotiation/1283a0f1-5d02-4c7b-9e8d-05bdec8b6257/interrupt "HTTP/1.1 400 Bad Request"
2026-09-22 23:10:55,195 [INFO] httpx: HTTP Request: POST http://test/api/v1/negotiation/ghost-session/interrupt "HTTP/1.1 404 Not Found"
2026-09-22 23:10:55,221 [INFO] httpx: HTTP Request: POST http://test/api/v1/negotiation/start "HTTP/1.1 200 OK"
2026-09-22 23:10:55,225 [INFO] httpx: HTTP Request: POST http://test/api/v1/negotiation/576b7203-2276-4d9d-a333-42f09d79004f/interrupt "HTTP/1.1 200 OK"
2026-09-22 23:10:55,228 [INFO] httpx: HTTP Request: POST http://test/api/v1/negotiation/message "HTTP/1.1 400 Bad Request"
2026-09-22 23:10:55,252 [INFO] httpx: HTTP Request: POST http://test/api/v1/negotiation/start "HTTP/1.1 200 OK"
2026-09-22 23:10:55,257 [INFO] httpx: HTTP Request: POST http://test/api/v1/negotiation/1b121956-5141-431a-969e-d361e14bdbe0/interrupt "HTTP/1.1 200 OK"
2026-09-22 23:10:55,259 [INFO] httpx: HTTP Request: POST http://test/api/v1/negotiation/end?session_id=1b121956-5141-431a-969e-d361e14bdbe0 "HTTP/1.1 400 Bad Request"
2026-09-22 23:10:55,281 [INFO] httpx: HTTP Request: GET http://test/api/v1/users/user-1/interrupted-session "HTTP/1.1 200 OK"
2026-09-22 23:10:55,305 [INFO] httpx: HTTP Request: POST http://test/api/v1/negotiation/start "HTTP/1.1 200 OK"
2026-09-22 23:10:55,309 [INFO] httpx: HTTP Request: POST http://test/api/v1/negotiation/start "HTTP/1.1 200 OK"
2026-09-22 23:10:55,313 [INFO] httpx: HTTP Request: POST http://test/api/v1/negotiation/280b2a06-f9d5-474b-82ce-70cd56abe9cb/interrupt "HTTP/1.1 200 OK"
2026-09-22 23:10:55,317 [INFO] httpx: HTTP Request: POST http://test/api/v1/negotiation/8fbd61ff-9753-4a09-ae9e-96844c515c46/interrupt "HTTP/1.1 200 OK"
2026-09-22 23:10:55,322 [INFO] httpx: HTTP Request: GET http://test/api/v1/users/user-1/interrupted-session "HTTP/1.1 200 OK"
2026-09-22 23:10:55,341 [INFO] httpx: HTTP Request: GET http://test/api/v1/users/user-1/interrupted-session "HTTP/1.1 401 Unauthorized"
2026-09-22 23:10:55,545 [INFO] httpx: HTTP Request: POST http://test/api/v1/auth/register/admin "HTTP/1.1 201 Created"
2026-09-22 23:10:55,552 [INFO] httpx: HTTP Request: POST http://test/api/v1/scenarios/ "HTTP/1.1 201 Created"
2026-09-22 23:10:55,556 [INFO] httpx: HTTP Request: POST http://test/api/v1/scenarios/prev-case/publish "HTTP/1.1 200 OK"
2026-09-22 23:10:55,558 [INFO] httpx: HTTP Request: GET http://test/api/v1/invite/Zb_fioZzcOkIEyex "HTTP/1.1 200 OK"
2026-09-22 23:10:55,576 [INFO] httpx: HTTP Request: GET http://test/api/v1/invite/nonexistent-code-xyz "HTTP/1.1 404 Not Found"
2026-09-22 23:10:55,789 [INFO] httpx: HTTP Request: POST http://test/api/v1/auth/register/admin "HTTP/1.1 201 Created"
2026-09-22 23:10:55,795 [INFO] httpx: HTTP Request: POST http://test/api/v1/scenarios/ "HTTP/1.1 201 Created"
2026-09-22 23:10:55,800 [INFO] httpx: HTTP Request: POST http://test/api/v1/scenarios/arch-prev-case/publish "HTTP/1.1 200 OK"
2026-09-22 23:10:55,804 [INFO] httpx: HTTP Request: POST http://test/api/v1/scenarios/arch-prev-case/archive "HTTP/1.1 200 OK"
2026-09-22 23:10:55,806 [INFO] httpx: HTTP Request: GET http://test/api/v1/invite/uJ5bW81mdn0dWFkS "HTTP/1.1 410 Gone"
2026-09-22 23:10:56,014 [INFO] httpx: HTTP Request: POST http://test/api/v1/auth/register/admin "HTTP/1.1 201 Created"
2026-09-22 23:10:56,020 [INFO] httpx: HTTP Request: POST http://test/api/v1/scenarios/ "HTTP/1.1 201 Created"
2026-09-22 23:10:56,024 [INFO] httpx: HTTP Request: POST http://test/api/v1/scenarios/accept-case/publish "HTTP/1.1 200 OK"
2026-09-22 23:10:56,029 [INFO] httpx: HTTP Request: POST http://test/api/v1/invite/4sXVSvF7y2lrVi18 "HTTP/1.1 200 OK"
2026-09-22 23:10:56,240 [INFO] httpx: HTTP Request: POST http://test/api/v1/auth/register/admin "HTTP/1.1 201 Created"
2026-09-22 23:10:56,245 [INFO] httpx: HTTP Request: POST http://test/api/v1/scenarios/ "HTTP/1.1 201 Created"
2026-09-22 23:10:56,249 [INFO] httpx: HTTP Request: POST http://test/api/v1/scenarios/idem-case/publish "HTTP/1.1 200 OK"
2026-09-22 23:10:56,253 [INFO] httpx: HTTP Request: POST http://test/api/v1/invite/ub5gGLYqn_3bQAAd "HTTP/1.1 200 OK"
2026-09-22 23:10:56,257 [INFO] httpx: HTTP Request: POST http://test/api/v1/invite/ub5gGLYqn_3bQAAd "HTTP/1.1 200 OK"
2026-09-22 23:10:56,470 [INFO] httpx: HTTP Request: POST http://test/api/v1/auth/register/admin "HTTP/1.1 201 Created"
2026-09-22 23:10:56,477 [INFO] httpx: HTTP Request: POST http://test/api/v1/scenarios/ "HTTP/1.1 201 Created"
2026-09-22 23:10:56,481 [INFO] httpx: HTTP Request: POST http://test/api/v1/scenarios/noauth-case/publish "HTTP/1.1 200 OK"
2026-09-22 23:10:56,483 [INFO] httpx: HTTP Request: POST http://test/api/v1/invite/PpicV0VR3iAAMh-6 "HTTP/1.1 401 Unauthorized"
2026-09-22 23:10:56,703 [INFO] httpx: HTTP Request: POST http://test/api/v1/auth/register/admin "HTTP/1.1 201 Created"
2026-09-22 23:10:56,894 [INFO] httpx: HTTP Request: POST http://test/api/v1/auth/register/admin "HTTP/1.1 201 Created"
2026-09-22 23:10:56,901 [INFO] httpx: HTTP Request: POST http://test/api/v1/scenarios/ "HTTP/1.1 201 Created"
2026-09-22 23:10:56,905 [INFO] httpx: HTTP Request: POST http://test/api/v1/scenarios/admin-inv-case/publish "HTTP/1.1 200 OK"
2026-09-22 23:10:56,906 [INFO] httpx: HTTP Request: POST http://test/api/v1/invite/nW3S5cpNBjk-8iqj "HTTP/1.1 403 Forbidden"
2026-09-22 23:10:56,933 [INFO] httpx: HTTP Request: GET http://test/api/v1/users/user-1/added-cases "HTTP/1.1 200 OK"
2026-09-22 23:10:57,151 [INFO] httpx: HTTP Request: POST http://test/api/v1/auth/register/admin "HTTP/1.1 201 Created"
2026-09-22 23:10:57,158 [INFO] httpx: HTTP Request: POST http://test/api/v1/scenarios/ "HTTP/1.1 201 Created"
2026-09-22 23:10:57,161 [INFO] httpx: HTTP Request: POST http://test/api/v1/scenarios/list-add-case/publish "HTTP/1.1 200 OK"
2026-09-22 23:10:57,167 [INFO] httpx: HTTP Request: POST http://test/api/v1/invite/ddyQpDZId3L9kZq4 "HTTP/1.1 200 OK"
2026-09-22 23:10:57,171 [INFO] httpx: HTTP Request: GET http://test/api/v1/users/user-1/added-cases "HTTP/1.1 200 OK"
2026-09-22 23:10:57,381 [INFO] httpx: HTTP Request: POST http://test/api/v1/auth/register "HTTP/1.1 201 Created"
2026-09-22 23:10:57,389 [INFO] httpx: HTTP Request: POST http://test/api/v1/negotiation/start "HTTP/1.1 200 OK"
2026-09-22 23:10:57,602 [INFO] httpx: HTTP Request: POST http://test/api/v1/auth/register "HTTP/1.1 201 Created"
2026-09-22 23:10:57,607 [INFO] httpx: HTTP Request: POST http://test/api/v1/negotiation/start "HTTP/1.1 404 Not Found"
2026-09-22 23:10:57,821 [INFO] httpx: HTTP Request: POST http://test/api/v1/auth/register "HTTP/1.1 201 Created"
2026-09-22 23:10:57,829 [INFO] httpx: HTTP Request: POST http://test/api/v1/negotiation/start "HTTP/1.1 200 OK"
2026-09-22 23:10:57,836 [INFO] httpx: HTTP Request: POST http://test/api/v1/negotiation/message "HTTP/1.1 200 OK"
2026-09-22 23:10:58,052 [INFO] httpx: HTTP Request: POST http://test/api/v1/auth/register "HTTP/1.1 201 Created"
2026-09-22 23:10:58,058 [INFO] httpx: HTTP Request: POST http://test/api/v1/negotiation/message "HTTP/1.1 404 Not Found"
2026-09-22 23:10:58,275 [INFO] httpx: HTTP Request: POST http://test/api/v1/auth/register "HTTP/1.1 201 Created"
2026-09-22 23:10:58,283 [INFO] httpx: HTTP Request: POST http://test/api/v1/negotiation/start "HTTP/1.1 200 OK"
2026-09-22 23:10:58,288 [INFO] httpx: HTTP Request: POST http://test/api/v1/negotiation/message "HTTP/1.1 200 OK"
2026-09-22 23:10:58,300 [INFO] httpx: HTTP Request: POST http://test/api/v1/negotiation/end?session_id=c41a8ce3-f17e-4e89-a179-b9920fcee91b "HTTP/1.1 200 OK"
2026-09-22 23:10:58,511 [INFO] httpx: HTTP Request: POST http://test/api/v1/auth/register "HTTP/1.1 201 Created"
2026-09-22 23:10:58,518 [INFO] httpx: HTTP Request: POST http://test/api/v1/negotiation/start "HTTP/1.1 200 OK"
2026-09-22 23:10:58,525 [INFO] httpx: HTTP Request: POST http://test/api/v1/negotiation/message "HTTP/1.1 200 OK"
2026-09-22 23:10:58,537 [INFO] httpx: HTTP Request: POST http://test/api/v1/negotiation/end?session_id=d4cd7cf7-5513-4b01-afdd-1ea99b7dac0c "HTTP/1.1 200 OK"
2026-09-22 23:10:58,540 [INFO] httpx: HTTP Request: GET http://test/api/v1/negotiation/analysis/d4cd7cf7-5513-4b01-afdd-1ea99b7dac0c "HTTP/1.1 200 OK"
2026-09-22 23:10:58,750 [INFO] httpx: HTTP Request: POST http://test/api/v1/auth/register "HTTP/1.1 201 Created"
2026-09-22 23:10:58,758 [INFO] httpx: HTTP Request: POST http://test/api/v1/negotiation/start "HTTP/1.1 200 OK"
2026-09-22 23:10:58,763 [INFO] httpx: HTTP Request: POST http://test/api/v1/negotiation/message "HTTP/1.1 200 OK"
2026-09-22 23:10:58,776 [INFO] httpx: HTTP Request: POST http://test/api/v1/negotiation/end?session_id=3a0b5685-2593-4ca3-b1fb-98306e455fca "HTTP/1.1 200 OK"
2026-09-22 23:10:58,778 [INFO] httpx: HTTP Request: POST http://test/api/v1/negotiation/message "HTTP/1.1 400 Bad Request"
2026-09-22 23:10:58,991 [INFO] httpx: HTTP Request: POST http://test/api/v1/auth/register/admin "HTTP/1.1 201 Created"
2026-09-22 23:10:58,993 [INFO] httpx: HTTP Request: POST http://test/api/v1/negotiation/start "HTTP/1.1 403 Forbidden"
2026-09-22 23:10:59,013 [INFO] httpx: HTTP Request: POST http://test/api/v1/negotiation/start "HTTP/1.1 401 Unauthorized"
2026-09-22 23:10:59,223 [INFO] httpx: HTTP Request: POST http://test/api/v1/auth/register "HTTP/1.1 201 Created"
2026-09-22 23:10:59,231 [INFO] httpx: HTTP Request: POST http://test/api/v1/negotiation/start "HTTP/1.1 200 OK"
2026-09-22 23:10:59,236 [INFO] httpx: HTTP Request: POST http://test/api/v1/negotiation/message "HTTP/1.1 200 OK"
2026-09-22 23:10:59,249 [INFO] httpx: HTTP Request: POST http://test/api/v1/negotiation/end?session_id=1d4178da-6046-4de0-b5f3-1c8afb609e82 "HTTP/1.1 200 OK"
2026-09-22 23:10:59,252 [INFO] httpx: HTTP Request: GET http://test/api/v1/negotiation/analysis/1d4178da-6046-4de0-b5f3-1c8afb609e82 "HTTP/1.1 403 Forbidden"
2026-09-22 23:10:59,506 [INFO] httpx: HTTP Request: POST http://test/api/v1/auth/register "HTTP/1.1 201 Created"
2026-09-22 23:10:59,513 [INFO] httpx: HTTP Request: POST http://test/api/v1/negotiation/start "HTTP/1.1 200 OK"
2026-09-22 23:10:59,516 [INFO] httpx: HTTP Request: POST http://test/api/v1/negotiation/message "HTTP/1.1 403 Forbidden"
2026-09-22 23:10:59,728 [INFO] httpx: HTTP Request: POST http://test/api/v1/auth/register "HTTP/1.1 201 Created"
2026-09-22 23:10:59,737 [INFO] httpx: HTTP Request: POST http://test/api/v1/negotiation/start "HTTP/1.1 200 OK"
2026-09-22 23:10:59,739 [INFO] httpx: HTTP Request: POST http://test/api/v1/negotiation/38bffbc7-abcd-47b5-b345-909f5343dc5a/interrupt "HTTP/1.1 403 Forbidden"
2026-09-22 23:10:59,950 [INFO] httpx: HTTP Request: POST http://test/api/v1/auth/register "HTTP/1.1 201 Created"
2026-09-22 23:10:59,957 [INFO] httpx: HTTP Request: POST http://test/api/v1/negotiation/start "HTTP/1.1 200 OK"
2026-09-22 23:10:59,961 [INFO] httpx: HTTP Request: POST http://test/api/v1/negotiation/end?session_id=178da941-d24f-462c-8e4f-c7f8eafb1e73 "HTTP/1.1 403 Forbidden"
2026-09-22 23:11:00,172 [INFO] httpx: HTTP Request: POST http://test/api/v1/auth/register "HTTP/1.1 201 Created"
2026-09-22 23:11:00,175 [INFO] httpx: HTTP Request: GET http://test/api/v1/negotiation/sessions/user-1 "HTTP/1.1 403 Forbidden"
2026-09-22 23:11:00,385 [INFO] httpx: HTTP Request: POST http://test/api/v1/auth/register "HTTP/1.1 201 Created"
2026-09-22 23:11:00,391 [INFO] httpx: HTTP Request: GET http://test/api/v1/users/user-1/skills "HTTP/1.1 403 Forbidden"
2026-09-22 23:11:00,601 [INFO] httpx: HTTP Request: POST http://test/api/v1/auth/register "HTTP/1.1 201 Created"
2026-09-22 23:11:00,605 [INFO] httpx: HTTP Request: GET http://test/api/v1/users/user-1/recommendations "HTTP/1.1 403 Forbidden"
2026-09-22 23:11:00,816 [INFO] httpx: HTTP Request: POST http://test/api/v1/auth/register "HTTP/1.1 201 Created"
2026-09-22 23:11:00,820 [INFO] httpx: HTTP Request: GET http://test/api/v1/negotiation/progress/user-1 "HTTP/1.1 403 Forbidden"
2026-09-22 23:11:00,837 [INFO] httpx: HTTP Request: POST http://test/api/v1/auth/register "HTTP/1.1 422 Unprocessable Entity"
2026-09-22 23:11:00,855 [INFO] httpx: HTTP Request: POST http://test/api/v1/auth/register "HTTP/1.1 422 Unprocessable Entity"
2026-09-22 23:11:00,871 [INFO] httpx: HTTP Request: POST http://test/api/v1/auth/register "HTTP/1.1 422 Unprocessable Entity"
2026-09-22 23:11:00,888 [INFO] httpx: HTTP Request: POST http://test/api/v1/auth/register "HTTP/1.1 422 Unprocessable Entity"
2026-09-22 23:11:01,098 [INFO] httpx: HTTP Request: POST http://test/api/v1/auth/register "HTTP/1.1 201 Created"
2026-09-22 23:11:01,306 [INFO] httpx: HTTP Request: POST http://test/api/v1/auth/register "HTTP/1.1 201 Created"
2026-09-22 23:11:01,517 [INFO] httpx: HTTP Request: POST http://test/api/v1/auth/register "HTTP/1.1 201 Created"
2026-09-22 23:11:01,535 [INFO] httpx: HTTP Request: POST http://test/api/v1/auth/register/admin "HTTP/1.1 422 Unprocessable Entity"
2026-09-22 23:11:01,743 [INFO] httpx: HTTP Request: POST http://test/api/v1/auth/register/admin "HTTP/1.1 201 Created"
2026-09-22 23:11:01,767 [INFO] httpx: HTTP Request: GET http://test/api/v1/negotiation/progress/user-1 "HTTP/1.1 200 OK"
2026-09-22 23:11:01,810 [INFO] httpx: HTTP Request: POST http://test/api/v1/negotiation/start "HTTP/1.1 200 OK"
2026-09-22 23:11:01,815 [INFO] httpx: HTTP Request: POST http://test/api/v1/negotiation/message "HTTP/1.1 200 OK"
2026-09-22 23:11:01,829 [INFO] httpx: HTTP Request: POST http://test/api/v1/negotiation/end?session_id=4375cb61-e4db-46cf-8f82-6f3afb6350fd "HTTP/1.1 200 OK"
2026-09-22 23:11:01,831 [INFO] httpx: HTTP Request: GET http://test/api/v1/negotiation/progress/user-1 "HTTP/1.1 200 OK"
2026-09-22 23:11:01,858 [INFO] httpx: HTTP Request: POST http://test/api/v1/negotiation/start "HTTP/1.1 200 OK"
2026-09-22 23:11:01,864 [INFO] httpx: HTTP Request: POST http://test/api/v1/negotiation/message "HTTP/1.1 200 OK"
2026-09-22 23:11:01,876 [INFO] httpx: HTTP Request: POST http://test/api/v1/negotiation/end?session_id=24b0745d-e6b7-4b93-8b7a-fb7b669cddbb "HTTP/1.1 200 OK"
2026-09-22 23:11:01,881 [INFO] httpx: HTTP Request: POST http://test/api/v1/negotiation/start "HTTP/1.1 200 OK"
2026-09-22 23:11:01,885 [INFO] httpx: HTTP Request: POST http://test/api/v1/negotiation/message "HTTP/1.1 200 OK"
2026-09-22 23:11:01,894 [INFO] httpx: HTTP Request: POST http://test/api/v1/negotiation/end?session_id=1176ce4f-69a2-4b3d-bc94-e118e8b421a7 "HTTP/1.1 200 OK"
2026-09-22 23:11:01,898 [INFO] httpx: HTTP Request: GET http://test/api/v1/negotiation/progress/user-1 "HTTP/1.1 200 OK"
2026-09-22 23:11:01,918 [INFO] httpx: HTTP Request: GET http://test/api/v1/negotiation/progress/user-1 "HTTP/1.1 401 Unauthorized"
2026-09-22 23:11:02,128 [INFO] httpx: HTTP Request: POST http://test/api/v1/auth/register/admin "HTTP/1.1 201 Created"
2026-09-22 23:11:02,132 [INFO] httpx: HTTP Request: GET http://test/api/v1/negotiation/progress/user-1 "HTTP/1.1 403 Forbidden"
2026-09-22 23:11:02,150 [INFO] httpx: HTTP Request: GET http://test/api/v1/scenarios/ "HTTP/1.1 200 OK"
2026-09-22 23:11:02,170 [INFO] httpx: HTTP Request: GET http://test/api/v1/scenarios/ "HTTP/1.1 200 OK"
2026-09-22 23:11:02,192 [INFO] httpx: HTTP Request: GET http://test/api/v1/scenarios/scenario-1 "HTTP/1.1 200 OK"
2026-09-22 23:11:02,211 [INFO] httpx: HTTP Request: GET http://test/api/v1/scenarios/nonexistent "HTTP/1.1 404 Not Found"
2026-09-22 23:11:02,392 [INFO] httpx: HTTP Request: POST http://test/api/v1/negotiation/start "HTTP/1.1 200 OK"
2026-09-22 23:11:02,401 [INFO] httpx: HTTP Request: POST http://test/api/v1/negotiation/message "HTTP/1.1 200 OK"
2026-09-22 23:11:02,418 [INFO] httpx: HTTP Request: POST http://test/api/v1/negotiation/end?session_id=97c02adc-ad44-4fe3-bcfc-1b296de48ff7 "HTTP/1.1 200 OK"
2026-09-22 23:11:02,421 [INFO] httpx: HTTP Request: GET http://test/api/v1/users/user-1/skills "HTTP/1.1 200 OK"
2026-09-22 23:11:02,443 [INFO] httpx: HTTP Request: GET http://test/api/v1/users/user-1/skills "HTTP/1.1 200 OK"
2026-09-22 23:11:02,462 [INFO] httpx: HTTP Request: GET http://test/api/v1/users/user-1/skills "HTTP/1.1 401 Unauthorized"
2026-09-22 23:11:02,672 [INFO] httpx: HTTP Request: POST http://test/api/v1/auth/register/admin "HTTP/1.1 201 Created"
2026-09-22 23:11:02,675 [INFO] httpx: HTTP Request: GET http://test/api/v1/users/user-1/skills "HTTP/1.1 403 Forbidden"
2026-09-22 23:11:02,700 [INFO] httpx: HTTP Request: POST http://test/api/v1/negotiation/start "HTTP/1.1 200 OK"
2026-09-22 23:11:02,707 [INFO] httpx: HTTP Request: POST http://test/api/v1/negotiation/message "HTTP/1.1 200 OK"
2026-09-22 23:11:02,711 [INFO] httpx: HTTP Request: POST http://test/api/v1/negotiation/message "HTTP/1.1 200 OK"
2026-09-22 23:11:02,716 [INFO] httpx: HTTP Request: POST http://test/api/v1/negotiation/message "HTTP/1.1 200 OK"
2026-09-22 23:11:02,728 [INFO] httpx: HTTP Request: POST http://test/api/v1/negotiation/end?session_id=b9cd08db-a03d-4eb2-9e06-33b1a3dfc660 "HTTP/1.1 200 OK"
2026-09-22 23:11:02,753 [INFO] httpx: HTTP Request: POST http://test/api/v1/negotiation/start "HTTP/1.1 200 OK"
2026-09-22 23:11:02,759 [INFO] httpx: HTTP Request: POST http://test/api/v1/negotiation/message "HTTP/1.1 200 OK"
2026-09-22 23:11:02,764 [INFO] httpx: HTTP Request: POST http://test/api/v1/negotiation/message "HTTP/1.1 200 OK"
2026-09-22 23:11:02,776 [INFO] httpx: HTTP Request: POST http://test/api/v1/negotiation/end?session_id=d053fe75-63a8-4c2c-a313-dc4a0954e9ec "HTTP/1.1 200 OK"
2026-09-22 23:11:02,801 [INFO] httpx: HTTP Request: POST http://test/api/v1/negotiation/start "HTTP/1.1 200 OK"
2026-09-22 23:11:02,806 [INFO] httpx: HTTP Request: POST http://test/api/v1/negotiation/message "HTTP/1.1 200 OK"
2026-09-22 23:11:02,811 [INFO] httpx: HTTP Request: POST http://test/api/v1/negotiation/message "HTTP/1.1 200 OK"
2026-09-22 23:11:02,815 [INFO] httpx: HTTP Request: POST http://test/api/v1/negotiation/message "HTTP/1.1 200 OK"
2026-09-22 23:11:02,828 [INFO] httpx: HTTP Request: POST http://test/api/v1/negotiation/end?session_id=082472c7-bb89-44dd-ae4e-95d051aa16f1 "HTTP/1.1 200 OK"
2026-09-22 23:11:02,832 [INFO] httpx: HTTP Request: GET http://test/api/v1/negotiation/analysis/082472c7-bb89-44dd-ae4e-95d051aa16f1 "HTTP/1.1 200 OK"
2026-09-22 23:11:02,879 [INFO] httpx: HTTP Request: POST http://test/api/v1/negotiation/start "HTTP/1.1 200 OK"
2026-09-22 23:11:02,886 [INFO] httpx: HTTP Request: POST http://test/api/v1/negotiation/message "HTTP/1.1 200 OK"
2026-09-22 23:11:02,897 [INFO] httpx: HTTP Request: POST http://test/api/v1/negotiation/end?session_id=c1323ac1-e622-4170-a4b5-2c401f2aba50 "HTTP/1.1 200 OK"
2026-09-22 23:11:02,923 [INFO] httpx: HTTP Request: POST http://test/api/v1/negotiation/start "HTTP/1.1 200 OK"
2026-09-22 23:11:02,929 [INFO] httpx: HTTP Request: POST http://test/api/v1/negotiation/voice "HTTP/1.1 200 OK"
2026-09-22 23:11:02,952 [INFO] httpx: HTTP Request: POST http://test/api/v1/negotiation/voice "HTTP/1.1 404 Not Found"
2026-09-22 23:11:02,972 [INFO] httpx: HTTP Request: POST http://test/api/v1/negotiation/voice "HTTP/1.1 401 Unauthorized"
2026-09-22 23:11:03,179 [INFO] httpx: HTTP Request: POST http://test/api/v1/auth/register/admin "HTTP/1.1 201 Created"
2026-09-22 23:11:03,182 [INFO] httpx: HTTP Request: POST http://test/api/v1/negotiation/voice "HTTP/1.1 403 Forbidden"
2026-09-22 23:11:03,213 [INFO] httpx: HTTP Request: POST http://test/api/v1/negotiation/start "HTTP/1.1 200 OK"
2026-09-22 23:11:03,219 [INFO] httpx: HTTP Request: POST http://test/api/v1/negotiation/message "HTTP/1.1 200 OK"
2026-09-22 23:11:03,231 [INFO] httpx: HTTP Request: POST http://test/api/v1/negotiation/end?session_id=858a7625-48fc-4aeb-bfe0-9ec0f612a3e4 "HTTP/1.1 200 OK"
2026-09-22 23:11:03,270 [INFO] httpx: HTTP Request: POST http://test/api/v1/negotiation/start "HTTP/1.1 200 OK"
2026-09-22 23:11:03,276 [INFO] httpx: HTTP Request: POST http://test/api/v1/negotiation/message "HTTP/1.1 200 OK"
2026-09-22 23:11:03,287 [INFO] httpx: HTTP Request: POST http://test/api/v1/negotiation/end?session_id=42ed31bb-495d-45df-bdef-6c05e20d8e33 "HTTP/1.1 200 OK"
2026-09-22 23:11:03,290 [INFO] httpx: HTTP Request: GET http://test/api/v1/auth/me "HTTP/1.1 200 OK"
2026-09-25 05:42:22,453 [INFO] httpx: HTTP Request: POST http://test/api/v1/auth/register "HTTP/1.1 400 Bad Request"
2026-09-25 05:42:22,686 [INFO] httpx: HTTP Request: POST http://test/api/v1/auth/register "HTTP/1.1 201 Created"
2026-09-25 05:42:22,893 [INFO] httpx: HTTP Request: POST http://test/api/v1/auth/register "HTTP/1.1 201 Created"
2026-09-25 05:42:23,243 [INFO] httpx: HTTP Request: POST http://test/api/v1/auth/register "HTTP/1.1 201 Created"
2026-09-25 05:42:23,247 [INFO] httpx: HTTP Request: GET http://test/api/v1/auth/me "HTTP/1.1 200 OK"
2026-09-25 05:42:23,267 [INFO] httpx: HTTP Request: POST http://test/api/v1/auth/register/admin "HTTP/1.1 400 Bad Request"
2026-09-25 05:42:23,476 [INFO] httpx: HTTP Request: POST http://test/api/v1/auth/register/admin "HTTP/1.1 201 Created"
2026-09-25 05:42:23,691 [INFO] httpx: HTTP Request: POST http://test/api/v1/auth/register "HTTP/1.1 201 Created"
2026-09-25 05:42:23,710 [INFO] httpx: HTTP Request: POST http://test/api/v1/auth/register "HTTP/1.1 422 Unprocessable Entity"
2026-09-25 05:42:23,734 [INFO] httpx: HTTP Request: POST http://test/api/v1/auth/register "HTTP/1.1 400 Bad Request"
2026-09-25 05:42:23,944 [INFO] httpx: HTTP Request: POST http://test/api/v1/auth/register "HTTP/1.1 201 Created"
2026-09-25 05:42:24,151 [INFO] httpx: HTTP Request: POST http://test/api/v1/auth/register "HTTP/1.1 201 Created"
2026-09-25 05:42:24,345 [INFO] httpx: HTTP Request: POST http://test/api/v1/auth/login "HTTP/1.1 200 OK"
2026-09-25 05:42:24,572 [INFO] httpx: HTTP Request: POST http://test/api/v1/auth/register "HTTP/1.1 201 Created"
2026-09-25 05:42:24,761 [INFO] httpx: HTTP Request: POST http://test/api/v1/auth/login "HTTP/1.1 401 Unauthorized"
2026-09-25 05:42:25,002 [INFO] httpx: HTTP Request: POST http://test/api/v1/auth/register "HTTP/1.1 201 Created"
2026-09-25 05:42:25,007 [INFO] httpx: HTTP Request: POST http://test/api/v1/auth/onboarding "HTTP/1.1 200 OK"
2026-09-25 05:42:25,232 [INFO] httpx: HTTP Request: POST http://test/api/v1/auth/register "HTTP/1.1 201 Created"
2026-09-25 05:42:25,235 [INFO] httpx: HTTP Request: POST http://test/api/v1/auth/onboarding "HTTP/1.1 400 Bad Request"
2026-09-25 05:42:25,444 [INFO] httpx: HTTP Request: POST http://test/api/v1/auth/register "HTTP/1.1 201 Created"
2026-09-25 05:42:25,447 [INFO] httpx: HTTP Request: POST http://test/api/v1/auth/onboarding "HTTP/1.1 422 Unprocessable Entity"
2026-09-25 05:42:25,659 [INFO] httpx: HTTP Request: POST http://test/api/v1/auth/register/admin "HTTP/1.1 201 Created"
2026-09-25 05:42:25,679 [INFO] httpx: HTTP Request: POST http://test/api/v1/auth/register/admin "HTTP/1.1 422 Unprocessable Entity"
2026-09-25 05:42:25,704 [INFO] httpx: HTTP Request: POST http://test/api/v1/auth/register/admin "HTTP/1.1 400 Bad Request"
2026-09-25 05:42:25,913 [INFO] httpx: HTTP Request: POST http://test/api/v1/auth/register/admin "HTTP/1.1 201 Created"
2026-09-25 05:42:26,113 [INFO] httpx: HTTP Request: POST http://test/api/v1/auth/login/admin "HTTP/1.1 200 OK"
2026-09-25 05:42:26,331 [INFO] httpx: HTTP Request: POST http://test/api/v1/auth/register "HTTP/1.1 201 Created"
2026-09-25 05:42:26,520 [INFO] httpx: HTTP Request: POST http://test/api/v1/auth/login/admin "HTTP/1.1 403 Forbidden"
2026-09-25 05:42:26,732 [INFO] httpx: HTTP Request: POST http://test/api/v1/auth/register/admin "HTTP/1.1 201 Created"
2026-09-25 05:42:26,922 [INFO] httpx: HTTP Request: POST http://test/api/v1/auth/login/admin "HTTP/1.1 401 Unauthorized"
2026-09-25 05:42:27,142 [INFO] httpx: HTTP Request: POST http://test/api/v1/auth/register "HTTP/1.1 201 Created"
2026-09-25 05:42:27,145 [INFO] httpx: HTTP Request: GET http://test/api/v1/auth/me "HTTP/1.1 200 OK"
2026-09-25 05:42:27,163 [INFO] httpx: HTTP Request: GET http://test/api/v1/auth/me "HTTP/1.1 401 Unauthorized"
2026-09-25 05:42:27,375 [INFO] httpx: HTTP Request: POST http://test/api/v1/auth/register/admin "HTTP/1.1 201 Created"
2026-09-25 05:42:27,379 [INFO] httpx: HTTP Request: GET http://test/api/v1/auth/me "HTTP/1.1 200 OK"
2026-09-25 05:42:27,590 [INFO] httpx: HTTP Request: POST http://test/api/v1/auth/register/admin "HTTP/1.1 201 Created"
2026-09-25 05:42:27,592 [INFO] httpx: HTTP Request: POST http://test/api/v1/auth/onboarding "HTTP/1.1 403 Forbidden"
2026-09-25 05:42:33,308 [INFO] httpx: HTTP Request: POST http://test/api/v1/auth/register/admin "HTTP/1.1 201 Created"
2026-09-25 05:42:33,317 [INFO] httpx: HTTP Request: POST http://test/api/v1/scenarios/ "HTTP/1.1 201 Created"
2026-09-25 05:42:33,529 [INFO] httpx: HTTP Request: POST http://test/api/v1/auth/register "HTTP/1.1 201 Created"
2026-09-25 05:42:33,534 [INFO] httpx: HTTP Request: POST http://test/api/v1/auth/onboarding "HTTP/1.1 200 OK"
2026-09-25 05:42:33,537 [INFO] httpx: HTTP Request: POST http://test/api/v1/scenarios/ "HTTP/1.1 403 Forbidden"
2026-09-25 05:42:33,748 [INFO] httpx: HTTP Request: POST http://test/api/v1/auth/register/admin "HTTP/1.1 201 Created"
2026-09-25 05:42:33,752 [INFO] httpx: HTTP Request: GET http://test/api/v1/scenarios/my "HTTP/1.1 200 OK"
2026-09-25 05:42:33,960 [INFO] httpx: HTTP Request: POST http://test/api/v1/auth/register/admin "HTTP/1.1 201 Created"
2026-09-25 05:42:34,151 [INFO] httpx: HTTP Request: POST http://test/api/v1/auth/register/admin "HTTP/1.1 201 Created"
2026-09-25 05:42:34,158 [INFO] httpx: HTTP Request: POST http://test/api/v1/scenarios/ "HTTP/1.1 201 Created"
2026-09-25 05:42:34,163 [INFO] httpx: HTTP Request: POST http://test/api/v1/scenarios/ "HTTP/1.1 201 Created"
2026-09-25 05:42:34,167 [INFO] httpx: HTTP Request: GET http://test/api/v1/scenarios/my "HTTP/1.1 200 OK"
2026-09-25 05:42:34,397 [INFO] httpx: HTTP Request: POST http://test/api/v1/auth/register/admin "HTTP/1.1 201 Created"
2026-09-25 05:42:34,404 [INFO] httpx: HTTP Request: POST http://test/api/v1/scenarios/ "HTTP/1.1 201 Created"
2026-09-25 05:42:34,409 [INFO] httpx: HTTP Request: POST http://test/api/v1/scenarios/pub-case/publish "HTTP/1.1 400 Bad Request"
2026-09-25 05:42:34,626 [INFO] httpx: HTTP Request: POST http://test/api/v1/auth/register/admin "HTTP/1.1 201 Created"
2026-09-25 05:42:34,634 [INFO] httpx: HTTP Request: POST http://test/api/v1/scenarios/ "HTTP/1.1 201 Created"
2026-09-25 05:42:34,637 [INFO] httpx: HTTP Request: POST http://test/api/v1/scenarios/pub-mid/publish "HTTP/1.1 400 Bad Request"
2026-09-25 05:42:34,853 [INFO] httpx: HTTP Request: POST http://test/api/v1/auth/register/admin "HTTP/1.1 201 Created"
2026-09-25 05:42:34,860 [INFO] httpx: HTTP Request: POST http://test/api/v1/scenarios/ "HTTP/1.1 201 Created"
2026-09-25 05:42:34,865 [INFO] httpx: HTTP Request: POST http://test/api/v1/scenarios/ready-case/publish "HTTP/1.1 200 OK"
2026-09-25 05:42:35,075 [INFO] httpx: HTTP Request: POST http://test/api/v1/auth/register/admin "HTTP/1.1 201 Created"
2026-09-25 05:42:35,265 [INFO] httpx: HTTP Request: POST http://test/api/v1/auth/register/admin "HTTP/1.1 201 Created"
2026-09-25 05:42:35,271 [INFO] httpx: HTTP Request: POST http://test/api/v1/scenarios/ "HTTP/1.1 201 Created"
2026-09-25 05:42:35,275 [INFO] httpx: HTTP Request: POST http://test/api/v1/scenarios/owner-case/publish "HTTP/1.1 403 Forbidden"
2026-09-25 05:42:35,480 [INFO] httpx: HTTP Request: POST http://test/api/v1/auth/register/admin "HTTP/1.1 201 Created"
2026-09-25 05:42:35,487 [INFO] httpx: HTTP Request: POST http://test/api/v1/scenarios/ "HTTP/1.1 201 Created"
2026-09-25 05:42:35,492 [INFO] httpx: HTTP Request: POST http://test/api/v1/scenarios/arch-case/publish "HTTP/1.1 200 OK"
2026-09-25 05:42:35,495 [INFO] httpx: HTTP Request: POST http://test/api/v1/scenarios/arch-case/archive "HTTP/1.1 200 OK"
2026-09-25 05:42:35,714 [INFO] httpx: HTTP Request: POST http://test/api/v1/auth/register/admin "HTTP/1.1 201 Created"
2026-09-25 05:42:35,721 [INFO] httpx: HTTP Request: POST http://test/api/v1/scenarios/ "HTTP/1.1 201 Created"
2026-09-25 05:42:35,725 [INFO] httpx: HTTP Request: POST http://test/api/v1/scenarios/hidden-case/publish "HTTP/1.1 200 OK"
2026-09-25 05:42:35,727 [INFO] httpx: HTTP Request: GET http://test/api/v1/scenarios/ "HTTP/1.1 200 OK"
2026-09-25 05:42:35,938 [INFO] httpx: HTTP Request: POST http://test/api/v1/auth/register/admin "HTTP/1.1 201 Created"
2026-09-25 05:42:35,944 [INFO] httpx: HTTP Request: POST http://test/api/v1/scenarios/ "HTTP/1.1 201 Created"
2026-09-25 05:42:35,949 [INFO] httpx: HTTP Request: PUT http://test/api/v1/scenarios/upd-case "HTTP/1.1 200 OK"
2026-09-25 05:42:36,157 [INFO] httpx: HTTP Request: POST http://test/api/v1/auth/register/admin "HTTP/1.1 201 Created"
2026-09-25 05:42:36,351 [INFO] httpx: HTTP Request: POST http://test/api/v1/auth/register/admin "HTTP/1.1 201 Created"
2026-09-25 05:42:36,358 [INFO] httpx: HTTP Request: POST http://test/api/v1/scenarios/ "HTTP/1.1 201 Created"
2026-09-25 05:42:36,360 [INFO] httpx: HTTP Request: PUT http://test/api/v1/scenarios/protected-case "HTTP/1.1 403 Forbidden"
2026-09-25 05:42:36,389 [INFO] httpx: HTTP Request: POST http://test/api/v1/negotiation/start "HTTP/1.1 200 OK"
2026-09-25 05:42:36,395 [INFO] httpx: HTTP Request: POST http://test/api/v1/negotiation/message "HTTP/1.1 200 OK"
2026-09-25 05:42:36,409 [INFO] httpx: HTTP Request: POST http://test/api/v1/negotiation/end?session_id=4539f65e-7157-4d2d-8f34-275156e8f987 "HTTP/1.1 200 OK"
2026-09-25 05:42:36,439 [INFO] httpx: HTTP Request: POST http://test/api/v1/negotiation/start "HTTP/1.1 200 OK"
2026-09-25 05:42:36,445 [INFO] httpx: HTTP Request: POST http://test/api/v1/negotiation/message "HTTP/1.1 200 OK"
2026-09-25 05:42:36,457 [INFO] httpx: HTTP Request: POST http://test/api/v1/negotiation/end?session_id=09210d84-fba8-442a-b819-bf94aac8c79d "HTTP/1.1 200 OK"
2026-09-25 05:42:36,462 [INFO] httpx: HTTP Request: GET http://test/api/v1/negotiation/analysis/09210d84-fba8-442a-b819-bf94aac8c79d "HTTP/1.1 200 OK"
2026-09-25 05:42:36,490 [INFO] httpx: HTTP Request: POST http://test/api/v1/negotiation/start "HTTP/1.1 200 OK"
2026-09-25 05:42:36,496 [INFO] httpx: HTTP Request: POST http://test/api/v1/negotiation/message "HTTP/1.1 200 OK"
2026-09-25 05:42:36,508 [INFO] httpx: HTTP Request: POST http://test/api/v1/negotiation/end?session_id=7fb08d53-d5f9-40ce-b760-0e87b8644023 "HTTP/1.1 200 OK"
2026-09-25 05:42:36,719 [INFO] httpx: HTTP Request: POST http://test/api/v1/auth/register "HTTP/1.1 201 Created"
2026-09-25 05:42:36,735 [INFO] httpx: HTTP Request: POST http://test/api/v1/auth/register "HTTP/1.1 422 Unprocessable Entity"
2026-09-25 05:42:36,756 [INFO] httpx: HTTP Request: POST http://test/api/v1/auth/register "HTTP/1.1 400 Bad Request"
2026-09-25 05:42:36,965 [INFO] httpx: HTTP Request: POST http://test/api/v1/auth/register "HTTP/1.1 201 Created"
2026-09-25 05:42:37,173 [INFO] httpx: HTTP Request: POST http://test/api/v1/auth/register "HTTP/1.1 201 Created"
2026-09-25 05:42:37,372 [INFO] httpx: HTTP Request: POST http://test/api/v1/auth/login "HTTP/1.1 200 OK"
2026-09-25 05:42:37,581 [INFO] httpx: HTTP Request: POST http://test/api/v1/auth/register "HTTP/1.1 201 Created"
2026-09-25 05:42:37,773 [INFO] httpx: HTTP Request: POST http://test/api/v1/auth/login "HTTP/1.1 401 Unauthorized"
2026-09-25 05:42:37,983 [INFO] httpx: HTTP Request: POST http://test/api/v1/auth/register "HTTP/1.1 201 Created"
2026-09-25 05:42:37,987 [INFO] httpx: HTTP Request: POST http://test/api/v1/auth/onboarding "HTTP/1.1 200 OK"
2026-09-25 05:42:38,196 [INFO] httpx: HTTP Request: POST http://test/api/v1/auth/register "HTTP/1.1 201 Created"
2026-09-25 05:42:38,200 [INFO] httpx: HTTP Request: POST http://test/api/v1/auth/onboarding "HTTP/1.1 400 Bad Request"
2026-09-25 05:42:38,407 [INFO] httpx: HTTP Request: POST http://test/api/v1/auth/register "HTTP/1.1 201 Created"
2026-09-25 05:42:38,410 [INFO] httpx: HTTP Request: POST http://test/api/v1/auth/onboarding "HTTP/1.1 422 Unprocessable Entity"
2026-09-25 05:42:38,623 [INFO] httpx: HTTP Request: POST http://test/api/v1/auth/register/admin "HTTP/1.1 201 Created"
2026-09-25 05:42:38,643 [INFO] httpx: HTTP Request: POST http://test/api/v1/auth/register/admin "HTTP/1.1 422 Unprocessable Entity"
2026-09-25 05:42:38,664 [INFO] httpx: HTTP Request: POST http://test/api/v1/auth/register/admin "HTTP/1.1 400 Bad Request"
2026-09-25 05:42:38,872 [INFO] httpx: HTTP Request: POST http://test/api/v1/auth/register/admin "HTTP/1.1 201 Created"
2026-09-25 05:42:39,061 [INFO] httpx: HTTP Request: POST http://test/api/v1/auth/login/admin "HTTP/1.1 200 OK"
2026-09-25 05:42:39,276 [INFO] httpx: HTTP Request: POST http://test/api/v1/auth/register "HTTP/1.1 201 Created"
2026-09-25 05:42:39,474 [INFO] httpx: HTTP Request: POST http://test/api/v1/auth/login/admin "HTTP/1.1 403 Forbidden"
2026-09-25 05:42:39,686 [INFO] httpx: HTTP Request: POST http://test/api/v1/auth/register/admin "HTTP/1.1 201 Created"
2026-09-25 05:42:39,874 [INFO] httpx: HTTP Request: POST http://test/api/v1/auth/login/admin "HTTP/1.1 401 Unauthorized"
2026-09-25 05:42:40,082 [INFO] httpx: HTTP Request: POST http://test/api/v1/auth/register "HTTP/1.1 201 Created"
2026-09-25 05:42:40,085 [INFO] httpx: HTTP Request: GET http://test/api/v1/auth/me "HTTP/1.1 200 OK"
2026-09-25 05:42:40,104 [INFO] httpx: HTTP Request: GET http://test/api/v1/auth/me "HTTP/1.1 401 Unauthorized"
2026-09-25 05:42:40,311 [INFO] httpx: HTTP Request: POST http://test/api/v1/auth/register/admin "HTTP/1.1 201 Created"
2026-09-25 05:42:40,314 [INFO] httpx: HTTP Request: GET http://test/api/v1/auth/me "HTTP/1.1 200 OK"
2026-09-25 05:42:40,524 [INFO] httpx: HTTP Request: POST http://test/api/v1/auth/register/admin "HTTP/1.1 201 Created"
2026-09-25 05:42:40,527 [INFO] httpx: HTTP Request: POST http://test/api/v1/auth/onboarding "HTTP/1.1 403 Forbidden"
2026-09-25 05:42:40,547 [INFO] httpx: HTTP Request: GET http://test/api/v1/auth/me "HTTP/1.1 200 OK"
2026-09-25 05:42:40,754 [INFO] httpx: HTTP Request: POST http://test/api/v1/auth/register "HTTP/1.1 201 Created"
2026-09-25 05:42:40,757 [INFO] httpx: HTTP Request: GET http://test/api/v1/auth/me "HTTP/1.1 200 OK"
2026-09-25 05:42:40,788 [INFO] httpx: HTTP Request: GET http://test/api/v1/negotiation/briefing/scenario-1 "HTTP/1.1 200 OK"
2026-09-25 05:42:40,814 [INFO] httpx: HTTP Request: GET http://test/api/v1/negotiation/briefing/scenario-1 "HTTP/1.1 200 OK"
2026-09-25 05:42:40,870 [INFO] httpx: HTTP Request: GET http://test/api/v1/negotiation/briefing/ghost "HTTP/1.1 404 Not Found"
2026-09-25 05:42:40,890 [INFO] httpx: HTTP Request: GET http://test/api/v1/negotiation/briefing/scenario-1 "HTTP/1.1 401 Unauthorized"
2026-09-25 05:42:41,102 [INFO] httpx: HTTP Request: POST http://test/api/v1/auth/register/admin "HTTP/1.1 201 Created"
2026-09-25 05:42:41,104 [INFO] httpx: HTTP Request: GET http://test/api/v1/negotiation/briefing/scenario-1 "HTTP/1.1 403 Forbidden"
2026-09-25 05:42:41,121 [INFO] httpx: HTTP Request: POST http://test/api/v1/auth/register "HTTP/1.1 400 Bad Request"
2026-09-25 05:42:41,332 [INFO] httpx: HTTP Request: POST http://test/api/v1/auth/register "HTTP/1.1 201 Created"
2026-09-25 05:42:41,545 [INFO] httpx: HTTP Request: POST http://test/api/v1/auth/register "HTTP/1.1 201 Created"
2026-09-25 05:42:41,886 [INFO] httpx: HTTP Request: POST http://test/api/v1/auth/register "HTTP/1.1 201 Created"
2026-09-25 05:42:41,889 [INFO] httpx: HTTP Request: GET http://test/api/v1/auth/me "HTTP/1.1 200 OK"
2026-09-25 05:42:41,905 [INFO] httpx: HTTP Request: POST http://test/api/v1/auth/register/admin "HTTP/1.1 400 Bad Request"
2026-09-25 05:42:42,117 [INFO] httpx: HTTP Request: POST http://test/api/v1/auth/register/admin "HTTP/1.1 201 Created"
2026-09-25 05:42:42,327 [INFO] httpx: HTTP Request: POST http://test/api/v1/auth/register/admin "HTTP/1.1 201 Created"
2026-09-25 05:42:42,334 [INFO] httpx: HTTP Request: POST http://test/api/v1/scenarios/ "HTTP/1.1 201 Created"
2026-09-25 05:42:42,339 [INFO] httpx: HTTP Request: DELETE http://test/api/v1/scenarios/to-delete "HTTP/1.1 204 No Content"
2026-09-25 05:42:42,341 [INFO] httpx: HTTP Request: GET http://test/api/v1/scenarios/to-delete "HTTP/1.1 404 Not Found"
2026-09-25 05:42:42,551 [INFO] httpx: HTTP Request: POST http://test/api/v1/auth/register/admin "HTTP/1.1 201 Created"
2026-09-25 05:42:42,741 [INFO] httpx: HTTP Request: POST http://test/api/v1/auth/register/admin "HTTP/1.1 201 Created"
2026-09-25 05:42:42,747 [INFO] httpx: HTTP Request: POST http://test/api/v1/scenarios/ "HTTP/1.1 201 Created"
2026-09-25 05:42:42,750 [INFO] httpx: HTTP Request: DELETE http://test/api/v1/scenarios/protected-del "HTTP/1.1 403 Forbidden"
2026-09-25 05:42:42,959 [INFO] httpx: HTTP Request: POST http://test/api/v1/auth/register/admin "HTTP/1.1 201 Created"
2026-09-25 05:42:42,963 [INFO] httpx: HTTP Request: DELETE http://test/api/v1/scenarios/ghost "HTTP/1.1 404 Not Found"
2026-09-25 05:42:43,176 [INFO] httpx: HTTP Request: POST http://test/api/v1/auth/register/admin "HTTP/1.1 201 Created"
2026-09-25 05:42:43,182 [INFO] httpx: HTTP Request: POST http://test/api/v1/scenarios/ "HTTP/1.1 201 Created"
2026-09-25 05:42:43,186 [INFO] httpx: HTTP Request: POST http://test/api/v1/scenarios/detach-case/publish "HTTP/1.1 200 OK"
2026-09-25 05:42:43,192 [INFO] httpx: HTTP Request: POST http://test/api/v1/negotiation/start "HTTP/1.1 200 OK"
2026-09-25 05:42:43,196 [INFO] httpx: HTTP Request: DELETE http://test/api/v1/scenarios/detach-case "HTTP/1.1 204 No Content"
2026-09-25 05:42:43,201 [INFO] httpx: HTTP Request: GET http://test/api/v1/negotiation/sessions/user-1 "HTTP/1.1 200 OK"
2026-09-25 05:42:43,411 [INFO] httpx: HTTP Request: POST http://test/api/v1/auth/register/admin "HTTP/1.1 201 Created"
2026-09-25 05:42:43,416 [INFO] httpx: HTTP Request: POST http://test/api/v1/scenarios/ "HTTP/1.1 201 Created"
2026-09-25 05:42:43,421 [INFO] httpx: HTTP Request: POST http://test/api/v1/scenarios/fk-case/publish "HTTP/1.1 200 OK"
2026-09-25 05:42:43,430 [INFO] httpx: HTTP Request: POST http://test/api/v1/invite/a1LFsQawhms4A3sf "HTTP/1.1 200 OK"
2026-09-25 05:42:43,434 [INFO] httpx: HTTP Request: GET http://test/api/v1/users/user-1/added-cases "HTTP/1.1 200 OK"
2026-09-25 05:42:43,439 [INFO] httpx: HTTP Request: DELETE http://test/api/v1/scenarios/fk-case "HTTP/1.1 204 No Content"
2026-09-25 05:42:43,441 [INFO] httpx: HTTP Request: GET http://test/api/v1/users/user-1/added-cases "HTTP/1.1 200 OK"
2026-09-25 05:42:43,459 [INFO] httpx: HTTP Request: GET http://test/api/v1/health/ "HTTP/1.1 200 OK"
2026-09-25 05:42:43,475 [INFO] httpx: HTTP Request: GET http://test/ "HTTP/1.1 200 OK"
2026-09-25 05:42:43,493 [INFO] httpx: HTTP Request: GET http://test/api/v1/health/ "HTTP/1.1 200 OK"
2026-09-25 05:42:43,517 [INFO] httpx: HTTP Request: GET http://test/api/v1/negotiation/sessions/user-1 "HTTP/1.1 200 OK"
2026-09-25 05:42:43,543 [INFO] httpx: HTTP Request: POST http://test/api/v1/negotiation/start "HTTP/1.1 200 OK"
2026-09-25 05:42:43,547 [INFO] httpx: HTTP Request: GET http://test/api/v1/negotiation/sessions/user-1 "HTTP/1.1 200 OK"
2026-09-25 05:42:43,573 [INFO] httpx: HTTP Request: POST http://test/api/v1/negotiation/start "HTTP/1.1 200 OK"
2026-09-25 05:42:43,579 [INFO] httpx: HTTP Request: POST http://test/api/v1/negotiation/message "HTTP/1.1 200 OK"
2026-09-25 05:42:43,583 [INFO] httpx: HTTP Request: GET http://test/api/v1/negotiation/sessions/84590df8-61c4-4d87-8857-dbc9ba6de85c/messages "HTTP/1.1 200 OK"
2026-09-25 05:42:43,609 [INFO] httpx: HTTP Request: POST http://test/api/v1/negotiation/start "HTTP/1.1 200 OK"
2026-09-25 05:42:43,614 [INFO] httpx: HTTP Request: POST http://test/api/v1/negotiation/447370f8-740b-46c9-97c4-7f556facba7b/interrupt "HTTP/1.1 200 OK"
2026-09-25 05:42:43,643 [INFO] httpx: HTTP Request: POST http://test/api/v1/negotiation/start "HTTP/1.1 200 OK"
2026-09-25 05:42:43,649 [INFO] httpx: HTTP Request: POST http://test/api/v1/negotiation/ded29a98-6b95-4a3f-97f6-aa710b26a727/interrupt "HTTP/1.1 200 OK"
2026-09-25 05:42:43,651 [INFO] httpx: HTTP Request: POST http://test/api/v1/negotiation/ded29a98-6b95-4a3f-97f6-aa710b26a727/interrupt "HTTP/1.1 200 OK"
2026-09-25 05:42:43,676 [INFO] httpx: HTTP Request: POST http://test/api/v1/negotiation/start "HTTP/1.1 200 OK"
2026-09-25 05:42:43,682 [INFO] httpx: HTTP Request: POST http://test/api/v1/negotiation/message "HTTP/1.1 200 OK"
2026-09-25 05:42:43,694 [INFO] httpx: HTTP Request: POST http://test/api/v1/negotiation/end?session_id=83221613-bf35-44f4-978e-ef6f060cc56b "HTTP/1.1 200 OK"
2026-09-25 05:42:43,697 [INFO] httpx: HTTP Request: POST http://test/api/v1/negotiation/83221613-bf35-44f4-978e-ef6f060cc56b/interrupt "HTTP/1.1 400 Bad Request"
2026-09-25 05:42:43,720 [INFO] httpx: HTTP Request: POST http://test/api/v1/negotiation/ghost-session/interrupt "HTTP/1.1 404 Not Found"
2026-09-25 05:42:43,745 [INFO] httpx: HTTP Request: POST http://test/api/v1/negotiation/start "HTTP/1.1 200 OK"
2026-09-25 05:42:43,750 [INFO] httpx: HTTP Request: POST http://test/api/v1/negotiation/dfca3cd3-dc31-4a71-8a0f-65b432add758/interrupt "HTTP/1.1 200 OK"
2026-09-25 05:42:43,753 [INFO] httpx: HTTP Request: POST http://test/api/v1/negotiation/message "HTTP/1.1 400 Bad Request"
2026-09-25 05:42:43,777 [INFO] httpx: HTTP Request: POST http://test/api/v1/negotiation/start "HTTP/1.1 200 OK"
2026-09-25 05:42:43,783 [INFO] httpx: HTTP Request: POST http://test/api/v1/negotiation/7cd6d57d-3192-4d8e-bd94-0ab86394c3cf/interrupt "HTTP/1.1 200 OK"
2026-09-25 05:42:43,786 [INFO] httpx: HTTP Request: POST http://test/api/v1/negotiation/end?session_id=7cd6d57d-3192-4d8e-bd94-0ab86394c3cf "HTTP/1.1 400 Bad Request"
2026-09-25 05:42:43,808 [INFO] httpx: HTTP Request: GET http://test/api/v1/users/user-1/interrupted-session "HTTP/1.1 200 OK"
2026-09-25 05:42:43,833 [INFO] httpx: HTTP Request: POST http://test/api/v1/negotiation/start "HTTP/1.1 200 OK"
2026-09-25 05:42:43,837 [INFO] httpx: HTTP Request: POST http://test/api/v1/negotiation/start "HTTP/1.1 200 OK"
2026-09-25 05:42:43,842 [INFO] httpx: HTTP Request: POST http://test/api/v1/negotiation/8d601331-329b-4cd0-b375-ac31bcf3a830/interrupt "HTTP/1.1 200 OK"
2026-09-25 05:42:43,846 [INFO] httpx: HTTP Request: POST http://test/api/v1/negotiation/d6728d3e-abc5-4c6c-810c-73ea09761477/interrupt "HTTP/1.1 200 OK"
2026-09-25 05:42:43,850 [INFO] httpx: HTTP Request: GET http://test/api/v1/users/user-1/interrupted-session "HTTP/1.1 200 OK"
2026-09-25 05:42:43,870 [INFO] httpx: HTTP Request: GET http://test/api/v1/users/user-1/interrupted-session "HTTP/1.1 401 Unauthorized"
2026-09-25 05:42:44,081 [INFO] httpx: HTTP Request: POST http://test/api/v1/auth/register/admin "HTTP/1.1 201 Created"
2026-09-25 05:42:44,087 [INFO] httpx: HTTP Request: POST http://test/api/v1/scenarios/ "HTTP/1.1 201 Created"
2026-09-25 05:42:44,091 [INFO] httpx: HTTP Request: POST http://test/api/v1/scenarios/prev-case/publish "HTTP/1.1 200 OK"
2026-09-25 05:42:44,094 [INFO] httpx: HTTP Request: GET http://test/api/v1/invite/qPzz6jPdBxY-WyNG "HTTP/1.1 200 OK"
2026-09-25 05:42:44,113 [INFO] httpx: HTTP Request: GET http://test/api/v1/invite/nonexistent-code-xyz "HTTP/1.1 404 Not Found"
2026-09-25 05:42:44,320 [INFO] httpx: HTTP Request: POST http://test/api/v1/auth/register/admin "HTTP/1.1 201 Created"
2026-09-25 05:42:44,326 [INFO] httpx: HTTP Request: POST http://test/api/v1/scenarios/ "HTTP/1.1 201 Created"
2026-09-25 05:42:44,330 [INFO] httpx: HTTP Request: POST http://test/api/v1/scenarios/arch-prev-case/publish "HTTP/1.1 200 OK"
2026-09-25 05:42:44,334 [INFO] httpx: HTTP Request: POST http://test/api/v1/scenarios/arch-prev-case/archive "HTTP/1.1 200 OK"
2026-09-25 05:42:44,337 [INFO] httpx: HTTP Request: GET http://test/api/v1/invite/4UYQU3Ccxv4gY0Nz "HTTP/1.1 410 Gone"
2026-09-25 05:42:44,554 [INFO] httpx: HTTP Request: POST http://test/api/v1/auth/register/admin "HTTP/1.1 201 Created"
2026-09-25 05:42:44,560 [INFO] httpx: HTTP Request: POST http://test/api/v1/scenarios/ "HTTP/1.1 201 Created"
2026-09-25 05:42:44,565 [INFO] httpx: HTTP Request: POST http://test/api/v1/scenarios/accept-case/publish "HTTP/1.1 200 OK"
2026-09-25 05:42:44,570 [INFO] httpx: HTTP Request: POST http://test/api/v1/invite/mrSU1juH7e4J6xng "HTTP/1.1 200 OK"
2026-09-25 05:42:44,777 [INFO] httpx: HTTP Request: POST http://test/api/v1/auth/register/admin "HTTP/1.1 201 Created"
2026-09-25 05:42:44,783 [INFO] httpx: HTTP Request: POST http://test/api/v1/scenarios/ "HTTP/1.1 201 Created"
2026-09-25 05:42:44,787 [INFO] httpx: HTTP Request: POST http://test/api/v1/scenarios/idem-case/publish "HTTP/1.1 200 OK"
2026-09-25 05:42:44,792 [INFO] httpx: HTTP Request: POST http://test/api/v1/invite/S22Oq5FvSdE65wrL "HTTP/1.1 200 OK"
2026-09-25 05:42:44,794 [INFO] httpx: HTTP Request: POST http://test/api/v1/invite/S22Oq5FvSdE65wrL "HTTP/1.1 200 OK"
2026-09-25 05:42:45,001 [INFO] httpx: HTTP Request: POST http://test/api/v1/auth/register/admin "HTTP/1.1 201 Created"
2026-09-25 05:42:45,007 [INFO] httpx: HTTP Request: POST http://test/api/v1/scenarios/ "HTTP/1.1 201 Created"
2026-09-25 05:42:45,012 [INFO] httpx: HTTP Request: POST http://test/api/v1/scenarios/noauth-case/publish "HTTP/1.1 200 OK"
2026-09-25 05:42:45,013 [INFO] httpx: HTTP Request: POST http://test/api/v1/invite/sopWXs6s7a9wB1Mx "HTTP/1.1 401 Unauthorized"
2026-09-25 05:42:45,243 [INFO] httpx: HTTP Request: POST http://test/api/v1/auth/register/admin "HTTP/1.1 201 Created"
2026-09-25 05:42:45,444 [INFO] httpx: HTTP Request: POST http://test/api/v1/auth/register/admin "HTTP/1.1 201 Created"
2026-09-25 05:42:45,451 [INFO] httpx: HTTP Request: POST http://test/api/v1/scenarios/ "HTTP/1.1 201 Created"
2026-09-25 05:42:45,455 [INFO] httpx: HTTP Request: POST http://test/api/v1/scenarios/admin-inv-case/publish "HTTP/1.1 200 OK"
2026-09-25 05:42:45,457 [INFO] httpx: HTTP Request: POST http://test/api/v1/invite/__XaNeRSCxfmUnGj "HTTP/1.1 403 Forbidden"
2026-09-25 05:42:45,484 [INFO] httpx: HTTP Request: GET http://test/api/v1/users/user-1/added-cases "HTTP/1.1 200 OK"
2026-09-25 05:42:45,695 [INFO] httpx: HTTP Request: POST http://test/api/v1/auth/register/admin "HTTP/1.1 201 Created"
2026-09-25 05:42:45,701 [INFO] httpx: HTTP Request: POST http://test/api/v1/scenarios/ "HTTP/1.1 201 Created"
2026-09-25 05:42:45,706 [INFO] httpx: HTTP Request: POST http://test/api/v1/scenarios/list-add-case/publish "HTTP/1.1 200 OK"
2026-09-25 05:42:45,711 [INFO] httpx: HTTP Request: POST http://test/api/v1/invite/QPOjYRT5UAEF8dgB "HTTP/1.1 200 OK"
2026-09-25 05:42:45,715 [INFO] httpx: HTTP Request: GET http://test/api/v1/users/user-1/added-cases "HTTP/1.1 200 OK"
2026-09-25 05:42:45,924 [INFO] httpx: HTTP Request: POST http://test/api/v1/auth/register "HTTP/1.1 201 Created"
2026-09-25 05:42:45,927 [INFO] httpx: HTTP Request: POST http://test/api/v1/auth/onboarding "HTTP/1.1 200 OK"
2026-09-25 05:42:45,937 [INFO] httpx: HTTP Request: POST http://test/api/v1/negotiation/start "HTTP/1.1 200 OK"
2026-09-25 05:42:46,143 [INFO] httpx: HTTP Request: POST http://test/api/v1/auth/register "HTTP/1.1 201 Created"
2026-09-25 05:42:46,147 [INFO] httpx: HTTP Request: POST http://test/api/v1/auth/onboarding "HTTP/1.1 200 OK"
2026-09-25 05:42:46,152 [INFO] httpx: HTTP Request: POST http://test/api/v1/negotiation/start "HTTP/1.1 404 Not Found"
2026-09-25 05:42:46,358 [INFO] httpx: HTTP Request: POST http://test/api/v1/auth/register "HTTP/1.1 201 Created"
2026-09-25 05:42:46,363 [INFO] httpx: HTTP Request: POST http://test/api/v1/auth/onboarding "HTTP/1.1 200 OK"
2026-09-25 05:42:46,370 [INFO] httpx: HTTP Request: POST http://test/api/v1/negotiation/start "HTTP/1.1 200 OK"
2026-09-25 05:42:46,374 [INFO] httpx: HTTP Request: POST http://test/api/v1/negotiation/message "HTTP/1.1 200 OK"
2026-09-25 05:42:46,580 [INFO] httpx: HTTP Request: POST http://test/api/v1/auth/register "HTTP/1.1 201 Created"
2026-09-25 05:42:46,586 [INFO] httpx: HTTP Request: POST http://test/api/v1/auth/onboarding "HTTP/1.1 200 OK"
2026-09-25 05:42:46,589 [INFO] httpx: HTTP Request: POST http://test/api/v1/negotiation/message "HTTP/1.1 404 Not Found"
2026-09-25 05:42:46,797 [INFO] httpx: HTTP Request: POST http://test/api/v1/auth/register "HTTP/1.1 201 Created"
2026-09-25 05:42:46,801 [INFO] httpx: HTTP Request: POST http://test/api/v1/auth/onboarding "HTTP/1.1 200 OK"
2026-09-25 05:42:46,809 [INFO] httpx: HTTP Request: POST http://test/api/v1/negotiation/start "HTTP/1.1 200 OK"
2026-09-25 05:42:46,815 [INFO] httpx: HTTP Request: POST http://test/api/v1/negotiation/message "HTTP/1.1 200 OK"
2026-09-25 05:42:46,827 [INFO] httpx: HTTP Request: POST http://test/api/v1/negotiation/end?session_id=69fe9c7a-5ce8-4a18-9bbf-102666848c68 "HTTP/1.1 200 OK"
2026-09-25 05:42:47,034 [INFO] httpx: HTTP Request: POST http://test/api/v1/auth/register "HTTP/1.1 201 Created"
2026-09-25 05:42:47,037 [INFO] httpx: HTTP Request: POST http://test/api/v1/auth/onboarding "HTTP/1.1 200 OK"
2026-09-25 05:42:47,046 [INFO] httpx: HTTP Request: POST http://test/api/v1/negotiation/start "HTTP/1.1 200 OK"
2026-09-25 05:42:47,052 [INFO] httpx: HTTP Request: POST http://test/api/v1/negotiation/message "HTTP/1.1 200 OK"
2026-09-25 05:42:47,065 [INFO] httpx: HTTP Request: POST http://test/api/v1/negotiation/end?session_id=397b80a2-9678-4a0e-ac8b-aa55a9e22eb3 "HTTP/1.1 200 OK"
2026-09-25 05:42:47,068 [INFO] httpx: HTTP Request: GET http://test/api/v1/negotiation/analysis/397b80a2-9678-4a0e-ac8b-aa55a9e22eb3 "HTTP/1.1 200 OK"
2026-09-25 05:42:47,276 [INFO] httpx: HTTP Request: POST http://test/api/v1/auth/register "HTTP/1.1 201 Created"
2026-09-25 05:42:47,281 [INFO] httpx: HTTP Request: POST http://test/api/v1/auth/onboarding "HTTP/1.1 200 OK"
2026-09-25 05:42:47,334 [INFO] httpx: HTTP Request: POST http://test/api/v1/negotiation/start "HTTP/1.1 200 OK"
2026-09-25 05:42:47,338 [INFO] httpx: HTTP Request: POST http://test/api/v1/negotiation/message "HTTP/1.1 200 OK"
2026-09-25 05:42:47,351 [INFO] httpx: HTTP Request: POST http://test/api/v1/negotiation/end?session_id=86efd176-862d-493a-b468-dd25f7cbfcce "HTTP/1.1 200 OK"
2026-09-25 05:42:47,354 [INFO] httpx: HTTP Request: POST http://test/api/v1/negotiation/message "HTTP/1.1 400 Bad Request"
2026-09-25 05:42:47,560 [INFO] httpx: HTTP Request: POST http://test/api/v1/auth/register/admin "HTTP/1.1 201 Created"
2026-09-25 05:42:47,562 [INFO] httpx: HTTP Request: POST http://test/api/v1/negotiation/start "HTTP/1.1 403 Forbidden"
2026-09-25 05:42:47,583 [INFO] httpx: HTTP Request: POST http://test/api/v1/negotiation/start "HTTP/1.1 401 Unauthorized"
2026-09-25 05:42:47,791 [INFO] httpx: HTTP Request: POST http://test/api/v1/auth/register "HTTP/1.1 201 Created"
2026-09-25 05:42:47,795 [INFO] httpx: HTTP Request: POST http://test/api/v1/auth/onboarding "HTTP/1.1 200 OK"
2026-09-25 05:42:47,803 [INFO] httpx: HTTP Request: POST http://test/api/v1/negotiation/start "HTTP/1.1 200 OK"
2026-09-25 05:42:47,810 [INFO] httpx: HTTP Request: POST http://test/api/v1/negotiation/message "HTTP/1.1 200 OK"
2026-09-25 05:42:47,822 [INFO] httpx: HTTP Request: POST http://test/api/v1/negotiation/end?session_id=4a1ada10-ad86-461f-b885-53346300e97b "HTTP/1.1 200 OK"
2026-09-25 05:42:47,826 [INFO] httpx: HTTP Request: GET http://test/api/v1/negotiation/analysis/4a1ada10-ad86-461f-b885-53346300e97b "HTTP/1.1 403 Forbidden"
2026-09-25 05:42:48,036 [INFO] httpx: HTTP Request: POST http://test/api/v1/auth/register "HTTP/1.1 201 Created"
2026-09-25 05:42:48,041 [INFO] httpx: HTTP Request: POST http://test/api/v1/auth/onboarding "HTTP/1.1 200 OK"
2026-09-25 05:42:48,048 [INFO] httpx: HTTP Request: POST http://test/api/v1/negotiation/start "HTTP/1.1 200 OK"
2026-09-25 05:42:48,051 [INFO] httpx: HTTP Request: POST http://test/api/v1/negotiation/message "HTTP/1.1 403 Forbidden"
2026-09-25 05:42:48,257 [INFO] httpx: HTTP Request: POST http://test/api/v1/auth/register "HTTP/1.1 201 Created"
2026-09-25 05:42:48,262 [INFO] httpx: HTTP Request: POST http://test/api/v1/auth/onboarding "HTTP/1.1 200 OK"
2026-09-25 05:42:48,269 [INFO] httpx: HTTP Request: POST http://test/api/v1/negotiation/start "HTTP/1.1 200 OK"
2026-09-25 05:42:48,273 [INFO] httpx: HTTP Request: POST http://test/api/v1/negotiation/d4199114-2fda-4c3c-a6d0-8b8bb27e8c39/interrupt "HTTP/1.1 403 Forbidden"
2026-09-25 05:42:48,477 [INFO] httpx: HTTP Request: POST http://test/api/v1/auth/register "HTTP/1.1 201 Created"
2026-09-25 05:42:48,482 [INFO] httpx: HTTP Request: POST http://test/api/v1/auth/onboarding "HTTP/1.1 200 OK"
2026-09-25 05:42:48,489 [INFO] httpx: HTTP Request: POST http://test/api/v1/negotiation/start "HTTP/1.1 200 OK"
2026-09-25 05:42:48,492 [INFO] httpx: HTTP Request: POST http://test/api/v1/negotiation/end?session_id=cda27b97-144c-4698-9d32-f9a5928967dd "HTTP/1.1 403 Forbidden"
2026-09-25 05:42:48,700 [INFO] httpx: HTTP Request: POST http://test/api/v1/auth/register "HTTP/1.1 201 Created"
2026-09-25 05:42:48,704 [INFO] httpx: HTTP Request: POST http://test/api/v1/auth/onboarding "HTTP/1.1 200 OK"
2026-09-25 05:42:48,708 [INFO] httpx: HTTP Request: GET http://test/api/v1/negotiation/sessions/user-1 "HTTP/1.1 403 Forbidden"
2026-09-25 05:42:48,919 [INFO] httpx: HTTP Request: POST http://test/api/v1/auth/register "HTTP/1.1 201 Created"
2026-09-25 05:42:48,923 [INFO] httpx: HTTP Request: POST http://test/api/v1/auth/onboarding "HTTP/1.1 200 OK"
2026-09-25 05:42:48,926 [INFO] httpx: HTTP Request: GET http://test/api/v1/users/user-1/skills "HTTP/1.1 403 Forbidden"
2026-09-25 05:42:49,136 [INFO] httpx: HTTP Request: POST http://test/api/v1/auth/register "HTTP/1.1 201 Created"
2026-09-25 05:42:49,140 [INFO] httpx: HTTP Request: POST http://test/api/v1/auth/onboarding "HTTP/1.1 200 OK"
2026-09-25 05:42:49,145 [INFO] httpx: HTTP Request: GET http://test/api/v1/users/user-1/recommendations "HTTP/1.1 403 Forbidden"
2026-09-25 05:42:49,351 [INFO] httpx: HTTP Request: POST http://test/api/v1/auth/register "HTTP/1.1 201 Created"
2026-09-25 05:42:49,355 [INFO] httpx: HTTP Request: POST http://test/api/v1/auth/onboarding "HTTP/1.1 200 OK"
2026-09-25 05:42:49,357 [INFO] httpx: HTTP Request: GET http://test/api/v1/negotiation/progress/user-1 "HTTP/1.1 403 Forbidden"
2026-09-25 05:42:49,387 [INFO] httpx: HTTP Request: POST http://test/api/v1/auth/register "HTTP/1.1 422 Unprocessable Entity"
2026-09-25 05:42:49,420 [INFO] httpx: HTTP Request: POST http://test/api/v1/auth/register "HTTP/1.1 422 Unprocessable Entity"
2026-09-25 05:42:49,440 [INFO] httpx: HTTP Request: POST http://test/api/v1/auth/register "HTTP/1.1 422 Unprocessable Entity"
2026-09-25 05:42:49,457 [INFO] httpx: HTTP Request: POST http://test/api/v1/auth/register "HTTP/1.1 422 Unprocessable Entity"
2026-09-25 05:42:49,662 [INFO] httpx: HTTP Request: POST http://test/api/v1/auth/register "HTTP/1.1 201 Created"
2026-09-25 05:42:49,864 [INFO] httpx: HTTP Request: POST http://test/api/v1/auth/register "HTTP/1.1 201 Created"
2026-09-25 05:42:50,069 [INFO] httpx: HTTP Request: POST http://test/api/v1/auth/register "HTTP/1.1 201 Created"
2026-09-25 05:42:50,085 [INFO] httpx: HTTP Request: POST http://test/api/v1/auth/register/admin "HTTP/1.1 422 Unprocessable Entity"
2026-09-25 05:42:50,287 [INFO] httpx: HTTP Request: POST http://test/api/v1/auth/register/admin "HTTP/1.1 201 Created"
2026-09-25 05:42:50,310 [INFO] httpx: HTTP Request: GET http://test/api/v1/negotiation/progress/user-1 "HTTP/1.1 200 OK"
2026-09-25 05:42:50,336 [INFO] httpx: HTTP Request: POST http://test/api/v1/negotiation/start "HTTP/1.1 200 OK"
2026-09-25 05:42:50,341 [INFO] httpx: HTTP Request: POST http://test/api/v1/negotiation/message "HTTP/1.1 200 OK"
2026-09-25 05:42:50,353 [INFO] httpx: HTTP Request: POST http://test/api/v1/negotiation/end?session_id=4b15f060-0526-4a3e-b53b-08ae87ba4dc7 "HTTP/1.1 200 OK"
2026-09-25 05:42:50,356 [INFO] httpx: HTTP Request: GET http://test/api/v1/negotiation/progress/user-1 "HTTP/1.1 200 OK"
2026-09-25 05:42:50,382 [INFO] httpx: HTTP Request: POST http://test/api/v1/negotiation/start "HTTP/1.1 200 OK"
2026-09-25 05:42:50,387 [INFO] httpx: HTTP Request: POST http://test/api/v1/negotiation/message "HTTP/1.1 200 OK"
2026-09-25 05:42:50,400 [INFO] httpx: HTTP Request: POST http://test/api/v1/negotiation/end?session_id=1f6f7f57-041b-4597-977b-93bb0c8f170f "HTTP/1.1 200 OK"
2026-09-25 05:42:50,404 [INFO] httpx: HTTP Request: POST http://test/api/v1/negotiation/start "HTTP/1.1 200 OK"
2026-09-25 05:42:50,409 [INFO] httpx: HTTP Request: POST http://test/api/v1/negotiation/message "HTTP/1.1 200 OK"
2026-09-25 05:42:50,419 [INFO] httpx: HTTP Request: POST http://test/api/v1/negotiation/end?session_id=0fa637e6-42af-4d52-bbfd-0ded3fcb6281 "HTTP/1.1 200 OK"
2026-09-25 05:42:50,422 [INFO] httpx: HTTP Request: GET http://test/api/v1/negotiation/progress/user-1 "HTTP/1.1 200 OK"
2026-09-25 05:42:50,443 [INFO] httpx: HTTP Request: GET http://test/api/v1/negotiation/progress/user-1 "HTTP/1.1 401 Unauthorized"
2026-09-25 05:42:50,647 [INFO] httpx: HTTP Request: POST http://test/api/v1/auth/register/admin "HTTP/1.1 201 Created"
2026-09-25 05:42:50,650 [INFO] httpx: HTTP Request: GET http://test/api/v1/negotiation/progress/user-1 "HTTP/1.1 403 Forbidden"
2026-09-25 05:42:50,669 [INFO] httpx: HTTP Request: GET http://test/api/v1/scenarios/ "HTTP/1.1 200 OK"
2026-09-25 05:42:50,695 [INFO] httpx: HTTP Request: GET http://test/api/v1/scenarios/ "HTTP/1.1 200 OK"
2026-09-25 05:42:50,722 [INFO] httpx: HTTP Request: GET http://test/api/v1/scenarios/scenario-1 "HTTP/1.1 200 OK"
2026-09-25 05:42:50,750 [INFO] httpx: HTTP Request: GET http://test/api/v1/scenarios/nonexistent "HTTP/1.1 404 Not Found"
2026-09-25 05:42:50,955 [INFO] httpx: HTTP Request: POST http://test/api/v1/auth/register/admin "HTTP/1.1 201 Created"
2026-09-25 05:42:50,961 [INFO] httpx: HTTP Request: POST http://test/api/v1/scenarios/ "HTTP/1.1 201 Created"
2026-09-25 05:42:50,963 [INFO] httpx: HTTP Request: GET http://test/api/v1/scenarios/secret-draft "HTTP/1.1 404 Not Found"
2026-09-25 05:42:51,168 [INFO] httpx: HTTP Request: POST http://test/api/v1/auth/register/admin "HTTP/1.1 201 Created"
2026-09-25 05:42:51,175 [INFO] httpx: HTTP Request: POST http://test/api/v1/scenarios/ "HTTP/1.1 201 Created"
2026-09-25 05:42:51,179 [INFO] httpx: HTTP Request: GET http://test/api/v1/scenarios/admin-view/admin "HTTP/1.1 200 OK"
2026-09-25 05:42:51,236 [INFO] app.services.voice_service: [VOICE] Recognized: Hello world
2026-09-25 05:42:51,312 [INFO] httpx: HTTP Request: POST http://test/api/v1/negotiation/start "HTTP/1.1 200 OK"
2026-09-25 05:42:51,317 [INFO] httpx: HTTP Request: POST http://test/api/v1/negotiation/message "HTTP/1.1 200 OK"
2026-09-25 05:42:51,328 [INFO] httpx: HTTP Request: POST http://test/api/v1/negotiation/end?session_id=76ab019c-d04b-445e-8971-5885b2a786bf "HTTP/1.1 200 OK"
2026-09-25 05:42:51,333 [INFO] httpx: HTTP Request: GET http://test/api/v1/users/user-1/skills "HTTP/1.1 200 OK"
2026-09-25 05:42:51,355 [INFO] httpx: HTTP Request: GET http://test/api/v1/users/user-1/skills "HTTP/1.1 200 OK"
2026-09-25 05:42:51,375 [INFO] httpx: HTTP Request: GET http://test/api/v1/users/user-1/skills "HTTP/1.1 401 Unauthorized"
2026-09-25 05:42:51,582 [INFO] httpx: HTTP Request: POST http://test/api/v1/auth/register/admin "HTTP/1.1 201 Created"
2026-09-25 05:42:51,585 [INFO] httpx: HTTP Request: GET http://test/api/v1/users/user-1/skills "HTTP/1.1 403 Forbidden"
2026-09-25 05:42:51,611 [INFO] httpx: HTTP Request: POST http://test/api/v1/negotiation/start "HTTP/1.1 200 OK"
2026-09-25 05:42:51,617 [INFO] httpx: HTTP Request: POST http://test/api/v1/negotiation/message "HTTP/1.1 200 OK"
2026-09-25 05:42:51,622 [INFO] httpx: HTTP Request: POST http://test/api/v1/negotiation/message "HTTP/1.1 200 OK"
2026-09-25 05:42:51,626 [INFO] httpx: HTTP Request: POST http://test/api/v1/negotiation/message "HTTP/1.1 200 OK"
2026-09-25 05:42:51,637 [INFO] httpx: HTTP Request: POST http://test/api/v1/negotiation/end?session_id=be6f7b76-e5e6-4c72-94d5-ab5862a0a420 "HTTP/1.1 200 OK"
2026-09-25 05:42:51,663 [INFO] httpx: HTTP Request: POST http://test/api/v1/negotiation/start "HTTP/1.1 200 OK"
2026-09-25 05:42:51,667 [INFO] httpx: HTTP Request: POST http://test/api/v1/negotiation/message "HTTP/1.1 200 OK"
2026-09-25 05:42:51,673 [INFO] httpx: HTTP Request: POST http://test/api/v1/negotiation/message "HTTP/1.1 200 OK"
2026-09-25 05:42:51,685 [INFO] httpx: HTTP Request: POST http://test/api/v1/negotiation/end?session_id=6505ac52-033a-443c-82a7-0ae68c75fe58 "HTTP/1.1 200 OK"
2026-09-25 05:42:51,711 [INFO] httpx: HTTP Request: POST http://test/api/v1/negotiation/start "HTTP/1.1 200 OK"
2026-09-25 05:42:51,716 [INFO] httpx: HTTP Request: POST http://test/api/v1/negotiation/message "HTTP/1.1 200 OK"
2026-09-25 05:42:51,721 [INFO] httpx: HTTP Request: POST http://test/api/v1/negotiation/message "HTTP/1.1 200 OK"
2026-09-25 05:42:51,725 [INFO] httpx: HTTP Request: POST http://test/api/v1/negotiation/message "HTTP/1.1 200 OK"
2026-09-25 05:42:51,737 [INFO] httpx: HTTP Request: POST http://test/api/v1/negotiation/end?session_id=a70f093c-9b74-4f5e-bee4-050fe43564ab "HTTP/1.1 200 OK"
2026-09-25 05:42:51,741 [INFO] httpx: HTTP Request: GET http://test/api/v1/negotiation/analysis/a70f093c-9b74-4f5e-bee4-050fe43564ab "HTTP/1.1 200 OK"
2026-09-25 05:42:51,765 [INFO] httpx: HTTP Request: POST http://test/api/v1/negotiation/start "HTTP/1.1 200 OK"
2026-09-25 05:42:51,770 [INFO] httpx: HTTP Request: POST http://test/api/v1/negotiation/message "HTTP/1.1 200 OK"
2026-09-25 05:42:51,783 [INFO] httpx: HTTP Request: POST http://test/api/v1/negotiation/end?session_id=dbc4e41d-3282-407d-8906-d00d823bbae3 "HTTP/1.1 200 OK"
2026-09-25 05:42:51,809 [INFO] httpx: HTTP Request: POST http://test/api/v1/negotiation/start "HTTP/1.1 200 OK"
2026-09-25 05:42:51,814 [INFO] httpx: HTTP Request: POST http://test/api/v1/negotiation/voice "HTTP/1.1 200 OK"
2026-09-25 05:42:51,837 [INFO] httpx: HTTP Request: POST http://test/api/v1/negotiation/voice "HTTP/1.1 404 Not Found"
2026-09-25 05:42:51,856 [INFO] httpx: HTTP Request: POST http://test/api/v1/negotiation/voice "HTTP/1.1 401 Unauthorized"
2026-09-25 05:42:52,063 [INFO] httpx: HTTP Request: POST http://test/api/v1/auth/register/admin "HTTP/1.1 201 Created"
2026-09-25 05:42:52,066 [INFO] httpx: HTTP Request: POST http://test/api/v1/negotiation/voice "HTTP/1.1 403 Forbidden"
2026-09-25 05:42:52,097 [INFO] httpx: HTTP Request: POST http://test/api/v1/negotiation/start "HTTP/1.1 200 OK"
2026-09-25 05:42:52,162 [INFO] httpx: HTTP Request: POST http://test/api/v1/negotiation/message "HTTP/1.1 200 OK"
2026-09-25 05:42:52,174 [INFO] httpx: HTTP Request: POST http://test/api/v1/negotiation/end?session_id=92450816-6e3b-4c9d-bb3a-0d3ea142dec2 "HTTP/1.1 200 OK"
2026-09-25 05:42:52,199 [INFO] httpx: HTTP Request: POST http://test/api/v1/negotiation/start "HTTP/1.1 200 OK"
2026-09-25 05:42:52,205 [INFO] httpx: HTTP Request: POST http://test/api/v1/negotiation/message "HTTP/1.1 200 OK"
2026-09-25 05:42:52,217 [INFO] httpx: HTTP Request: POST http://test/api/v1/negotiation/end?session_id=b7cf27d5-1eb4-41d8-a2f6-8c40cdbabef1 "HTTP/1.1 200 OK"
2026-09-25 05:42:52,219 [INFO] httpx: HTTP Request: GET http://test/api/v1/auth/me "HTTP/1.1 200 OK"
2026-09-25 05:43:59,030 [INFO] httpx: HTTP Request: POST http://test/api/v1/auth/register/admin "HTTP/1.1 201 Created"
2026-09-25 05:43:59,039 [INFO] httpx: HTTP Request: POST http://test/api/v1/scenarios/ "HTTP/1.1 201 Created"
2026-09-25 05:43:59,251 [INFO] httpx: HTTP Request: POST http://test/api/v1/auth/register "HTTP/1.1 201 Created"
2026-09-25 05:43:59,255 [INFO] httpx: HTTP Request: POST http://test/api/v1/auth/onboarding "HTTP/1.1 200 OK"
2026-09-25 05:43:59,258 [INFO] httpx: HTTP Request: POST http://test/api/v1/scenarios/ "HTTP/1.1 403 Forbidden"
2026-09-25 05:43:59,461 [INFO] httpx: HTTP Request: POST http://test/api/v1/auth/register/admin "HTTP/1.1 201 Created"
2026-09-25 05:43:59,465 [INFO] httpx: HTTP Request: GET http://test/api/v1/scenarios/my "HTTP/1.1 200 OK"
2026-09-25 05:43:59,670 [INFO] httpx: HTTP Request: POST http://test/api/v1/auth/register/admin "HTTP/1.1 201 Created"
2026-09-25 05:43:59,859 [INFO] httpx: HTTP Request: POST http://test/api/v1/auth/register/admin "HTTP/1.1 201 Created"
2026-09-25 05:43:59,864 [INFO] httpx: HTTP Request: POST http://test/api/v1/scenarios/ "HTTP/1.1 201 Created"
2026-09-25 05:43:59,869 [INFO] httpx: HTTP Request: POST http://test/api/v1/scenarios/ "HTTP/1.1 201 Created"
2026-09-25 05:43:59,871 [INFO] httpx: HTTP Request: GET http://test/api/v1/scenarios/my "HTTP/1.1 200 OK"
2026-09-25 05:44:00,086 [INFO] httpx: HTTP Request: POST http://test/api/v1/auth/register/admin "HTTP/1.1 201 Created"
2026-09-25 05:44:00,095 [INFO] httpx: HTTP Request: POST http://test/api/v1/scenarios/ "HTTP/1.1 201 Created"
2026-09-25 05:44:00,099 [INFO] httpx: HTTP Request: POST http://test/api/v1/scenarios/pub-case/publish "HTTP/1.1 400 Bad Request"
2026-09-25 05:44:00,318 [INFO] httpx: HTTP Request: POST http://test/api/v1/auth/register/admin "HTTP/1.1 201 Created"
2026-09-25 05:44:00,324 [INFO] httpx: HTTP Request: POST http://test/api/v1/scenarios/ "HTTP/1.1 201 Created"
2026-09-25 05:44:00,328 [INFO] httpx: HTTP Request: POST http://test/api/v1/scenarios/pub-mid/publish "HTTP/1.1 400 Bad Request"
2026-09-25 05:44:00,536 [INFO] httpx: HTTP Request: POST http://test/api/v1/auth/register/admin "HTTP/1.1 201 Created"
2026-09-25 05:44:00,544 [INFO] httpx: HTTP Request: POST http://test/api/v1/scenarios/ "HTTP/1.1 201 Created"
2026-09-25 05:44:00,547 [INFO] httpx: HTTP Request: POST http://test/api/v1/scenarios/ready-case/publish "HTTP/1.1 200 OK"
2026-09-25 05:44:00,757 [INFO] httpx: HTTP Request: POST http://test/api/v1/auth/register/admin "HTTP/1.1 201 Created"
2026-09-25 05:44:00,953 [INFO] httpx: HTTP Request: POST http://test/api/v1/auth/register/admin "HTTP/1.1 201 Created"
2026-09-25 05:44:00,960 [INFO] httpx: HTTP Request: POST http://test/api/v1/scenarios/ "HTTP/1.1 201 Created"
2026-09-25 05:44:00,962 [INFO] httpx: HTTP Request: POST http://test/api/v1/scenarios/owner-case/publish "HTTP/1.1 403 Forbidden"
2026-09-25 05:44:01,164 [INFO] httpx: HTTP Request: POST http://test/api/v1/auth/register/admin "HTTP/1.1 201 Created"
2026-09-25 05:44:01,170 [INFO] httpx: HTTP Request: POST http://test/api/v1/scenarios/ "HTTP/1.1 201 Created"
2026-09-25 05:44:01,174 [INFO] httpx: HTTP Request: POST http://test/api/v1/scenarios/arch-case/publish "HTTP/1.1 200 OK"
2026-09-25 05:44:01,178 [INFO] httpx: HTTP Request: POST http://test/api/v1/scenarios/arch-case/archive "HTTP/1.1 200 OK"
2026-09-25 05:44:01,403 [INFO] httpx: HTTP Request: POST http://test/api/v1/auth/register/admin "HTTP/1.1 201 Created"
2026-09-25 05:44:01,410 [INFO] httpx: HTTP Request: POST http://test/api/v1/scenarios/ "HTTP/1.1 201 Created"
2026-09-25 05:44:01,414 [INFO] httpx: HTTP Request: POST http://test/api/v1/scenarios/hidden-case/publish "HTTP/1.1 200 OK"
2026-09-25 05:44:01,416 [INFO] httpx: HTTP Request: GET http://test/api/v1/scenarios/ "HTTP/1.1 200 OK"
2026-09-25 05:44:01,620 [INFO] httpx: HTTP Request: POST http://test/api/v1/auth/register/admin "HTTP/1.1 201 Created"
2026-09-25 05:44:01,627 [INFO] httpx: HTTP Request: POST http://test/api/v1/scenarios/ "HTTP/1.1 201 Created"
2026-09-25 05:44:01,632 [INFO] httpx: HTTP Request: PUT http://test/api/v1/scenarios/upd-case "HTTP/1.1 200 OK"
2026-09-25 05:44:01,838 [INFO] httpx: HTTP Request: POST http://test/api/v1/auth/register/admin "HTTP/1.1 201 Created"
2026-09-25 05:44:02,027 [INFO] httpx: HTTP Request: POST http://test/api/v1/auth/register/admin "HTTP/1.1 201 Created"
2026-09-25 05:44:02,034 [INFO] httpx: HTTP Request: POST http://test/api/v1/scenarios/ "HTTP/1.1 201 Created"
2026-09-25 05:44:02,038 [INFO] httpx: HTTP Request: PUT http://test/api/v1/scenarios/protected-case "HTTP/1.1 403 Forbidden"
2026-09-25 05:44:02,071 [INFO] httpx: HTTP Request: POST http://test/api/v1/negotiation/start "HTTP/1.1 200 OK"
2026-09-25 05:44:02,077 [INFO] httpx: HTTP Request: POST http://test/api/v1/negotiation/message "HTTP/1.1 200 OK"
2026-09-25 05:44:02,091 [INFO] httpx: HTTP Request: POST http://test/api/v1/negotiation/end?session_id=e1bed36b-8625-4aba-92b9-dc651d24a4f5 "HTTP/1.1 200 OK"
2026-09-25 05:44:02,116 [INFO] httpx: HTTP Request: POST http://test/api/v1/negotiation/start "HTTP/1.1 200 OK"
2026-09-25 05:44:02,122 [INFO] httpx: HTTP Request: POST http://test/api/v1/negotiation/message "HTTP/1.1 200 OK"
2026-09-25 05:44:02,133 [INFO] httpx: HTTP Request: POST http://test/api/v1/negotiation/end?session_id=95afca7f-12c1-4596-84e1-b3fdfafb631b "HTTP/1.1 200 OK"
2026-09-25 05:44:02,136 [INFO] httpx: HTTP Request: GET http://test/api/v1/negotiation/analysis/95afca7f-12c1-4596-84e1-b3fdfafb631b "HTTP/1.1 200 OK"
2026-09-25 05:44:02,164 [INFO] httpx: HTTP Request: POST http://test/api/v1/negotiation/start "HTTP/1.1 200 OK"
2026-09-25 05:44:02,169 [INFO] httpx: HTTP Request: POST http://test/api/v1/negotiation/message "HTTP/1.1 200 OK"
2026-09-25 05:44:02,182 [INFO] httpx: HTTP Request: POST http://test/api/v1/negotiation/end?session_id=c311e6fa-590d-43ca-b863-4f6c51da0327 "HTTP/1.1 200 OK"
2026-09-25 05:44:02,396 [INFO] httpx: HTTP Request: POST http://test/api/v1/auth/register "HTTP/1.1 201 Created"
2026-09-25 05:44:02,414 [INFO] httpx: HTTP Request: POST http://test/api/v1/auth/register "HTTP/1.1 422 Unprocessable Entity"
2026-09-25 05:44:02,434 [INFO] httpx: HTTP Request: POST http://test/api/v1/auth/register "HTTP/1.1 400 Bad Request"
2026-09-25 05:44:02,641 [INFO] httpx: HTTP Request: POST http://test/api/v1/auth/register "HTTP/1.1 201 Created"
2026-09-25 05:44:02,850 [INFO] httpx: HTTP Request: POST http://test/api/v1/auth/register "HTTP/1.1 201 Created"
2026-09-25 05:44:03,036 [INFO] httpx: HTTP Request: POST http://test/api/v1/auth/login "HTTP/1.1 200 OK"
2026-09-25 05:44:03,239 [INFO] httpx: HTTP Request: POST http://test/api/v1/auth/register "HTTP/1.1 201 Created"
2026-09-25 05:44:03,423 [INFO] httpx: HTTP Request: POST http://test/api/v1/auth/login "HTTP/1.1 401 Unauthorized"
2026-09-25 05:44:03,635 [INFO] httpx: HTTP Request: POST http://test/api/v1/auth/register "HTTP/1.1 201 Created"
2026-09-25 05:44:03,640 [INFO] httpx: HTTP Request: POST http://test/api/v1/auth/onboarding "HTTP/1.1 200 OK"
2026-09-25 05:44:03,845 [INFO] httpx: HTTP Request: POST http://test/api/v1/auth/register "HTTP/1.1 201 Created"
2026-09-25 05:44:03,849 [INFO] httpx: HTTP Request: POST http://test/api/v1/auth/onboarding "HTTP/1.1 400 Bad Request"
2026-09-25 05:44:04,057 [INFO] httpx: HTTP Request: POST http://test/api/v1/auth/register "HTTP/1.1 201 Created"
2026-09-25 05:44:04,060 [INFO] httpx: HTTP Request: POST http://test/api/v1/auth/onboarding "HTTP/1.1 422 Unprocessable Entity"
2026-09-25 05:44:04,264 [INFO] httpx: HTTP Request: POST http://test/api/v1/auth/register/admin "HTTP/1.1 201 Created"
2026-09-25 05:44:04,281 [INFO] httpx: HTTP Request: POST http://test/api/v1/auth/register/admin "HTTP/1.1 422 Unprocessable Entity"
2026-09-25 05:44:04,300 [INFO] httpx: HTTP Request: POST http://test/api/v1/auth/register/admin "HTTP/1.1 400 Bad Request"
2026-09-25 05:44:04,505 [INFO] httpx: HTTP Request: POST http://test/api/v1/auth/register/admin "HTTP/1.1 201 Created"
2026-09-25 05:44:04,690 [INFO] httpx: HTTP Request: POST http://test/api/v1/auth/login/admin "HTTP/1.1 200 OK"
2026-09-25 05:44:04,891 [INFO] httpx: HTTP Request: POST http://test/api/v1/auth/register "HTTP/1.1 201 Created"
2026-09-25 05:44:05,077 [INFO] httpx: HTTP Request: POST http://test/api/v1/auth/login/admin "HTTP/1.1 403 Forbidden"
2026-09-25 05:44:05,285 [INFO] httpx: HTTP Request: POST http://test/api/v1/auth/register/admin "HTTP/1.1 201 Created"
2026-09-25 05:44:05,473 [INFO] httpx: HTTP Request: POST http://test/api/v1/auth/login/admin "HTTP/1.1 401 Unauthorized"
2026-09-25 05:44:05,684 [INFO] httpx: HTTP Request: POST http://test/api/v1/auth/register "HTTP/1.1 201 Created"
2026-09-25 05:44:05,688 [INFO] httpx: HTTP Request: GET http://test/api/v1/auth/me "HTTP/1.1 200 OK"
2026-09-25 05:44:05,705 [INFO] httpx: HTTP Request: GET http://test/api/v1/auth/me "HTTP/1.1 401 Unauthorized"
2026-09-25 05:44:05,934 [INFO] httpx: HTTP Request: POST http://test/api/v1/auth/register/admin "HTTP/1.1 201 Created"
2026-09-25 05:44:05,937 [INFO] httpx: HTTP Request: GET http://test/api/v1/auth/me "HTTP/1.1 200 OK"
2026-09-25 05:44:06,141 [INFO] httpx: HTTP Request: POST http://test/api/v1/auth/register/admin "HTTP/1.1 201 Created"
2026-09-25 05:44:06,144 [INFO] httpx: HTTP Request: POST http://test/api/v1/auth/onboarding "HTTP/1.1 403 Forbidden"
2026-09-25 05:44:06,166 [INFO] httpx: HTTP Request: GET http://test/api/v1/auth/me "HTTP/1.1 200 OK"
2026-09-25 05:44:06,183 [INFO] httpx: HTTP Request: POST http://test/api/v1/auth/register "HTTP/1.1 422 Unprocessable Entity"
2026-09-25 05:44:06,344 [INFO] httpx: HTTP Request: GET http://test/api/v1/negotiation/briefing/scenario-1 "HTTP/1.1 200 OK"
2026-09-25 05:44:06,367 [INFO] httpx: HTTP Request: GET http://test/api/v1/negotiation/briefing/scenario-1 "HTTP/1.1 200 OK"
2026-09-25 05:44:06,425 [INFO] httpx: HTTP Request: GET http://test/api/v1/negotiation/briefing/ghost "HTTP/1.1 404 Not Found"
2026-09-25 05:44:06,445 [INFO] httpx: HTTP Request: GET http://test/api/v1/negotiation/briefing/scenario-1 "HTTP/1.1 401 Unauthorized"
2026-09-25 05:44:06,465 [INFO] httpx: HTTP Request: POST http://test/api/v1/auth/register/admin "HTTP/1.1 422 Unprocessable Entity"
2026-09-25 05:44:06,485 [INFO] httpx: HTTP Request: POST http://test/api/v1/auth/register "HTTP/1.1 400 Bad Request"
2026-09-25 05:44:06,694 [INFO] httpx: HTTP Request: POST http://test/api/v1/auth/register "HTTP/1.1 201 Created"
2026-09-25 05:44:06,711 [INFO] httpx: HTTP Request: POST http://test/api/v1/auth/register "HTTP/1.1 422 Unprocessable Entity"
2026-09-25 05:44:06,921 [INFO] httpx: HTTP Request: POST http://test/api/v1/auth/register "HTTP/1.1 201 Created"
2026-09-25 05:44:06,923 [INFO] httpx: HTTP Request: GET http://test/api/v1/auth/me "HTTP/1.1 200 OK"
2026-09-25 05:44:06,941 [INFO] httpx: HTTP Request: POST http://test/api/v1/auth/register/admin "HTTP/1.1 400 Bad Request"
2026-09-25 05:44:06,964 [INFO] httpx: HTTP Request: POST http://test/api/v1/auth/register/admin "HTTP/1.1 422 Unprocessable Entity"
2026-09-25 05:44:07,177 [INFO] httpx: HTTP Request: POST http://test/api/v1/auth/register/admin "HTTP/1.1 201 Created"
2026-09-25 05:44:07,184 [INFO] httpx: HTTP Request: POST http://test/api/v1/scenarios/ "HTTP/1.1 201 Created"
2026-09-25 05:44:07,190 [INFO] httpx: HTTP Request: DELETE http://test/api/v1/scenarios/to-delete "HTTP/1.1 204 No Content"
2026-09-25 05:44:07,192 [INFO] httpx: HTTP Request: GET http://test/api/v1/scenarios/to-delete "HTTP/1.1 404 Not Found"
2026-09-25 05:44:07,397 [INFO] httpx: HTTP Request: POST http://test/api/v1/auth/register/admin "HTTP/1.1 201 Created"
2026-09-25 05:44:07,586 [INFO] httpx: HTTP Request: POST http://test/api/v1/auth/register/admin "HTTP/1.1 201 Created"
2026-09-25 05:44:07,593 [INFO] httpx: HTTP Request: POST http://test/api/v1/scenarios/ "HTTP/1.1 201 Created"
2026-09-25 05:44:07,596 [INFO] httpx: HTTP Request: DELETE http://test/api/v1/scenarios/protected-del "HTTP/1.1 403 Forbidden"
2026-09-25 05:44:07,809 [INFO] httpx: HTTP Request: POST http://test/api/v1/auth/register/admin "HTTP/1.1 201 Created"
2026-09-25 05:44:07,814 [INFO] httpx: HTTP Request: DELETE http://test/api/v1/scenarios/ghost "HTTP/1.1 404 Not Found"
2026-09-25 05:44:08,024 [INFO] httpx: HTTP Request: POST http://test/api/v1/auth/register/admin "HTTP/1.1 201 Created"
2026-09-25 05:44:08,032 [INFO] httpx: HTTP Request: POST http://test/api/v1/scenarios/ "HTTP/1.1 201 Created"
2026-09-25 05:44:08,037 [INFO] httpx: HTTP Request: POST http://test/api/v1/scenarios/detach-case/publish "HTTP/1.1 200 OK"
2026-09-25 05:44:08,043 [INFO] httpx: HTTP Request: POST http://test/api/v1/negotiation/start "HTTP/1.1 200 OK"
2026-09-25 05:44:08,047 [INFO] httpx: HTTP Request: DELETE http://test/api/v1/scenarios/detach-case "HTTP/1.1 204 No Content"
2026-09-25 05:44:08,053 [INFO] httpx: HTTP Request: GET http://test/api/v1/negotiation/sessions/user-1 "HTTP/1.1 200 OK"
2026-09-25 05:44:08,269 [INFO] httpx: HTTP Request: POST http://test/api/v1/auth/register/admin "HTTP/1.1 201 Created"
2026-09-25 05:44:08,275 [INFO] httpx: HTTP Request: POST http://test/api/v1/scenarios/ "HTTP/1.1 201 Created"
2026-09-25 05:44:08,280 [INFO] httpx: HTTP Request: POST http://test/api/v1/scenarios/fk-case/publish "HTTP/1.1 200 OK"
2026-09-25 05:44:08,289 [INFO] httpx: HTTP Request: POST http://test/api/v1/invite/UHiNwb52xiykVh6I "HTTP/1.1 200 OK"
2026-09-25 05:44:08,294 [INFO] httpx: HTTP Request: GET http://test/api/v1/users/user-1/added-cases "HTTP/1.1 200 OK"
2026-09-25 05:44:08,299 [INFO] httpx: HTTP Request: DELETE http://test/api/v1/scenarios/fk-case "HTTP/1.1 204 No Content"
2026-09-25 05:44:08,301 [INFO] httpx: HTTP Request: GET http://test/api/v1/users/user-1/added-cases "HTTP/1.1 200 OK"
2026-09-25 05:44:08,325 [INFO] httpx: HTTP Request: GET http://test/api/v1/health/ "HTTP/1.1 200 OK"
2026-09-25 05:44:08,345 [INFO] httpx: HTTP Request: GET http://test/ "HTTP/1.1 200 OK"
2026-09-25 05:44:08,362 [INFO] httpx: HTTP Request: GET http://test/api/v1/health/ "HTTP/1.1 200 OK"
2026-09-25 05:44:08,385 [INFO] httpx: HTTP Request: GET http://test/api/v1/negotiation/sessions/user-1 "HTTP/1.1 200 OK"
2026-09-25 05:44:08,412 [INFO] httpx: HTTP Request: POST http://test/api/v1/negotiation/start "HTTP/1.1 200 OK"
2026-09-25 05:44:08,415 [INFO] httpx: HTTP Request: GET http://test/api/v1/negotiation/sessions/user-1 "HTTP/1.1 200 OK"
2026-09-25 05:44:08,441 [INFO] httpx: HTTP Request: POST http://test/api/v1/negotiation/start "HTTP/1.1 200 OK"
2026-09-25 05:44:08,447 [INFO] httpx: HTTP Request: POST http://test/api/v1/negotiation/message "HTTP/1.1 200 OK"
2026-09-25 05:44:08,450 [INFO] httpx: HTTP Request: GET http://test/api/v1/negotiation/sessions/88e14136-a0d6-46e1-8087-e8ee7a58be43/messages "HTTP/1.1 200 OK"
2026-09-25 05:44:08,476 [INFO] httpx: HTTP Request: POST http://test/api/v1/negotiation/start "HTTP/1.1 200 OK"
2026-09-25 05:44:08,481 [INFO] httpx: HTTP Request: POST http://test/api/v1/negotiation/9f2ad882-904b-42bc-8f5d-7c2abc353f2d/interrupt "HTTP/1.1 200 OK"
2026-09-25 05:44:08,506 [INFO] httpx: HTTP Request: POST http://test/api/v1/negotiation/start "HTTP/1.1 200 OK"
2026-09-25 05:44:08,511 [INFO] httpx: HTTP Request: POST http://test/api/v1/negotiation/9ffee7f4-ea50-4552-9411-b3dade0d1c7d/interrupt "HTTP/1.1 200 OK"
2026-09-25 05:44:08,513 [INFO] httpx: HTTP Request: POST http://test/api/v1/negotiation/9ffee7f4-ea50-4552-9411-b3dade0d1c7d/interrupt "HTTP/1.1 200 OK"
2026-09-25 05:44:08,540 [INFO] httpx: HTTP Request: POST http://test/api/v1/negotiation/start "HTTP/1.1 200 OK"
2026-09-25 05:44:08,546 [INFO] httpx: HTTP Request: POST http://test/api/v1/negotiation/message "HTTP/1.1 200 OK"
2026-09-25 05:44:08,559 [INFO] httpx: HTTP Request: POST http://test/api/v1/negotiation/end?session_id=9550bde0-dde5-466a-bf34-1c12d5bbed4c "HTTP/1.1 200 OK"
2026-09-25 05:44:08,561 [INFO] httpx: HTTP Request: POST http://test/api/v1/negotiation/9550bde0-dde5-466a-bf34-1c12d5bbed4c/interrupt "HTTP/1.1 400 Bad Request"
2026-09-25 05:44:08,583 [INFO] httpx: HTTP Request: POST http://test/api/v1/negotiation/ghost-session/interrupt "HTTP/1.1 404 Not Found"
2026-09-25 05:44:08,608 [INFO] httpx: HTTP Request: POST http://test/api/v1/negotiation/start "HTTP/1.1 200 OK"
2026-09-25 05:44:08,614 [INFO] httpx: HTTP Request: POST http://test/api/v1/negotiation/af6f1422-cb7b-43aa-9608-e5e9055c65cb/interrupt "HTTP/1.1 200 OK"
2026-09-25 05:44:08,616 [INFO] httpx: HTTP Request: POST http://test/api/v1/negotiation/message "HTTP/1.1 400 Bad Request"
2026-09-25 05:44:08,642 [INFO] httpx: HTTP Request: POST http://test/api/v1/negotiation/start "HTTP/1.1 200 OK"
2026-09-25 05:44:08,646 [INFO] httpx: HTTP Request: POST http://test/api/v1/negotiation/5db01d2e-ace3-4532-8414-6b17f00571d9/interrupt "HTTP/1.1 200 OK"
2026-09-25 05:44:08,650 [INFO] httpx: HTTP Request: POST http://test/api/v1/negotiation/end?session_id=5db01d2e-ace3-4532-8414-6b17f00571d9 "HTTP/1.1 400 Bad Request"
2026-09-25 05:44:08,674 [INFO] httpx: HTTP Request: GET http://test/api/v1/users/user-1/interrupted-session "HTTP/1.1 200 OK"
2026-09-25 05:44:08,699 [INFO] httpx: HTTP Request: POST http://test/api/v1/negotiation/start "HTTP/1.1 200 OK"
2026-09-25 05:44:08,704 [INFO] httpx: HTTP Request: POST http://test/api/v1/negotiation/start "HTTP/1.1 200 OK"
2026-09-25 05:44:08,710 [INFO] httpx: HTTP Request: POST http://test/api/v1/negotiation/9306c3dc-c089-4b98-86e8-1ea45cb36326/interrupt "HTTP/1.1 200 OK"
2026-09-25 05:44:08,714 [INFO] httpx: HTTP Request: POST http://test/api/v1/negotiation/3ccb92ae-171e-49d2-abd1-cc5e494fff8d/interrupt "HTTP/1.1 200 OK"
2026-09-25 05:44:08,719 [INFO] httpx: HTTP Request: GET http://test/api/v1/users/user-1/interrupted-session "HTTP/1.1 200 OK"
2026-09-25 05:44:08,740 [INFO] httpx: HTTP Request: GET http://test/api/v1/users/user-1/interrupted-session "HTTP/1.1 401 Unauthorized"
2026-09-25 05:44:08,946 [INFO] httpx: HTTP Request: POST http://test/api/v1/auth/register/admin "HTTP/1.1 201 Created"
2026-09-25 05:44:08,954 [INFO] httpx: HTTP Request: POST http://test/api/v1/scenarios/ "HTTP/1.1 201 Created"
2026-09-25 05:44:08,957 [INFO] httpx: HTTP Request: POST http://test/api/v1/scenarios/prev-case/publish "HTTP/1.1 200 OK"
2026-09-25 05:44:08,960 [INFO] httpx: HTTP Request: GET http://test/api/v1/invite/lmG4lvntWPCIAGTc "HTTP/1.1 200 OK"
2026-09-25 05:44:08,977 [INFO] httpx: HTTP Request: GET http://test/api/v1/invite/nonexistent-code-xyz "HTTP/1.1 404 Not Found"
2026-09-25 05:44:09,190 [INFO] httpx: HTTP Request: POST http://test/api/v1/auth/register/admin "HTTP/1.1 201 Created"
2026-09-25 05:44:09,196 [INFO] httpx: HTTP Request: POST http://test/api/v1/scenarios/ "HTTP/1.1 201 Created"
2026-09-25 05:44:09,202 [INFO] httpx: HTTP Request: POST http://test/api/v1/scenarios/arch-prev-case/publish "HTTP/1.1 200 OK"
2026-09-25 05:44:09,206 [INFO] httpx: HTTP Request: POST http://test/api/v1/scenarios/arch-prev-case/archive "HTTP/1.1 200 OK"
2026-09-25 05:44:09,208 [INFO] httpx: HTTP Request: GET http://test/api/v1/invite/386y3GeHXWrh2pZQ "HTTP/1.1 410 Gone"
2026-09-25 05:44:09,428 [INFO] httpx: HTTP Request: POST http://test/api/v1/auth/register/admin "HTTP/1.1 201 Created"
2026-09-25 05:44:09,435 [INFO] httpx: HTTP Request: POST http://test/api/v1/scenarios/ "HTTP/1.1 201 Created"
2026-09-25 05:44:09,441 [INFO] httpx: HTTP Request: POST http://test/api/v1/scenarios/accept-case/publish "HTTP/1.1 200 OK"
2026-09-25 05:44:09,446 [INFO] httpx: HTTP Request: POST http://test/api/v1/invite/D_YMVq23maJiEf9c "HTTP/1.1 200 OK"
2026-09-25 05:44:09,665 [INFO] httpx: HTTP Request: POST http://test/api/v1/auth/register/admin "HTTP/1.1 201 Created"
2026-09-25 05:44:09,673 [INFO] httpx: HTTP Request: POST http://test/api/v1/scenarios/ "HTTP/1.1 201 Created"
2026-09-25 05:44:09,677 [INFO] httpx: HTTP Request: POST http://test/api/v1/scenarios/idem-case/publish "HTTP/1.1 200 OK"
2026-09-25 05:44:09,683 [INFO] httpx: HTTP Request: POST http://test/api/v1/invite/P5fl52tVALb3pmRv "HTTP/1.1 200 OK"
2026-09-25 05:44:09,687 [INFO] httpx: HTTP Request: POST http://test/api/v1/invite/P5fl52tVALb3pmRv "HTTP/1.1 200 OK"
2026-09-25 05:44:09,909 [INFO] httpx: HTTP Request: POST http://test/api/v1/auth/register/admin "HTTP/1.1 201 Created"
2026-09-25 05:44:09,915 [INFO] httpx: HTTP Request: POST http://test/api/v1/scenarios/ "HTTP/1.1 201 Created"
2026-09-25 05:44:09,920 [INFO] httpx: HTTP Request: POST http://test/api/v1/scenarios/noauth-case/publish "HTTP/1.1 200 OK"
2026-09-25 05:44:09,921 [INFO] httpx: HTTP Request: POST http://test/api/v1/invite/xWmkhX7mFRNlY2fm "HTTP/1.1 401 Unauthorized"
2026-09-25 05:44:10,132 [INFO] httpx: HTTP Request: POST http://test/api/v1/auth/register/admin "HTTP/1.1 201 Created"
2026-09-25 05:44:10,330 [INFO] httpx: HTTP Request: POST http://test/api/v1/auth/register/admin "HTTP/1.1 201 Created"
2026-09-25 05:44:10,336 [INFO] httpx: HTTP Request: POST http://test/api/v1/scenarios/ "HTTP/1.1 201 Created"
2026-09-25 05:44:10,341 [INFO] httpx: HTTP Request: POST http://test/api/v1/scenarios/admin-inv-case/publish "HTTP/1.1 200 OK"
2026-09-25 05:44:10,343 [INFO] httpx: HTTP Request: POST http://test/api/v1/invite/-OKLcsROqL5bg75f "HTTP/1.1 403 Forbidden"
2026-09-25 05:44:10,372 [INFO] httpx: HTTP Request: GET http://test/api/v1/users/user-1/added-cases "HTTP/1.1 200 OK"
2026-09-25 05:44:10,600 [INFO] httpx: HTTP Request: POST http://test/api/v1/auth/register/admin "HTTP/1.1 201 Created"
2026-09-25 05:44:10,608 [INFO] httpx: HTTP Request: POST http://test/api/v1/scenarios/ "HTTP/1.1 201 Created"
2026-09-25 05:44:10,613 [INFO] httpx: HTTP Request: POST http://test/api/v1/scenarios/list-add-case/publish "HTTP/1.1 200 OK"
2026-09-25 05:44:10,619 [INFO] httpx: HTTP Request: POST http://test/api/v1/invite/F__Ov0DVituNK2BF "HTTP/1.1 200 OK"
2026-09-25 05:44:10,623 [INFO] httpx: HTTP Request: GET http://test/api/v1/users/user-1/added-cases "HTTP/1.1 200 OK"
2026-09-25 05:44:10,840 [INFO] httpx: HTTP Request: POST http://test/api/v1/auth/register "HTTP/1.1 201 Created"
2026-09-25 05:44:10,845 [INFO] httpx: HTTP Request: POST http://test/api/v1/auth/onboarding "HTTP/1.1 200 OK"
2026-09-25 05:44:10,853 [INFO] httpx: HTTP Request: POST http://test/api/v1/negotiation/start "HTTP/1.1 200 OK"
2026-09-25 05:44:11,065 [INFO] httpx: HTTP Request: POST http://test/api/v1/auth/register "HTTP/1.1 201 Created"
2026-09-25 05:44:11,070 [INFO] httpx: HTTP Request: POST http://test/api/v1/auth/onboarding "HTTP/1.1 200 OK"
2026-09-25 05:44:11,075 [INFO] httpx: HTTP Request: POST http://test/api/v1/negotiation/start "HTTP/1.1 404 Not Found"
2026-09-25 05:44:11,287 [INFO] httpx: HTTP Request: POST http://test/api/v1/auth/register "HTTP/1.1 201 Created"
2026-09-25 05:44:11,293 [INFO] httpx: HTTP Request: POST http://test/api/v1/auth/onboarding "HTTP/1.1 200 OK"
2026-09-25 05:44:11,302 [INFO] httpx: HTTP Request: POST http://test/api/v1/negotiation/start "HTTP/1.1 200 OK"
2026-09-25 05:44:11,308 [INFO] httpx: HTTP Request: POST http://test/api/v1/negotiation/message "HTTP/1.1 200 OK"
2026-09-25 05:44:11,518 [INFO] httpx: HTTP Request: POST http://test/api/v1/auth/register "HTTP/1.1 201 Created"
2026-09-25 05:44:11,523 [INFO] httpx: HTTP Request: POST http://test/api/v1/auth/onboarding "HTTP/1.1 200 OK"
2026-09-25 05:44:11,527 [INFO] httpx: HTTP Request: POST http://test/api/v1/negotiation/message "HTTP/1.1 404 Not Found"
2026-09-25 05:44:11,742 [INFO] httpx: HTTP Request: POST http://test/api/v1/auth/register "HTTP/1.1 201 Created"
2026-09-25 05:44:11,746 [INFO] httpx: HTTP Request: POST http://test/api/v1/auth/onboarding "HTTP/1.1 200 OK"
2026-09-25 05:44:11,755 [INFO] httpx: HTTP Request: POST http://test/api/v1/negotiation/start "HTTP/1.1 200 OK"
2026-09-25 05:44:11,761 [INFO] httpx: HTTP Request: POST http://test/api/v1/negotiation/message "HTTP/1.1 200 OK"
2026-09-25 05:44:11,774 [INFO] httpx: HTTP Request: POST http://test/api/v1/negotiation/end?session_id=b589daad-5ec1-4076-aa8d-72af80b21f54 "HTTP/1.1 200 OK"
2026-09-25 05:44:11,987 [INFO] httpx: HTTP Request: POST http://test/api/v1/auth/register "HTTP/1.1 201 Created"
2026-09-25 05:44:11,991 [INFO] httpx: HTTP Request: POST http://test/api/v1/auth/onboarding "HTTP/1.1 200 OK"
2026-09-25 05:44:11,999 [INFO] httpx: HTTP Request: POST http://test/api/v1/negotiation/start "HTTP/1.1 200 OK"
2026-09-25 05:44:12,004 [INFO] httpx: HTTP Request: POST http://test/api/v1/negotiation/message "HTTP/1.1 200 OK"
2026-09-25 05:44:12,016 [INFO] httpx: HTTP Request: POST http://test/api/v1/negotiation/end?session_id=eb7112f4-4f0a-476d-8dc3-286354c90dac "HTTP/1.1 200 OK"
2026-09-25 05:44:12,020 [INFO] httpx: HTTP Request: GET http://test/api/v1/negotiation/analysis/eb7112f4-4f0a-476d-8dc3-286354c90dac "HTTP/1.1 200 OK"
2026-09-25 05:44:12,234 [INFO] httpx: HTTP Request: POST http://test/api/v1/auth/register "HTTP/1.1 201 Created"
2026-09-25 05:44:12,237 [INFO] httpx: HTTP Request: POST http://test/api/v1/auth/onboarding "HTTP/1.1 200 OK"
2026-09-25 05:44:12,246 [INFO] httpx: HTTP Request: POST http://test/api/v1/negotiation/start "HTTP/1.1 200 OK"
2026-09-25 05:44:12,257 [INFO] httpx: HTTP Request: POST http://test/api/v1/negotiation/message "HTTP/1.1 200 OK"
2026-09-25 05:44:12,321 [INFO] httpx: HTTP Request: POST http://test/api/v1/negotiation/end?session_id=f01ba6a7-c09e-4773-a915-866fb4d6b21b "HTTP/1.1 200 OK"
2026-09-25 05:44:12,325 [INFO] httpx: HTTP Request: POST http://test/api/v1/negotiation/message "HTTP/1.1 400 Bad Request"
2026-09-25 05:44:12,354 [INFO] httpx: HTTP Request: POST http://test/api/v1/auth/register/admin "HTTP/1.1 422 Unprocessable Entity"
2026-09-25 05:44:12,378 [INFO] httpx: HTTP Request: POST http://test/api/v1/negotiation/start "HTTP/1.1 401 Unauthorized"
2026-09-25 05:44:12,595 [INFO] httpx: HTTP Request: POST http://test/api/v1/auth/register "HTTP/1.1 201 Created"
2026-09-25 05:44:12,600 [INFO] httpx: HTTP Request: POST http://test/api/v1/auth/onboarding "HTTP/1.1 200 OK"
2026-09-25 05:44:12,608 [INFO] httpx: HTTP Request: POST http://test/api/v1/negotiation/start "HTTP/1.1 200 OK"
2026-09-25 05:44:12,614 [INFO] httpx: HTTP Request: POST http://test/api/v1/negotiation/message "HTTP/1.1 200 OK"
2026-09-25 05:44:12,631 [INFO] httpx: HTTP Request: POST http://test/api/v1/negotiation/end?session_id=bb630f28-ba97-4dc5-ad5c-daa8842708a9 "HTTP/1.1 200 OK"
2026-09-25 05:44:12,634 [INFO] httpx: HTTP Request: GET http://test/api/v1/negotiation/analysis/bb630f28-ba97-4dc5-ad5c-daa8842708a9 "HTTP/1.1 403 Forbidden"
2026-09-25 05:44:12,847 [INFO] httpx: HTTP Request: POST http://test/api/v1/auth/register "HTTP/1.1 201 Created"
2026-09-25 05:44:12,852 [INFO] httpx: HTTP Request: POST http://test/api/v1/auth/onboarding "HTTP/1.1 200 OK"
2026-09-25 05:44:12,859 [INFO] httpx: HTTP Request: POST http://test/api/v1/negotiation/start "HTTP/1.1 200 OK"
2026-09-25 05:44:12,862 [INFO] httpx: HTTP Request: POST http://test/api/v1/negotiation/message "HTTP/1.1 403 Forbidden"
2026-09-25 05:44:13,071 [INFO] httpx: HTTP Request: POST http://test/api/v1/auth/register "HTTP/1.1 201 Created"
2026-09-25 05:44:13,075 [INFO] httpx: HTTP Request: POST http://test/api/v1/auth/onboarding "HTTP/1.1 200 OK"
2026-09-25 05:44:13,082 [INFO] httpx: HTTP Request: POST http://test/api/v1/negotiation/start "HTTP/1.1 200 OK"
2026-09-25 05:44:13,085 [INFO] httpx: HTTP Request: POST http://test/api/v1/negotiation/d0e8f1b7-21a7-481b-a63c-5d0aff08c04a/interrupt "HTTP/1.1 403 Forbidden"
2026-09-25 05:44:13,293 [INFO] httpx: HTTP Request: POST http://test/api/v1/auth/register "HTTP/1.1 201 Created"
2026-09-25 05:44:13,297 [INFO] httpx: HTTP Request: POST http://test/api/v1/auth/onboarding "HTTP/1.1 200 OK"
2026-09-25 05:44:13,304 [INFO] httpx: HTTP Request: POST http://test/api/v1/negotiation/start "HTTP/1.1 200 OK"
2026-09-25 05:44:13,307 [INFO] httpx: HTTP Request: POST http://test/api/v1/negotiation/end?session_id=11abc11f-d70d-4a3f-ac2f-4b471593d0cd "HTTP/1.1 403 Forbidden"
2026-09-25 05:44:13,517 [INFO] httpx: HTTP Request: POST http://test/api/v1/auth/register "HTTP/1.1 201 Created"
2026-09-25 05:44:13,522 [INFO] httpx: HTTP Request: POST http://test/api/v1/auth/onboarding "HTTP/1.1 200 OK"
2026-09-25 05:44:13,524 [INFO] httpx: HTTP Request: GET http://test/api/v1/negotiation/sessions/user-1 "HTTP/1.1 403 Forbidden"
2026-09-25 05:44:13,728 [INFO] httpx: HTTP Request: POST http://test/api/v1/auth/register "HTTP/1.1 201 Created"
2026-09-25 05:44:13,733 [INFO] httpx: HTTP Request: POST http://test/api/v1/auth/onboarding "HTTP/1.1 200 OK"
2026-09-25 05:44:13,736 [INFO] httpx: HTTP Request: GET http://test/api/v1/users/user-1/skills "HTTP/1.1 403 Forbidden"
2026-09-25 05:44:13,944 [INFO] httpx: HTTP Request: POST http://test/api/v1/auth/register "HTTP/1.1 201 Created"
2026-09-25 05:44:13,949 [INFO] httpx: HTTP Request: POST http://test/api/v1/auth/onboarding "HTTP/1.1 200 OK"
2026-09-25 05:44:13,952 [INFO] httpx: HTTP Request: GET http://test/api/v1/users/user-1/recommendations "HTTP/1.1 403 Forbidden"
2026-09-25 05:44:14,158 [INFO] httpx: HTTP Request: POST http://test/api/v1/auth/register "HTTP/1.1 201 Created"
2026-09-25 05:44:14,162 [INFO] httpx: HTTP Request: POST http://test/api/v1/auth/onboarding "HTTP/1.1 200 OK"
2026-09-25 05:44:14,166 [INFO] httpx: HTTP Request: GET http://test/api/v1/negotiation/progress/user-1 "HTTP/1.1 403 Forbidden"
2026-09-25 05:44:14,183 [INFO] httpx: HTTP Request: POST http://test/api/v1/auth/register "HTTP/1.1 422 Unprocessable Entity"
2026-09-25 05:44:14,200 [INFO] httpx: HTTP Request: POST http://test/api/v1/auth/register "HTTP/1.1 422 Unprocessable Entity"
2026-09-25 05:44:14,218 [INFO] httpx: HTTP Request: POST http://test/api/v1/auth/register "HTTP/1.1 422 Unprocessable Entity"
2026-09-25 05:44:14,237 [INFO] httpx: HTTP Request: POST http://test/api/v1/auth/register "HTTP/1.1 422 Unprocessable Entity"
2026-09-25 05:44:14,253 [INFO] httpx: HTTP Request: POST http://test/api/v1/auth/register "HTTP/1.1 422 Unprocessable Entity"
2026-09-25 05:44:14,271 [INFO] httpx: HTTP Request: POST http://test/api/v1/auth/register "HTTP/1.1 422 Unprocessable Entity"
2026-09-25 05:44:14,289 [INFO] httpx: HTTP Request: POST http://test/api/v1/auth/register "HTTP/1.1 422 Unprocessable Entity"
2026-09-25 05:44:14,311 [INFO] httpx: HTTP Request: POST http://test/api/v1/auth/register/admin "HTTP/1.1 422 Unprocessable Entity"
2026-09-25 05:44:14,335 [INFO] httpx: HTTP Request: POST http://test/api/v1/auth/register/admin "HTTP/1.1 422 Unprocessable Entity"
2026-09-25 05:44:14,364 [INFO] httpx: HTTP Request: GET http://test/api/v1/negotiation/progress/user-1 "HTTP/1.1 200 OK"
2026-09-25 05:44:14,394 [INFO] httpx: HTTP Request: POST http://test/api/v1/negotiation/start "HTTP/1.1 200 OK"
2026-09-25 05:44:14,401 [INFO] httpx: HTTP Request: POST http://test/api/v1/negotiation/message "HTTP/1.1 200 OK"
2026-09-25 05:44:14,414 [INFO] httpx: HTTP Request: POST http://test/api/v1/negotiation/end?session_id=24666eab-d50d-43a1-b0f5-b81956d7fe5d "HTTP/1.1 200 OK"
2026-09-25 05:44:14,419 [INFO] httpx: HTTP Request: GET http://test/api/v1/negotiation/progress/user-1 "HTTP/1.1 200 OK"
2026-09-25 05:44:14,450 [INFO] httpx: HTTP Request: POST http://test/api/v1/negotiation/start "HTTP/1.1 200 OK"
2026-09-25 05:44:14,458 [INFO] httpx: HTTP Request: POST http://test/api/v1/negotiation/message "HTTP/1.1 200 OK"
2026-09-25 05:44:14,472 [INFO] httpx: HTTP Request: POST http://test/api/v1/negotiation/end?session_id=1a82f580-4a8d-43f3-8ee5-73030e420758 "HTTP/1.1 200 OK"
2026-09-25 05:44:14,477 [INFO] httpx: HTTP Request: POST http://test/api/v1/negotiation/start "HTTP/1.1 200 OK"
2026-09-25 05:44:14,485 [INFO] httpx: HTTP Request: POST http://test/api/v1/negotiation/message "HTTP/1.1 200 OK"
2026-09-25 05:44:14,497 [INFO] httpx: HTTP Request: POST http://test/api/v1/negotiation/end?session_id=c7248881-705e-4577-bc7d-74d1d156e4ce "HTTP/1.1 200 OK"
2026-09-25 05:44:14,501 [INFO] httpx: HTTP Request: GET http://test/api/v1/negotiation/progress/user-1 "HTTP/1.1 200 OK"
2026-09-25 05:44:14,525 [INFO] httpx: HTTP Request: GET http://test/api/v1/negotiation/progress/user-1 "HTTP/1.1 401 Unauthorized"
2026-09-25 05:44:14,547 [INFO] httpx: HTTP Request: POST http://test/api/v1/auth/register/admin "HTTP/1.1 422 Unprocessable Entity"
2026-09-25 05:44:14,571 [INFO] httpx: HTTP Request: GET http://test/api/v1/scenarios/ "HTTP/1.1 200 OK"
2026-09-25 05:44:14,592 [INFO] httpx: HTTP Request: GET http://test/api/v1/scenarios/ "HTTP/1.1 200 OK"
2026-09-25 05:44:14,616 [INFO] httpx: HTTP Request: GET http://test/api/v1/scenarios/scenario-1 "HTTP/1.1 200 OK"
2026-09-25 05:44:14,634 [INFO] httpx: HTTP Request: GET http://test/api/v1/scenarios/nonexistent "HTTP/1.1 404 Not Found"
2026-09-25 05:44:14,856 [INFO] httpx: HTTP Request: POST http://test/api/v1/auth/register/admin "HTTP/1.1 201 Created"
2026-09-25 05:44:14,863 [INFO] httpx: HTTP Request: POST http://test/api/v1/scenarios/ "HTTP/1.1 201 Created"
2026-09-25 05:44:14,864 [INFO] httpx: HTTP Request: GET http://test/api/v1/scenarios/secret-draft "HTTP/1.1 404 Not Found"
2026-09-25 05:44:15,074 [INFO] httpx: HTTP Request: POST http://test/api/v1/auth/register/admin "HTTP/1.1 201 Created"
2026-09-25 05:44:15,080 [INFO] httpx: HTTP Request: POST http://test/api/v1/scenarios/ "HTTP/1.1 201 Created"
2026-09-25 05:44:15,083 [INFO] httpx: HTTP Request: GET http://test/api/v1/scenarios/admin-view/admin "HTTP/1.1 200 OK"
2026-09-25 05:44:15,163 [INFO] app.services.voice_service: [VOICE] Recognized: Hello world
2026-09-25 05:44:15,251 [INFO] httpx: HTTP Request: POST http://test/api/v1/negotiation/start "HTTP/1.1 200 OK"
2026-09-25 05:44:15,258 [INFO] httpx: HTTP Request: POST http://test/api/v1/negotiation/message "HTTP/1.1 200 OK"
2026-09-25 05:44:15,271 [INFO] httpx: HTTP Request: POST http://test/api/v1/negotiation/end?session_id=ca6ec5e7-9f27-4e43-a521-842f5bf687d1 "HTTP/1.1 200 OK"
2026-09-25 05:44:15,275 [INFO] httpx: HTTP Request: GET http://test/api/v1/users/user-1/skills "HTTP/1.1 200 OK"
2026-09-25 05:44:15,304 [INFO] httpx: HTTP Request: GET http://test/api/v1/users/user-1/skills "HTTP/1.1 200 OK"
2026-09-25 05:44:15,331 [INFO] httpx: HTTP Request: GET http://test/api/v1/users/user-1/skills "HTTP/1.1 401 Unauthorized"
2026-09-25 05:44:15,356 [INFO] httpx: HTTP Request: POST http://test/api/v1/auth/register/admin "HTTP/1.1 422 Unprocessable Entity"
2026-09-25 05:44:15,399 [INFO] httpx: HTTP Request: POST http://test/api/v1/negotiation/start "HTTP/1.1 200 OK"
2026-09-25 05:44:15,407 [INFO] httpx: HTTP Request: POST http://test/api/v1/negotiation/message "HTTP/1.1 200 OK"
2026-09-25 05:44:15,413 [INFO] httpx: HTTP Request: POST http://test/api/v1/negotiation/message "HTTP/1.1 200 OK"
2026-09-25 05:44:15,421 [INFO] httpx: HTTP Request: POST http://test/api/v1/negotiation/message "HTTP/1.1 200 OK"
2026-09-25 05:44:15,435 [INFO] httpx: HTTP Request: POST http://test/api/v1/negotiation/end?session_id=aa93ffcf-bb4f-43b7-b974-6c134407b257 "HTTP/1.1 200 OK"
2026-09-25 05:44:15,464 [INFO] httpx: HTTP Request: POST http://test/api/v1/negotiation/start "HTTP/1.1 200 OK"
2026-09-25 05:44:15,470 [INFO] httpx: HTTP Request: POST http://test/api/v1/negotiation/message "HTTP/1.1 200 OK"
2026-09-25 05:44:15,475 [INFO] httpx: HTTP Request: POST http://test/api/v1/negotiation/message "HTTP/1.1 200 OK"
2026-09-25 05:44:15,489 [INFO] httpx: HTTP Request: POST http://test/api/v1/negotiation/end?session_id=29642c9e-de66-47f2-9ba3-3f9c18d35364 "HTTP/1.1 200 OK"
2026-09-25 05:44:15,519 [INFO] httpx: HTTP Request: POST http://test/api/v1/negotiation/start "HTTP/1.1 200 OK"
2026-09-25 05:44:15,525 [INFO] httpx: HTTP Request: POST http://test/api/v1/negotiation/message "HTTP/1.1 200 OK"
2026-09-25 05:44:15,530 [INFO] httpx: HTTP Request: POST http://test/api/v1/negotiation/message "HTTP/1.1 200 OK"
2026-09-25 05:44:15,534 [INFO] httpx: HTTP Request: POST http://test/api/v1/negotiation/message "HTTP/1.1 200 OK"
2026-09-25 05:44:15,549 [INFO] httpx: HTTP Request: POST http://test/api/v1/negotiation/end?session_id=bc9e879e-ae54-40a9-99fc-8c9cd9ed758e "HTTP/1.1 200 OK"
2026-09-25 05:44:15,552 [INFO] httpx: HTTP Request: GET http://test/api/v1/negotiation/analysis/bc9e879e-ae54-40a9-99fc-8c9cd9ed758e "HTTP/1.1 200 OK"
2026-09-25 05:44:15,580 [INFO] httpx: HTTP Request: POST http://test/api/v1/negotiation/start "HTTP/1.1 200 OK"
2026-09-25 05:44:15,586 [INFO] httpx: HTTP Request: POST http://test/api/v1/negotiation/message "HTTP/1.1 200 OK"
2026-09-25 05:44:15,600 [INFO] httpx: HTTP Request: POST http://test/api/v1/negotiation/end?session_id=25b88f4e-9cff-4db5-a33c-c2f7dd8bfda3 "HTTP/1.1 200 OK"
2026-09-25 05:44:15,628 [INFO] httpx: HTTP Request: POST http://test/api/v1/negotiation/start "HTTP/1.1 200 OK"
2026-09-25 05:44:15,636 [INFO] httpx: HTTP Request: POST http://test/api/v1/negotiation/voice "HTTP/1.1 200 OK"
2026-09-25 05:44:15,660 [INFO] httpx: HTTP Request: POST http://test/api/v1/negotiation/voice "HTTP/1.1 404 Not Found"
2026-09-25 05:44:15,682 [INFO] httpx: HTTP Request: POST http://test/api/v1/negotiation/voice "HTTP/1.1 401 Unauthorized"
2026-09-25 05:44:15,897 [INFO] httpx: HTTP Request: POST http://test/api/v1/auth/register/admin "HTTP/1.1 201 Created"
2026-09-25 05:44:15,900 [INFO] httpx: HTTP Request: POST http://test/api/v1/negotiation/voice "HTTP/1.1 403 Forbidden"
2026-09-25 05:44:15,935 [INFO] httpx: HTTP Request: POST http://test/api/v1/negotiation/start "HTTP/1.1 200 OK"
2026-09-25 05:44:15,942 [INFO] httpx: HTTP Request: POST http://test/api/v1/negotiation/message "HTTP/1.1 200 OK"
2026-09-25 05:44:15,956 [INFO] httpx: HTTP Request: POST http://test/api/v1/negotiation/end?session_id=115f3fbf-ceea-4ee5-9adb-7d3312a17150 "HTTP/1.1 200 OK"
2026-09-25 05:44:16,050 [INFO] httpx: HTTP Request: POST http://test/api/v1/negotiation/start "HTTP/1.1 200 OK"
2026-09-25 05:44:16,060 [INFO] httpx: HTTP Request: POST http://test/api/v1/negotiation/message "HTTP/1.1 200 OK"
2026-09-25 05:44:16,075 [INFO] httpx: HTTP Request: POST http://test/api/v1/negotiation/end?session_id=bf7808fc-7b6c-44a0-ac13-b47c9f697e0d "HTTP/1.1 200 OK"
2026-09-25 05:44:16,079 [INFO] httpx: HTTP Request: GET http://test/api/v1/auth/me "HTTP/1.1 200 OK"
2026-09-25 05:46:29,812 [INFO] httpx: HTTP Request: POST http://test/api/v1/auth/register/admin "HTTP/1.1 201 Created"
2026-09-25 05:46:29,821 [INFO] httpx: HTTP Request: POST http://test/api/v1/scenarios/ "HTTP/1.1 201 Created"
2026-09-25 05:46:30,031 [INFO] httpx: HTTP Request: POST http://test/api/v1/auth/register "HTTP/1.1 201 Created"
2026-09-25 05:46:30,036 [INFO] httpx: HTTP Request: POST http://test/api/v1/auth/onboarding "HTTP/1.1 200 OK"
2026-09-25 05:46:30,039 [INFO] httpx: HTTP Request: POST http://test/api/v1/scenarios/ "HTTP/1.1 403 Forbidden"
2026-09-25 05:46:30,245 [INFO] httpx: HTTP Request: POST http://test/api/v1/auth/register/admin "HTTP/1.1 201 Created"
2026-09-25 05:46:30,248 [INFO] httpx: HTTP Request: GET http://test/api/v1/scenarios/my "HTTP/1.1 200 OK"
2026-09-25 05:46:30,457 [INFO] httpx: HTTP Request: POST http://test/api/v1/auth/register/admin "HTTP/1.1 201 Created"
2026-09-25 05:46:30,649 [INFO] httpx: HTTP Request: POST http://test/api/v1/auth/register/admin "HTTP/1.1 201 Created"
2026-09-25 05:46:30,656 [INFO] httpx: HTTP Request: POST http://test/api/v1/scenarios/ "HTTP/1.1 201 Created"
2026-09-25 05:46:30,661 [INFO] httpx: HTTP Request: POST http://test/api/v1/scenarios/ "HTTP/1.1 201 Created"
2026-09-25 05:46:30,664 [INFO] httpx: HTTP Request: GET http://test/api/v1/scenarios/my "HTTP/1.1 200 OK"
2026-09-25 05:46:30,889 [INFO] httpx: HTTP Request: POST http://test/api/v1/auth/register/admin "HTTP/1.1 201 Created"
2026-09-25 05:46:30,897 [INFO] httpx: HTTP Request: POST http://test/api/v1/scenarios/ "HTTP/1.1 201 Created"
2026-09-25 05:46:30,901 [INFO] httpx: HTTP Request: POST http://test/api/v1/scenarios/pub-case/publish "HTTP/1.1 400 Bad Request"
2026-09-25 05:46:31,115 [INFO] httpx: HTTP Request: POST http://test/api/v1/auth/register/admin "HTTP/1.1 201 Created"
2026-09-25 05:46:31,122 [INFO] httpx: HTTP Request: POST http://test/api/v1/scenarios/ "HTTP/1.1 201 Created"
2026-09-25 05:46:31,125 [INFO] httpx: HTTP Request: POST http://test/api/v1/scenarios/pub-mid/publish "HTTP/1.1 400 Bad Request"
2026-09-25 05:46:31,336 [INFO] httpx: HTTP Request: POST http://test/api/v1/auth/register/admin "HTTP/1.1 201 Created"
2026-09-25 05:46:31,343 [INFO] httpx: HTTP Request: POST http://test/api/v1/scenarios/ "HTTP/1.1 201 Created"
2026-09-25 05:46:31,347 [INFO] httpx: HTTP Request: POST http://test/api/v1/scenarios/ready-case/publish "HTTP/1.1 200 OK"
2026-09-25 05:46:31,551 [INFO] httpx: HTTP Request: POST http://test/api/v1/auth/register/admin "HTTP/1.1 201 Created"
2026-09-25 05:46:31,737 [INFO] httpx: HTTP Request: POST http://test/api/v1/auth/register/admin "HTTP/1.1 201 Created"
2026-09-25 05:46:31,743 [INFO] httpx: HTTP Request: POST http://test/api/v1/scenarios/ "HTTP/1.1 201 Created"
2026-09-25 05:46:31,746 [INFO] httpx: HTTP Request: POST http://test/api/v1/scenarios/owner-case/publish "HTTP/1.1 403 Forbidden"
2026-09-25 05:46:31,953 [INFO] httpx: HTTP Request: POST http://test/api/v1/auth/register/admin "HTTP/1.1 201 Created"
2026-09-25 05:46:31,960 [INFO] httpx: HTTP Request: POST http://test/api/v1/scenarios/ "HTTP/1.1 201 Created"
2026-09-25 05:46:31,964 [INFO] httpx: HTTP Request: POST http://test/api/v1/scenarios/arch-case/publish "HTTP/1.1 200 OK"
2026-09-25 05:46:31,967 [INFO] httpx: HTTP Request: POST http://test/api/v1/scenarios/arch-case/archive "HTTP/1.1 200 OK"
2026-09-25 05:46:32,180 [INFO] httpx: HTTP Request: POST http://test/api/v1/auth/register/admin "HTTP/1.1 201 Created"
2026-09-25 05:46:32,186 [INFO] httpx: HTTP Request: POST http://test/api/v1/scenarios/ "HTTP/1.1 201 Created"
2026-09-25 05:46:32,190 [INFO] httpx: HTTP Request: POST http://test/api/v1/scenarios/hidden-case/publish "HTTP/1.1 200 OK"
2026-09-25 05:46:32,193 [INFO] httpx: HTTP Request: GET http://test/api/v1/scenarios/ "HTTP/1.1 200 OK"
2026-09-25 05:46:32,397 [INFO] httpx: HTTP Request: POST http://test/api/v1/auth/register/admin "HTTP/1.1 201 Created"
2026-09-25 05:46:32,403 [INFO] httpx: HTTP Request: POST http://test/api/v1/scenarios/ "HTTP/1.1 201 Created"
2026-09-25 05:46:32,409 [INFO] httpx: HTTP Request: PUT http://test/api/v1/scenarios/upd-case "HTTP/1.1 200 OK"
2026-09-25 05:46:32,613 [INFO] httpx: HTTP Request: POST http://test/api/v1/auth/register/admin "HTTP/1.1 201 Created"
2026-09-25 05:46:32,801 [INFO] httpx: HTTP Request: POST http://test/api/v1/auth/register/admin "HTTP/1.1 201 Created"
2026-09-25 05:46:32,807 [INFO] httpx: HTTP Request: POST http://test/api/v1/scenarios/ "HTTP/1.1 201 Created"
2026-09-25 05:46:32,808 [INFO] httpx: HTTP Request: PUT http://test/api/v1/scenarios/protected-case "HTTP/1.1 403 Forbidden"
2026-09-25 05:46:32,837 [INFO] httpx: HTTP Request: POST http://test/api/v1/negotiation/start "HTTP/1.1 200 OK"
2026-09-25 05:46:32,844 [INFO] httpx: HTTP Request: POST http://test/api/v1/negotiation/message "HTTP/1.1 200 OK"
2026-09-25 05:46:32,858 [INFO] httpx: HTTP Request: POST http://test/api/v1/negotiation/end?session_id=d370144b-8489-43cf-80d4-9f66ba929aa4 "HTTP/1.1 200 OK"
2026-09-25 05:46:32,897 [INFO] httpx: HTTP Request: POST http://test/api/v1/negotiation/start "HTTP/1.1 200 OK"
2026-09-25 05:46:32,903 [INFO] httpx: HTTP Request: POST http://test/api/v1/negotiation/message "HTTP/1.1 200 OK"
2026-09-25 05:46:32,916 [INFO] httpx: HTTP Request: POST http://test/api/v1/negotiation/end?session_id=0841720d-7d74-4926-8479-0cbec5008cc8 "HTTP/1.1 200 OK"
2026-09-25 05:46:32,920 [INFO] httpx: HTTP Request: GET http://test/api/v1/negotiation/analysis/0841720d-7d74-4926-8479-0cbec5008cc8 "HTTP/1.1 200 OK"
2026-09-25 05:46:32,950 [INFO] httpx: HTTP Request: POST http://test/api/v1/negotiation/start "HTTP/1.1 200 OK"
2026-09-25 05:46:32,956 [INFO] httpx: HTTP Request: POST http://test/api/v1/negotiation/message "HTTP/1.1 200 OK"
2026-09-25 05:46:32,968 [INFO] httpx: HTTP Request: POST http://test/api/v1/negotiation/end?session_id=e0c77550-3391-4d19-b7bb-cc2f3266f8c9 "HTTP/1.1 200 OK"
2026-09-25 05:46:33,175 [INFO] httpx: HTTP Request: POST http://test/api/v1/auth/register "HTTP/1.1 201 Created"
2026-09-25 05:46:33,192 [INFO] httpx: HTTP Request: POST http://test/api/v1/auth/register "HTTP/1.1 422 Unprocessable Entity"
2026-09-25 05:46:33,212 [INFO] httpx: HTTP Request: POST http://test/api/v1/auth/register "HTTP/1.1 400 Bad Request"
2026-09-25 05:46:33,416 [INFO] httpx: HTTP Request: POST http://test/api/v1/auth/register "HTTP/1.1 201 Created"
2026-09-25 05:46:33,621 [INFO] httpx: HTTP Request: POST http://test/api/v1/auth/register "HTTP/1.1 201 Created"
2026-09-25 05:46:33,807 [INFO] httpx: HTTP Request: POST http://test/api/v1/auth/login "HTTP/1.1 200 OK"
2026-09-25 05:46:34,041 [INFO] httpx: HTTP Request: POST http://test/api/v1/auth/register "HTTP/1.1 201 Created"
2026-09-25 05:46:34,228 [INFO] httpx: HTTP Request: POST http://test/api/v1/auth/login "HTTP/1.1 401 Unauthorized"
2026-09-25 05:46:34,432 [INFO] httpx: HTTP Request: POST http://test/api/v1/auth/register "HTTP/1.1 201 Created"
2026-09-25 05:46:34,437 [INFO] httpx: HTTP Request: POST http://test/api/v1/auth/onboarding "HTTP/1.1 200 OK"
2026-09-25 05:46:34,640 [INFO] httpx: HTTP Request: POST http://test/api/v1/auth/register "HTTP/1.1 201 Created"
2026-09-25 05:46:34,643 [INFO] httpx: HTTP Request: POST http://test/api/v1/auth/onboarding "HTTP/1.1 400 Bad Request"
2026-09-25 05:46:34,846 [INFO] httpx: HTTP Request: POST http://test/api/v1/auth/register "HTTP/1.1 201 Created"
2026-09-25 05:46:34,848 [INFO] httpx: HTTP Request: POST http://test/api/v1/auth/onboarding "HTTP/1.1 422 Unprocessable Entity"
2026-09-25 05:46:35,051 [INFO] httpx: HTTP Request: POST http://test/api/v1/auth/register/admin "HTTP/1.1 201 Created"
2026-09-25 05:46:35,069 [INFO] httpx: HTTP Request: POST http://test/api/v1/auth/register/admin "HTTP/1.1 422 Unprocessable Entity"
2026-09-25 05:46:35,088 [INFO] httpx: HTTP Request: POST http://test/api/v1/auth/register/admin "HTTP/1.1 400 Bad Request"
2026-09-25 05:46:35,296 [INFO] httpx: HTTP Request: POST http://test/api/v1/auth/register/admin "HTTP/1.1 201 Created"
2026-09-25 05:46:35,483 [INFO] httpx: HTTP Request: POST http://test/api/v1/auth/login/admin "HTTP/1.1 200 OK"
2026-09-25 05:46:35,687 [INFO] httpx: HTTP Request: POST http://test/api/v1/auth/register "HTTP/1.1 201 Created"
2026-09-25 05:46:35,873 [INFO] httpx: HTTP Request: POST http://test/api/v1/auth/login/admin "HTTP/1.1 403 Forbidden"
2026-09-25 05:46:36,076 [INFO] httpx: HTTP Request: POST http://test/api/v1/auth/register/admin "HTTP/1.1 201 Created"
2026-09-25 05:46:36,262 [INFO] httpx: HTTP Request: POST http://test/api/v1/auth/login/admin "HTTP/1.1 401 Unauthorized"
2026-09-25 05:46:36,470 [INFO] httpx: HTTP Request: POST http://test/api/v1/auth/register "HTTP/1.1 201 Created"
2026-09-25 05:46:36,474 [INFO] httpx: HTTP Request: GET http://test/api/v1/auth/me "HTTP/1.1 200 OK"
2026-09-25 05:46:36,490 [INFO] httpx: HTTP Request: GET http://test/api/v1/auth/me "HTTP/1.1 401 Unauthorized"
2026-09-25 05:46:36,697 [INFO] httpx: HTTP Request: POST http://test/api/v1/auth/register/admin "HTTP/1.1 201 Created"
2026-09-25 05:46:36,700 [INFO] httpx: HTTP Request: GET http://test/api/v1/auth/me "HTTP/1.1 200 OK"
2026-09-25 05:46:36,904 [INFO] httpx: HTTP Request: POST http://test/api/v1/auth/register/admin "HTTP/1.1 201 Created"
2026-09-25 05:46:36,907 [INFO] httpx: HTTP Request: POST http://test/api/v1/auth/onboarding "HTTP/1.1 403 Forbidden"
2026-09-25 05:46:36,927 [INFO] httpx: HTTP Request: GET http://test/api/v1/auth/me "HTTP/1.1 200 OK"
2026-09-25 05:46:37,135 [INFO] httpx: HTTP Request: POST http://test/api/v1/auth/register "HTTP/1.1 201 Created"
2026-09-25 05:46:37,138 [INFO] httpx: HTTP Request: GET http://test/api/v1/auth/me "HTTP/1.1 200 OK"
2026-09-25 05:46:37,167 [INFO] httpx: HTTP Request: GET http://test/api/v1/negotiation/briefing/scenario-1 "HTTP/1.1 200 OK"
2026-09-25 05:46:37,188 [INFO] httpx: HTTP Request: GET http://test/api/v1/negotiation/briefing/scenario-1 "HTTP/1.1 200 OK"
2026-09-25 05:46:37,210 [INFO] httpx: HTTP Request: GET http://test/api/v1/negotiation/briefing/ghost "HTTP/1.1 404 Not Found"
2026-09-25 05:46:37,231 [INFO] httpx: HTTP Request: GET http://test/api/v1/negotiation/briefing/scenario-1 "HTTP/1.1 401 Unauthorized"
2026-09-25 05:46:37,436 [INFO] httpx: HTTP Request: POST http://test/api/v1/auth/register/admin "HTTP/1.1 201 Created"
2026-09-25 05:46:37,438 [INFO] httpx: HTTP Request: GET http://test/api/v1/negotiation/briefing/scenario-1 "HTTP/1.1 403 Forbidden"
2026-09-25 05:46:37,458 [INFO] httpx: HTTP Request: POST http://test/api/v1/auth/register "HTTP/1.1 400 Bad Request"
2026-09-25 05:46:37,663 [INFO] httpx: HTTP Request: POST http://test/api/v1/auth/register "HTTP/1.1 201 Created"
2026-09-25 05:46:37,680 [INFO] httpx: HTTP Request: POST http://test/api/v1/auth/register "HTTP/1.1 422 Unprocessable Entity"
2026-09-25 05:46:37,885 [INFO] httpx: HTTP Request: POST http://test/api/v1/auth/register "HTTP/1.1 201 Created"
2026-09-25 05:46:37,887 [INFO] httpx: HTTP Request: GET http://test/api/v1/auth/me "HTTP/1.1 200 OK"
2026-09-25 05:46:37,922 [INFO] httpx: HTTP Request: POST http://test/api/v1/auth/register/admin "HTTP/1.1 400 Bad Request"
2026-09-25 05:46:37,940 [INFO] httpx: HTTP Request: POST http://test/api/v1/auth/register/admin "HTTP/1.1 422 Unprocessable Entity"
2026-09-25 05:46:38,144 [INFO] httpx: HTTP Request: POST http://test/api/v1/auth/register/admin "HTTP/1.1 201 Created"
2026-09-25 05:46:38,151 [INFO] httpx: HTTP Request: POST http://test/api/v1/scenarios/ "HTTP/1.1 201 Created"
2026-09-25 05:46:38,156 [INFO] httpx: HTTP Request: DELETE http://test/api/v1/scenarios/to-delete "HTTP/1.1 204 No Content"
2026-09-25 05:46:38,159 [INFO] httpx: HTTP Request: GET http://test/api/v1/scenarios/to-delete "HTTP/1.1 404 Not Found"
2026-09-25 05:46:38,363 [INFO] httpx: HTTP Request: POST http://test/api/v1/auth/register/admin "HTTP/1.1 201 Created"
2026-09-25 05:46:38,551 [INFO] httpx: HTTP Request: POST http://test/api/v1/auth/register/admin "HTTP/1.1 201 Created"
2026-09-25 05:46:38,556 [INFO] httpx: HTTP Request: POST http://test/api/v1/scenarios/ "HTTP/1.1 201 Created"
2026-09-25 05:46:38,560 [INFO] httpx: HTTP Request: DELETE http://test/api/v1/scenarios/protected-del "HTTP/1.1 403 Forbidden"
2026-09-25 05:46:38,763 [INFO] httpx: HTTP Request: POST http://test/api/v1/auth/register/admin "HTTP/1.1 201 Created"
2026-09-25 05:46:38,767 [INFO] httpx: HTTP Request: DELETE http://test/api/v1/scenarios/ghost "HTTP/1.1 404 Not Found"
2026-09-25 05:46:38,971 [INFO] httpx: HTTP Request: POST http://test/api/v1/auth/register/admin "HTTP/1.1 201 Created"
2026-09-25 05:46:38,977 [INFO] httpx: HTTP Request: POST http://test/api/v1/scenarios/ "HTTP/1.1 201 Created"
2026-09-25 05:46:38,981 [INFO] httpx: HTTP Request: POST http://test/api/v1/scenarios/detach-case/publish "HTTP/1.1 200 OK"
2026-09-25 05:46:38,987 [INFO] httpx: HTTP Request: POST http://test/api/v1/negotiation/start "HTTP/1.1 200 OK"
2026-09-25 05:46:38,991 [INFO] httpx: HTTP Request: DELETE http://test/api/v1/scenarios/detach-case "HTTP/1.1 204 No Content"
2026-09-25 05:46:38,995 [INFO] httpx: HTTP Request: GET http://test/api/v1/negotiation/sessions/user-1 "HTTP/1.1 200 OK"
2026-09-25 05:46:39,202 [INFO] httpx: HTTP Request: POST http://test/api/v1/auth/register/admin "HTTP/1.1 201 Created"
2026-09-25 05:46:39,207 [INFO] httpx: HTTP Request: POST http://test/api/v1/scenarios/ "HTTP/1.1 201 Created"
2026-09-25 05:46:39,212 [INFO] httpx: HTTP Request: POST http://test/api/v1/scenarios/fk-case/publish "HTTP/1.1 200 OK"
2026-09-25 05:46:39,220 [INFO] httpx: HTTP Request: POST http://test/api/v1/invite/4k-4A5djcTozKjhU "HTTP/1.1 200 OK"
2026-09-25 05:46:39,225 [INFO] httpx: HTTP Request: GET http://test/api/v1/users/user-1/added-cases "HTTP/1.1 200 OK"
2026-09-25 05:46:39,229 [INFO] httpx: HTTP Request: DELETE http://test/api/v1/scenarios/fk-case "HTTP/1.1 204 No Content"
2026-09-25 05:46:39,232 [INFO] httpx: HTTP Request: GET http://test/api/v1/users/user-1/added-cases "HTTP/1.1 200 OK"
2026-09-25 05:46:39,251 [INFO] httpx: HTTP Request: GET http://test/api/v1/health/ "HTTP/1.1 200 OK"
2026-09-25 05:46:39,267 [INFO] httpx: HTTP Request: GET http://test/ "HTTP/1.1 200 OK"
2026-09-25 05:46:39,285 [INFO] httpx: HTTP Request: GET http://test/api/v1/health/ "HTTP/1.1 200 OK"
2026-09-25 05:46:39,309 [INFO] httpx: HTTP Request: GET http://test/api/v1/negotiation/sessions/user-1 "HTTP/1.1 200 OK"
2026-09-25 05:46:39,334 [INFO] httpx: HTTP Request: POST http://test/api/v1/negotiation/start "HTTP/1.1 200 OK"
2026-09-25 05:46:39,339 [INFO] httpx: HTTP Request: GET http://test/api/v1/negotiation/sessions/user-1 "HTTP/1.1 200 OK"
2026-09-25 05:46:39,365 [INFO] httpx: HTTP Request: POST http://test/api/v1/negotiation/start "HTTP/1.1 200 OK"
2026-09-25 05:46:39,370 [INFO] httpx: HTTP Request: POST http://test/api/v1/negotiation/message "HTTP/1.1 200 OK"
2026-09-25 05:46:39,375 [INFO] httpx: HTTP Request: GET http://test/api/v1/negotiation/sessions/56660ae9-05ab-444a-9e42-e6904306a362/messages "HTTP/1.1 200 OK"
2026-09-25 05:46:39,401 [INFO] httpx: HTTP Request: POST http://test/api/v1/negotiation/start "HTTP/1.1 200 OK"
2026-09-25 05:46:39,405 [INFO] httpx: HTTP Request: POST http://test/api/v1/negotiation/f82f4d19-d230-4cf3-8f42-013bad184f7e/interrupt "HTTP/1.1 200 OK"
2026-09-25 05:46:39,431 [INFO] httpx: HTTP Request: POST http://test/api/v1/negotiation/start "HTTP/1.1 200 OK"
2026-09-25 05:46:39,436 [INFO] httpx: HTTP Request: POST http://test/api/v1/negotiation/d2c09028-08aa-44d4-a885-4dced505a78c/interrupt "HTTP/1.1 200 OK"
2026-09-25 05:46:39,439 [INFO] httpx: HTTP Request: POST http://test/api/v1/negotiation/d2c09028-08aa-44d4-a885-4dced505a78c/interrupt "HTTP/1.1 200 OK"
2026-09-25 05:46:39,465 [INFO] httpx: HTTP Request: POST http://test/api/v1/negotiation/start "HTTP/1.1 200 OK"
2026-09-25 05:46:39,470 [INFO] httpx: HTTP Request: POST http://test/api/v1/negotiation/message "HTTP/1.1 200 OK"
2026-09-25 05:46:39,482 [INFO] httpx: HTTP Request: POST http://test/api/v1/negotiation/end?session_id=4382ca34-caa1-46b8-846e-61d55b97c2c9 "HTTP/1.1 200 OK"
2026-09-25 05:46:39,486 [INFO] httpx: HTTP Request: POST http://test/api/v1/negotiation/4382ca34-caa1-46b8-846e-61d55b97c2c9/interrupt "HTTP/1.1 400 Bad Request"
2026-09-25 05:46:39,508 [INFO] httpx: HTTP Request: POST http://test/api/v1/negotiation/ghost-session/interrupt "HTTP/1.1 404 Not Found"
2026-09-25 05:46:39,533 [INFO] httpx: HTTP Request: POST http://test/api/v1/negotiation/start "HTTP/1.1 200 OK"
2026-09-25 05:46:39,537 [INFO] httpx: HTTP Request: POST http://test/api/v1/negotiation/e34bd986-4262-4d85-8c6e-8a9a4ec10101/interrupt "HTTP/1.1 200 OK"
2026-09-25 05:46:39,541 [INFO] httpx: HTTP Request: POST http://test/api/v1/negotiation/message "HTTP/1.1 400 Bad Request"
2026-09-25 05:46:39,566 [INFO] httpx: HTTP Request: POST http://test/api/v1/negotiation/start "HTTP/1.1 200 OK"
2026-09-25 05:46:39,570 [INFO] httpx: HTTP Request: POST http://test/api/v1/negotiation/eb6e9b0e-dea1-4a86-a431-a5a22126d2a0/interrupt "HTTP/1.1 200 OK"
2026-09-25 05:46:39,573 [INFO] httpx: HTTP Request: POST http://test/api/v1/negotiation/end?session_id=eb6e9b0e-dea1-4a86-a431-a5a22126d2a0 "HTTP/1.1 400 Bad Request"
2026-09-25 05:46:39,597 [INFO] httpx: HTTP Request: GET http://test/api/v1/users/user-1/interrupted-session "HTTP/1.1 200 OK"
2026-09-25 05:46:39,623 [INFO] httpx: HTTP Request: POST http://test/api/v1/negotiation/start "HTTP/1.1 200 OK"
2026-09-25 05:46:39,628 [INFO] httpx: HTTP Request: POST http://test/api/v1/negotiation/start "HTTP/1.1 200 OK"
2026-09-25 05:46:39,632 [INFO] httpx: HTTP Request: POST http://test/api/v1/negotiation/c22b60be-ba56-4c10-b7cd-34ebddcaa8b4/interrupt "HTTP/1.1 200 OK"
2026-09-25 05:46:39,636 [INFO] httpx: HTTP Request: POST http://test/api/v1/negotiation/0e1a4fc3-d292-4b85-9daf-3669de04e2e2/interrupt "HTTP/1.1 200 OK"
2026-09-25 05:46:39,641 [INFO] httpx: HTTP Request: GET http://test/api/v1/users/user-1/interrupted-session "HTTP/1.1 200 OK"
2026-09-25 05:46:39,660 [INFO] httpx: HTTP Request: GET http://test/api/v1/users/user-1/interrupted-session "HTTP/1.1 401 Unauthorized"
2026-09-25 05:46:39,866 [INFO] httpx: HTTP Request: POST http://test/api/v1/auth/register/admin "HTTP/1.1 201 Created"
2026-09-25 05:46:39,872 [INFO] httpx: HTTP Request: POST http://test/api/v1/scenarios/ "HTTP/1.1 201 Created"
2026-09-25 05:46:39,877 [INFO] httpx: HTTP Request: POST http://test/api/v1/scenarios/prev-case/publish "HTTP/1.1 200 OK"
2026-09-25 05:46:39,879 [INFO] httpx: HTTP Request: GET http://test/api/v1/invite/c30pF-KYDqIS6f4b "HTTP/1.1 200 OK"
2026-09-25 05:46:39,899 [INFO] httpx: HTTP Request: GET http://test/api/v1/invite/nonexistent-code-xyz "HTTP/1.1 404 Not Found"
2026-09-25 05:46:40,103 [INFO] httpx: HTTP Request: POST http://test/api/v1/auth/register/admin "HTTP/1.1 201 Created"
2026-09-25 05:46:40,110 [INFO] httpx: HTTP Request: POST http://test/api/v1/scenarios/ "HTTP/1.1 201 Created"
2026-09-25 05:46:40,114 [INFO] httpx: HTTP Request: POST http://test/api/v1/scenarios/arch-prev-case/publish "HTTP/1.1 200 OK"
2026-09-25 05:46:40,117 [INFO] httpx: HTTP Request: POST http://test/api/v1/scenarios/arch-prev-case/archive "HTTP/1.1 200 OK"
2026-09-25 05:46:40,120 [INFO] httpx: HTTP Request: GET http://test/api/v1/invite/dRu5NxuXYpurGaoi "HTTP/1.1 410 Gone"
2026-09-25 05:46:40,349 [INFO] httpx: HTTP Request: POST http://test/api/v1/auth/register/admin "HTTP/1.1 201 Created"
2026-09-25 05:46:40,355 [INFO] httpx: HTTP Request: POST http://test/api/v1/scenarios/ "HTTP/1.1 201 Created"
2026-09-25 05:46:40,358 [INFO] httpx: HTTP Request: POST http://test/api/v1/scenarios/accept-case/publish "HTTP/1.1 200 OK"
2026-09-25 05:46:40,362 [INFO] httpx: HTTP Request: POST http://test/api/v1/invite/ZBQEIOju0gdE9tAb "HTTP/1.1 200 OK"
2026-09-25 05:46:40,576 [INFO] httpx: HTTP Request: POST http://test/api/v1/auth/register/admin "HTTP/1.1 201 Created"
2026-09-25 05:46:40,582 [INFO] httpx: HTTP Request: POST http://test/api/v1/scenarios/ "HTTP/1.1 201 Created"
2026-09-25 05:46:40,587 [INFO] httpx: HTTP Request: POST http://test/api/v1/scenarios/idem-case/publish "HTTP/1.1 200 OK"
2026-09-25 05:46:40,591 [INFO] httpx: HTTP Request: POST http://test/api/v1/invite/0j4k67kHgLXujcYI "HTTP/1.1 200 OK"
2026-09-25 05:46:40,594 [INFO] httpx: HTTP Request: POST http://test/api/v1/invite/0j4k67kHgLXujcYI "HTTP/1.1 200 OK"
2026-09-25 05:46:40,805 [INFO] httpx: HTTP Request: POST http://test/api/v1/auth/register/admin "HTTP/1.1 201 Created"
2026-09-25 05:46:40,811 [INFO] httpx: HTTP Request: POST http://test/api/v1/scenarios/ "HTTP/1.1 201 Created"
2026-09-25 05:46:40,815 [INFO] httpx: HTTP Request: POST http://test/api/v1/scenarios/noauth-case/publish "HTTP/1.1 200 OK"
2026-09-25 05:46:40,817 [INFO] httpx: HTTP Request: POST http://test/api/v1/invite/zwixyj4tju5t6qSL "HTTP/1.1 401 Unauthorized"
2026-09-25 05:46:41,021 [INFO] httpx: HTTP Request: POST http://test/api/v1/auth/register/admin "HTTP/1.1 201 Created"
2026-09-25 05:46:41,208 [INFO] httpx: HTTP Request: POST http://test/api/v1/auth/register/admin "HTTP/1.1 201 Created"
2026-09-25 05:46:41,215 [INFO] httpx: HTTP Request: POST http://test/api/v1/scenarios/ "HTTP/1.1 201 Created"
2026-09-25 05:46:41,220 [INFO] httpx: HTTP Request: POST http://test/api/v1/scenarios/admin-inv-case/publish "HTTP/1.1 200 OK"
2026-09-25 05:46:41,222 [INFO] httpx: HTTP Request: POST http://test/api/v1/invite/xEJ-bniIfphSNjgy "HTTP/1.1 403 Forbidden"
2026-09-25 05:46:41,245 [INFO] httpx: HTTP Request: GET http://test/api/v1/users/user-1/added-cases "HTTP/1.1 200 OK"
2026-09-25 05:46:41,450 [INFO] httpx: HTTP Request: POST http://test/api/v1/auth/register/admin "HTTP/1.1 201 Created"
2026-09-25 05:46:41,456 [INFO] httpx: HTTP Request: POST http://test/api/v1/scenarios/ "HTTP/1.1 201 Created"
2026-09-25 05:46:41,460 [INFO] httpx: HTTP Request: POST http://test/api/v1/scenarios/list-add-case/publish "HTTP/1.1 200 OK"
2026-09-25 05:46:41,465 [INFO] httpx: HTTP Request: POST http://test/api/v1/invite/p5ZFRDmQBa09DjI8 "HTTP/1.1 200 OK"
2026-09-25 05:46:41,468 [INFO] httpx: HTTP Request: GET http://test/api/v1/users/user-1/added-cases "HTTP/1.1 200 OK"
2026-09-25 05:46:41,674 [INFO] httpx: HTTP Request: POST http://test/api/v1/auth/register "HTTP/1.1 201 Created"
2026-09-25 05:46:41,679 [INFO] httpx: HTTP Request: POST http://test/api/v1/auth/onboarding "HTTP/1.1 200 OK"
2026-09-25 05:46:41,686 [INFO] httpx: HTTP Request: POST http://test/api/v1/negotiation/start "HTTP/1.1 200 OK"
2026-09-25 05:46:41,890 [INFO] httpx: HTTP Request: POST http://test/api/v1/auth/register "HTTP/1.1 201 Created"
2026-09-25 05:46:41,935 [INFO] httpx: HTTP Request: POST http://test/api/v1/auth/onboarding "HTTP/1.1 200 OK"
2026-09-25 05:46:41,940 [INFO] httpx: HTTP Request: POST http://test/api/v1/negotiation/start "HTTP/1.1 404 Not Found"
2026-09-25 05:46:42,150 [INFO] httpx: HTTP Request: POST http://test/api/v1/auth/register "HTTP/1.1 201 Created"
2026-09-25 05:46:42,154 [INFO] httpx: HTTP Request: POST http://test/api/v1/auth/onboarding "HTTP/1.1 200 OK"
2026-09-25 05:46:42,161 [INFO] httpx: HTTP Request: POST http://test/api/v1/negotiation/start "HTTP/1.1 200 OK"
2026-09-25 05:46:42,168 [INFO] httpx: HTTP Request: POST http://test/api/v1/negotiation/message "HTTP/1.1 200 OK"
2026-09-25 05:46:42,394 [INFO] httpx: HTTP Request: POST http://test/api/v1/auth/register "HTTP/1.1 201 Created"
2026-09-25 05:46:42,399 [INFO] httpx: HTTP Request: POST http://test/api/v1/auth/onboarding "HTTP/1.1 200 OK"
2026-09-25 05:46:42,403 [INFO] httpx: HTTP Request: POST http://test/api/v1/negotiation/message "HTTP/1.1 404 Not Found"
2026-09-25 05:46:42,608 [INFO] httpx: HTTP Request: POST http://test/api/v1/auth/register "HTTP/1.1 201 Created"
2026-09-25 05:46:42,612 [INFO] httpx: HTTP Request: POST http://test/api/v1/auth/onboarding "HTTP/1.1 200 OK"
2026-09-25 05:46:42,620 [INFO] httpx: HTTP Request: POST http://test/api/v1/negotiation/start "HTTP/1.1 200 OK"
2026-09-25 05:46:42,625 [INFO] httpx: HTTP Request: POST http://test/api/v1/negotiation/message "HTTP/1.1 200 OK"
2026-09-25 05:46:42,636 [INFO] httpx: HTTP Request: POST http://test/api/v1/negotiation/end?session_id=01c49534-8f84-44dd-82dd-71486f5bcf3c "HTTP/1.1 200 OK"
2026-09-25 05:46:42,844 [INFO] httpx: HTTP Request: POST http://test/api/v1/auth/register "HTTP/1.1 201 Created"
2026-09-25 05:46:42,848 [INFO] httpx: HTTP Request: POST http://test/api/v1/auth/onboarding "HTTP/1.1 200 OK"
2026-09-25 05:46:42,854 [INFO] httpx: HTTP Request: POST http://test/api/v1/negotiation/start "HTTP/1.1 200 OK"
2026-09-25 05:46:42,861 [INFO] httpx: HTTP Request: POST http://test/api/v1/negotiation/message "HTTP/1.1 200 OK"
2026-09-25 05:46:42,872 [INFO] httpx: HTTP Request: POST http://test/api/v1/negotiation/end?session_id=3e5ef5e7-5f44-4031-9107-6c8d2805cc66 "HTTP/1.1 200 OK"
2026-09-25 05:46:42,876 [INFO] httpx: HTTP Request: GET http://test/api/v1/negotiation/analysis/3e5ef5e7-5f44-4031-9107-6c8d2805cc66 "HTTP/1.1 200 OK"
2026-09-25 05:46:43,083 [INFO] httpx: HTTP Request: POST http://test/api/v1/auth/register "HTTP/1.1 201 Created"
2026-09-25 05:46:43,087 [INFO] httpx: HTTP Request: POST http://test/api/v1/auth/onboarding "HTTP/1.1 200 OK"
2026-09-25 05:46:43,094 [INFO] httpx: HTTP Request: POST http://test/api/v1/negotiation/start "HTTP/1.1 200 OK"
2026-09-25 05:46:43,100 [INFO] httpx: HTTP Request: POST http://test/api/v1/negotiation/message "HTTP/1.1 200 OK"
2026-09-25 05:46:43,112 [INFO] httpx: HTTP Request: POST http://test/api/v1/negotiation/end?session_id=a83572e3-63d6-445d-96cf-08a1b68d7dd5 "HTTP/1.1 200 OK"
2026-09-25 05:46:43,115 [INFO] httpx: HTTP Request: POST http://test/api/v1/negotiation/message "HTTP/1.1 400 Bad Request"
2026-09-25 05:46:43,322 [INFO] httpx: HTTP Request: POST http://test/api/v1/auth/register/admin "HTTP/1.1 201 Created"
2026-09-25 05:46:43,325 [INFO] httpx: HTTP Request: POST http://test/api/v1/negotiation/start "HTTP/1.1 403 Forbidden"
2026-09-25 05:46:43,361 [INFO] httpx: HTTP Request: POST http://test/api/v1/negotiation/start "HTTP/1.1 401 Unauthorized"
2026-09-25 05:46:43,570 [INFO] httpx: HTTP Request: POST http://test/api/v1/auth/register "HTTP/1.1 201 Created"
2026-09-25 05:46:43,574 [INFO] httpx: HTTP Request: POST http://test/api/v1/auth/onboarding "HTTP/1.1 200 OK"
2026-09-25 05:46:43,581 [INFO] httpx: HTTP Request: POST http://test/api/v1/negotiation/start "HTTP/1.1 200 OK"
2026-09-25 05:46:43,587 [INFO] httpx: HTTP Request: POST http://test/api/v1/negotiation/message "HTTP/1.1 200 OK"
2026-09-25 05:46:43,599 [INFO] httpx: HTTP Request: POST http://test/api/v1/negotiation/end?session_id=37bbab09-245e-40c9-b331-3f870138530d "HTTP/1.1 200 OK"
2026-09-25 05:46:43,602 [INFO] httpx: HTTP Request: GET http://test/api/v1/negotiation/analysis/37bbab09-245e-40c9-b331-3f870138530d "HTTP/1.1 403 Forbidden"
2026-09-25 05:46:43,807 [INFO] httpx: HTTP Request: POST http://test/api/v1/auth/register "HTTP/1.1 201 Created"
2026-09-25 05:46:43,811 [INFO] httpx: HTTP Request: POST http://test/api/v1/auth/onboarding "HTTP/1.1 200 OK"
2026-09-25 05:46:43,819 [INFO] httpx: HTTP Request: POST http://test/api/v1/negotiation/start "HTTP/1.1 200 OK"
2026-09-25 05:46:43,822 [INFO] httpx: HTTP Request: POST http://test/api/v1/negotiation/message "HTTP/1.1 403 Forbidden"
2026-09-25 05:46:44,027 [INFO] httpx: HTTP Request: POST http://test/api/v1/auth/register "HTTP/1.1 201 Created"
2026-09-25 05:46:44,033 [INFO] httpx: HTTP Request: POST http://test/api/v1/auth/onboarding "HTTP/1.1 200 OK"
2026-09-25 05:46:44,040 [INFO] httpx: HTTP Request: POST http://test/api/v1/negotiation/start "HTTP/1.1 200 OK"
2026-09-25 05:46:44,043 [INFO] httpx: HTTP Request: POST http://test/api/v1/negotiation/e2e6c32e-9bca-46fd-9216-77dc3f17aa1c/interrupt "HTTP/1.1 403 Forbidden"
2026-09-25 05:46:44,262 [INFO] httpx: HTTP Request: POST http://test/api/v1/auth/register "HTTP/1.1 201 Created"
2026-09-25 05:46:44,266 [INFO] httpx: HTTP Request: POST http://test/api/v1/auth/onboarding "HTTP/1.1 200 OK"
2026-09-25 05:46:44,273 [INFO] httpx: HTTP Request: POST http://test/api/v1/negotiation/start "HTTP/1.1 200 OK"
2026-09-25 05:46:44,276 [INFO] httpx: HTTP Request: POST http://test/api/v1/negotiation/end?session_id=117a99b5-52be-401b-a335-375731298bf1 "HTTP/1.1 403 Forbidden"
2026-09-25 05:46:44,498 [INFO] httpx: HTTP Request: POST http://test/api/v1/auth/register "HTTP/1.1 201 Created"
2026-09-25 05:46:44,502 [INFO] httpx: HTTP Request: POST http://test/api/v1/auth/onboarding "HTTP/1.1 200 OK"
2026-09-25 05:46:44,504 [INFO] httpx: HTTP Request: GET http://test/api/v1/negotiation/sessions/user-1 "HTTP/1.1 403 Forbidden"
2026-09-25 05:46:44,710 [INFO] httpx: HTTP Request: POST http://test/api/v1/auth/register "HTTP/1.1 201 Created"
2026-09-25 05:46:44,715 [INFO] httpx: HTTP Request: POST http://test/api/v1/auth/onboarding "HTTP/1.1 200 OK"
2026-09-25 05:46:44,718 [INFO] httpx: HTTP Request: GET http://test/api/v1/users/user-1/skills "HTTP/1.1 403 Forbidden"
2026-09-25 05:46:44,937 [INFO] httpx: HTTP Request: POST http://test/api/v1/auth/register "HTTP/1.1 201 Created"
2026-09-25 05:46:44,942 [INFO] httpx: HTTP Request: POST http://test/api/v1/auth/onboarding "HTTP/1.1 200 OK"
2026-09-25 05:46:44,945 [INFO] httpx: HTTP Request: GET http://test/api/v1/users/user-1/recommendations "HTTP/1.1 403 Forbidden"
2026-09-25 05:46:45,151 [INFO] httpx: HTTP Request: POST http://test/api/v1/auth/register "HTTP/1.1 201 Created"
2026-09-25 05:46:45,155 [INFO] httpx: HTTP Request: POST http://test/api/v1/auth/onboarding "HTTP/1.1 200 OK"
2026-09-25 05:46:45,159 [INFO] httpx: HTTP Request: GET http://test/api/v1/negotiation/progress/user-1 "HTTP/1.1 403 Forbidden"
2026-09-25 05:46:45,177 [INFO] httpx: HTTP Request: POST http://test/api/v1/auth/register "HTTP/1.1 422 Unprocessable Entity"
2026-09-25 05:46:45,195 [INFO] httpx: HTTP Request: POST http://test/api/v1/auth/register "HTTP/1.1 422 Unprocessable Entity"
2026-09-25 05:46:45,213 [INFO] httpx: HTTP Request: POST http://test/api/v1/auth/register "HTTP/1.1 422 Unprocessable Entity"
2026-09-25 05:46:45,232 [INFO] httpx: HTTP Request: POST http://test/api/v1/auth/register "HTTP/1.1 422 Unprocessable Entity"
2026-09-25 05:46:45,437 [INFO] httpx: HTTP Request: POST http://test/api/v1/auth/register "HTTP/1.1 201 Created"
2026-09-25 05:46:45,640 [INFO] httpx: HTTP Request: POST http://test/api/v1/auth/register "HTTP/1.1 201 Created"
2026-09-25 05:46:45,846 [INFO] httpx: HTTP Request: POST http://test/api/v1/auth/register "HTTP/1.1 201 Created"
2026-09-25 05:46:45,864 [INFO] httpx: HTTP Request: POST http://test/api/v1/auth/register/admin "HTTP/1.1 422 Unprocessable Entity"
2026-09-25 05:46:46,070 [INFO] httpx: HTTP Request: POST http://test/api/v1/auth/register/admin "HTTP/1.1 201 Created"
2026-09-25 05:46:46,093 [INFO] httpx: HTTP Request: GET http://test/api/v1/negotiation/progress/user-1 "HTTP/1.1 200 OK"
2026-09-25 05:46:46,117 [INFO] httpx: HTTP Request: POST http://test/api/v1/negotiation/start "HTTP/1.1 200 OK"
2026-09-25 05:46:46,124 [INFO] httpx: HTTP Request: POST http://test/api/v1/negotiation/message "HTTP/1.1 200 OK"
2026-09-25 05:46:46,135 [INFO] httpx: HTTP Request: POST http://test/api/v1/negotiation/end?session_id=6331cc79-1c09-444e-8308-303ecfaa438b "HTTP/1.1 200 OK"
2026-09-25 05:46:46,139 [INFO] httpx: HTTP Request: GET http://test/api/v1/negotiation/progress/user-1 "HTTP/1.1 200 OK"
2026-09-25 05:46:46,163 [INFO] httpx: HTTP Request: POST http://test/api/v1/negotiation/start "HTTP/1.1 200 OK"
2026-09-25 05:46:46,169 [INFO] httpx: HTTP Request: POST http://test/api/v1/negotiation/message "HTTP/1.1 200 OK"
2026-09-25 05:46:46,182 [INFO] httpx: HTTP Request: POST http://test/api/v1/negotiation/end?session_id=4d2572db-becb-4659-b6d7-689490729ac6 "HTTP/1.1 200 OK"
2026-09-25 05:46:46,186 [INFO] httpx: HTTP Request: POST http://test/api/v1/negotiation/start "HTTP/1.1 200 OK"
2026-09-25 05:46:46,191 [INFO] httpx: HTTP Request: POST http://test/api/v1/negotiation/message "HTTP/1.1 200 OK"
2026-09-25 05:46:46,200 [INFO] httpx: HTTP Request: POST http://test/api/v1/negotiation/end?session_id=b648e942-0572-4c20-b892-71037ea81611 "HTTP/1.1 200 OK"
2026-09-25 05:46:46,204 [INFO] httpx: HTTP Request: GET http://test/api/v1/negotiation/progress/user-1 "HTTP/1.1 200 OK"
2026-09-25 05:46:46,228 [INFO] httpx: HTTP Request: GET http://test/api/v1/negotiation/progress/user-1 "HTTP/1.1 401 Unauthorized"
2026-09-25 05:46:46,444 [INFO] httpx: HTTP Request: POST http://test/api/v1/auth/register/admin "HTTP/1.1 201 Created"
2026-09-25 05:46:46,447 [INFO] httpx: HTTP Request: GET http://test/api/v1/negotiation/progress/user-1 "HTTP/1.1 403 Forbidden"
2026-09-25 05:46:46,465 [INFO] httpx: HTTP Request: GET http://test/api/v1/scenarios/ "HTTP/1.1 200 OK"
2026-09-25 05:46:46,485 [INFO] httpx: HTTP Request: GET http://test/api/v1/scenarios/ "HTTP/1.1 200 OK"
2026-09-25 05:46:46,506 [INFO] httpx: HTTP Request: GET http://test/api/v1/scenarios/scenario-1 "HTTP/1.1 200 OK"
2026-09-25 05:46:46,524 [INFO] httpx: HTTP Request: GET http://test/api/v1/scenarios/nonexistent "HTTP/1.1 404 Not Found"
2026-09-25 05:46:46,731 [INFO] httpx: HTTP Request: POST http://test/api/v1/auth/register/admin "HTTP/1.1 201 Created"
2026-09-25 05:46:46,737 [INFO] httpx: HTTP Request: POST http://test/api/v1/scenarios/ "HTTP/1.1 201 Created"
2026-09-25 05:46:46,739 [INFO] httpx: HTTP Request: GET http://test/api/v1/scenarios/secret-draft "HTTP/1.1 404 Not Found"
2026-09-25 05:46:46,947 [INFO] httpx: HTTP Request: POST http://test/api/v1/auth/register/admin "HTTP/1.1 201 Created"
2026-09-25 05:46:46,954 [INFO] httpx: HTTP Request: POST http://test/api/v1/scenarios/ "HTTP/1.1 201 Created"
2026-09-25 05:46:46,957 [INFO] httpx: HTTP Request: GET http://test/api/v1/scenarios/admin-view/admin "HTTP/1.1 200 OK"
2026-09-25 05:46:47,022 [INFO] app.services.voice_service: [VOICE] Recognized: Hello world
2026-09-25 05:46:47,097 [INFO] httpx: HTTP Request: POST http://test/api/v1/negotiation/start "HTTP/1.1 200 OK"
2026-09-25 05:46:47,103 [INFO] httpx: HTTP Request: POST http://test/api/v1/negotiation/message "HTTP/1.1 200 OK"
2026-09-25 05:46:47,115 [INFO] httpx: HTTP Request: POST http://test/api/v1/negotiation/end?session_id=f0852c41-28ad-4bb7-92e3-cc8feef9aa92 "HTTP/1.1 200 OK"
2026-09-25 05:46:47,117 [INFO] httpx: HTTP Request: GET http://test/api/v1/users/user-1/skills "HTTP/1.1 200 OK"
2026-09-25 05:46:47,140 [INFO] httpx: HTTP Request: GET http://test/api/v1/users/user-1/skills "HTTP/1.1 200 OK"
2026-09-25 05:46:47,161 [INFO] httpx: HTTP Request: GET http://test/api/v1/users/user-1/skills "HTTP/1.1 401 Unauthorized"
2026-09-25 05:46:47,371 [INFO] httpx: HTTP Request: POST http://test/api/v1/auth/register/admin "HTTP/1.1 201 Created"
2026-09-25 05:46:47,373 [INFO] httpx: HTTP Request: GET http://test/api/v1/users/user-1/skills "HTTP/1.1 403 Forbidden"
2026-09-25 05:46:47,401 [INFO] httpx: HTTP Request: POST http://test/api/v1/negotiation/start "HTTP/1.1 200 OK"
2026-09-25 05:46:47,407 [INFO] httpx: HTTP Request: POST http://test/api/v1/negotiation/message "HTTP/1.1 200 OK"
2026-09-25 05:46:47,411 [INFO] httpx: HTTP Request: POST http://test/api/v1/negotiation/message "HTTP/1.1 200 OK"
2026-09-25 05:46:47,416 [INFO] httpx: HTTP Request: POST http://test/api/v1/negotiation/message "HTTP/1.1 200 OK"
2026-09-25 05:46:47,428 [INFO] httpx: HTTP Request: POST http://test/api/v1/negotiation/end?session_id=f55b5c3c-b666-405b-ac55-784d80eac761 "HTTP/1.1 200 OK"
2026-09-25 05:46:47,455 [INFO] httpx: HTTP Request: POST http://test/api/v1/negotiation/start "HTTP/1.1 200 OK"
2026-09-25 05:46:47,460 [INFO] httpx: HTTP Request: POST http://test/api/v1/negotiation/message "HTTP/1.1 200 OK"
2026-09-25 05:46:47,465 [INFO] httpx: HTTP Request: POST http://test/api/v1/negotiation/message "HTTP/1.1 200 OK"
2026-09-25 05:46:47,477 [INFO] httpx: HTTP Request: POST http://test/api/v1/negotiation/end?session_id=8fec4a66-ac65-45c8-bb12-1ee77e179565 "HTTP/1.1 200 OK"
2026-09-25 05:46:47,559 [INFO] httpx: HTTP Request: POST http://test/api/v1/negotiation/start "HTTP/1.1 200 OK"
2026-09-25 05:46:47,564 [INFO] httpx: HTTP Request: POST http://test/api/v1/negotiation/message "HTTP/1.1 200 OK"
2026-09-25 05:46:47,569 [INFO] httpx: HTTP Request: POST http://test/api/v1/negotiation/message "HTTP/1.1 200 OK"
2026-09-25 05:46:47,573 [INFO] httpx: HTTP Request: POST http://test/api/v1/negotiation/message "HTTP/1.1 200 OK"
2026-09-25 05:46:47,585 [INFO] httpx: HTTP Request: POST http://test/api/v1/negotiation/end?session_id=fa9c9bf4-b326-4366-9edb-7978cf1e4d55 "HTTP/1.1 200 OK"
2026-09-25 05:46:47,588 [INFO] httpx: HTTP Request: GET http://test/api/v1/negotiation/analysis/fa9c9bf4-b326-4366-9edb-7978cf1e4d55 "HTTP/1.1 200 OK"
2026-09-25 05:46:47,616 [INFO] httpx: HTTP Request: POST http://test/api/v1/negotiation/start "HTTP/1.1 200 OK"
2026-09-25 05:46:47,621 [INFO] httpx: HTTP Request: POST http://test/api/v1/negotiation/message "HTTP/1.1 200 OK"
2026-09-25 05:46:47,633 [INFO] httpx: HTTP Request: POST http://test/api/v1/negotiation/end?session_id=1a801db7-fc64-4d17-8f09-eb05c6070507 "HTTP/1.1 200 OK"
2026-09-25 05:46:47,660 [INFO] httpx: HTTP Request: POST http://test/api/v1/negotiation/start "HTTP/1.1 200 OK"
2026-09-25 05:46:47,667 [INFO] httpx: HTTP Request: POST http://test/api/v1/negotiation/voice "HTTP/1.1 200 OK"
2026-09-25 05:46:47,689 [INFO] httpx: HTTP Request: POST http://test/api/v1/negotiation/voice "HTTP/1.1 404 Not Found"
2026-09-25 05:46:47,709 [INFO] httpx: HTTP Request: POST http://test/api/v1/negotiation/voice "HTTP/1.1 401 Unauthorized"
2026-09-25 05:46:47,919 [INFO] httpx: HTTP Request: POST http://test/api/v1/auth/register/admin "HTTP/1.1 201 Created"
2026-09-25 05:46:47,921 [INFO] httpx: HTTP Request: POST http://test/api/v1/negotiation/voice "HTTP/1.1 403 Forbidden"
2026-09-25 05:46:47,952 [INFO] httpx: HTTP Request: POST http://test/api/v1/negotiation/start "HTTP/1.1 200 OK"
2026-09-25 05:46:47,959 [INFO] httpx: HTTP Request: POST http://test/api/v1/negotiation/message "HTTP/1.1 200 OK"
2026-09-25 05:46:47,971 [INFO] httpx: HTTP Request: POST http://test/api/v1/negotiation/end?session_id=82156250-2402-4bce-ac91-95f705fc543d "HTTP/1.1 200 OK"
2026-09-25 05:46:47,996 [INFO] httpx: HTTP Request: POST http://test/api/v1/negotiation/start "HTTP/1.1 200 OK"
2026-09-25 05:46:48,001 [INFO] httpx: HTTP Request: POST http://test/api/v1/negotiation/message "HTTP/1.1 200 OK"
2026-09-25 05:46:48,013 [INFO] httpx: HTTP Request: POST http://test/api/v1/negotiation/end?session_id=b714f816-0758-46e9-9819-67349884b4bd "HTTP/1.1 200 OK"
2026-09-25 05:46:48,015 [INFO] httpx: HTTP Request: GET http://test/api/v1/auth/me "HTTP/1.1 200 OK"
2026-09-25 05:50:23,204 [INFO] httpx: HTTP Request: POST http://test/api/v1/auth/register/admin "HTTP/1.1 201 Created"
2026-09-25 05:50:23,395 [INFO] httpx: HTTP Request: POST http://test/api/v1/auth/register/admin "HTTP/1.1 201 Created"
2026-09-25 05:50:23,586 [INFO] httpx: HTTP Request: POST http://test/api/v1/auth/register/admin "HTTP/1.1 201 Created"
2026-09-25 05:50:23,778 [INFO] httpx: HTTP Request: POST http://test/api/v1/auth/register/admin "HTTP/1.1 201 Created"
2026-09-25 05:50:23,968 [INFO] httpx: HTTP Request: POST http://test/api/v1/auth/register/admin "HTTP/1.1 201 Created"
2026-09-25 05:50:24,195 [INFO] httpx: HTTP Request: POST http://test/api/v1/auth/register/admin "HTTP/1.1 201 Created"
2026-09-25 05:50:24,384 [INFO] httpx: HTTP Request: POST http://test/api/v1/auth/register/admin "HTTP/1.1 201 Created"
2026-09-25 05:50:24,573 [INFO] httpx: HTTP Request: POST http://test/api/v1/auth/register/admin "HTTP/1.1 201 Created"
2026-09-25 05:50:24,761 [INFO] httpx: HTTP Request: POST http://test/api/v1/auth/register/admin "HTTP/1.1 201 Created"
2026-09-25 05:50:24,957 [INFO] httpx: HTTP Request: POST http://test/api/v1/auth/register/admin "HTTP/1.1 201 Created"
2026-09-25 05:50:24,958 [INFO] httpx: HTTP Request: POST http://test/api/v1/auth/register/admin "HTTP/1.1 429 Too Many Requests"
2026-09-25 05:50:24,977 [INFO] httpx: HTTP Request: POST http://test/api/v1/auth/register/admin "HTTP/1.1 403 Forbidden"
2026-09-25 05:50:24,997 [INFO] httpx: HTTP Request: POST http://test/api/v1/auth/register/admin "HTTP/1.1 403 Forbidden"
2026-09-25 05:50:24,999 [INFO] httpx: HTTP Request: POST http://test/api/v1/auth/register/admin "HTTP/1.1 403 Forbidden"
2026-09-25 05:50:25,189 [INFO] httpx: HTTP Request: POST http://test/api/v1/auth/register/admin "HTTP/1.1 201 Created"
2026-09-25 05:50:25,395 [INFO] httpx: HTTP Request: POST http://test/api/v1/auth/register/admin "HTTP/1.1 201 Created"
2026-09-25 05:50:25,402 [INFO] httpx: HTTP Request: POST http://test/api/v1/scenarios/ "HTTP/1.1 201 Created"
2026-09-25 05:50:25,613 [INFO] httpx: HTTP Request: POST http://test/api/v1/auth/register "HTTP/1.1 201 Created"
2026-09-25 05:50:25,618 [INFO] httpx: HTTP Request: POST http://test/api/v1/auth/onboarding "HTTP/1.1 200 OK"
2026-09-25 05:50:25,621 [INFO] httpx: HTTP Request: POST http://test/api/v1/scenarios/ "HTTP/1.1 403 Forbidden"
2026-09-25 05:50:25,829 [INFO] httpx: HTTP Request: POST http://test/api/v1/auth/register/admin "HTTP/1.1 201 Created"
2026-09-25 05:50:25,833 [INFO] httpx: HTTP Request: GET http://test/api/v1/scenarios/my "HTTP/1.1 200 OK"
2026-09-25 05:50:26,041 [INFO] httpx: HTTP Request: POST http://test/api/v1/auth/register/admin "HTTP/1.1 201 Created"
2026-09-25 05:50:26,230 [INFO] httpx: HTTP Request: POST http://test/api/v1/auth/register/admin "HTTP/1.1 201 Created"
2026-09-25 05:50:26,238 [INFO] httpx: HTTP Request: POST http://test/api/v1/scenarios/ "HTTP/1.1 201 Created"
2026-09-25 05:50:26,242 [INFO] httpx: HTTP Request: POST http://test/api/v1/scenarios/ "HTTP/1.1 201 Created"
2026-09-25 05:50:26,244 [INFO] httpx: HTTP Request: GET http://test/api/v1/scenarios/my "HTTP/1.1 200 OK"
2026-09-25 05:50:26,450 [INFO] httpx: HTTP Request: POST http://test/api/v1/auth/register/admin "HTTP/1.1 201 Created"
2026-09-25 05:50:26,456 [INFO] httpx: HTTP Request: POST http://test/api/v1/scenarios/ "HTTP/1.1 201 Created"
2026-09-25 05:50:26,460 [INFO] httpx: HTTP Request: POST http://test/api/v1/scenarios/pub-case/publish "HTTP/1.1 400 Bad Request"
2026-09-25 05:50:26,478 [INFO] httpx: HTTP Request: POST http://test/api/v1/auth/register/admin "HTTP/1.1 429 Too Many Requests"
2026-09-25 05:50:26,622 [INFO] httpx: HTTP Request: POST http://test/api/v1/auth/register/admin "HTTP/1.1 429 Too Many Requests"
2026-09-25 05:50:26,642 [INFO] httpx: HTTP Request: POST http://test/api/v1/auth/register/admin "HTTP/1.1 429 Too Many Requests"
2026-09-25 05:50:26,663 [INFO] httpx: HTTP Request: POST http://test/api/v1/auth/register/admin "HTTP/1.1 429 Too Many Requests"
2026-09-25 05:50:26,685 [INFO] httpx: HTTP Request: POST http://test/api/v1/auth/register/admin "HTTP/1.1 429 Too Many Requests"
2026-09-25 05:50:26,707 [INFO] httpx: HTTP Request: POST http://test/api/v1/auth/register/admin "HTTP/1.1 429 Too Many Requests"
2026-09-25 05:50:26,727 [INFO] httpx: HTTP Request: POST http://test/api/v1/auth/register/admin "HTTP/1.1 429 Too Many Requests"
2026-09-25 05:50:26,758 [INFO] httpx: HTTP Request: POST http://test/api/v1/negotiation/start "HTTP/1.1 200 OK"
2026-09-25 05:50:26,765 [INFO] httpx: HTTP Request: POST http://test/api/v1/negotiation/message "HTTP/1.1 200 OK"
2026-09-25 05:50:26,778 [INFO] httpx: HTTP Request: POST http://test/api/v1/negotiation/end?session_id=a07d2a3e-a41d-45a9-a179-b4716db9913e "HTTP/1.1 200 OK"
2026-09-25 05:50:26,805 [INFO] httpx: HTTP Request: POST http://test/api/v1/negotiation/start "HTTP/1.1 200 OK"
2026-09-25 05:50:26,810 [INFO] httpx: HTTP Request: POST http://test/api/v1/negotiation/message "HTTP/1.1 200 OK"
2026-09-25 05:50:26,823 [INFO] httpx: HTTP Request: POST http://test/api/v1/negotiation/end?session_id=9af0000d-ff2f-4aa9-89f6-f20d396571c8 "HTTP/1.1 200 OK"
2026-09-25 05:50:26,826 [INFO] httpx: HTTP Request: GET http://test/api/v1/negotiation/analysis/9af0000d-ff2f-4aa9-89f6-f20d396571c8 "HTTP/1.1 200 OK"
2026-09-25 05:50:26,852 [INFO] httpx: HTTP Request: POST http://test/api/v1/negotiation/start "HTTP/1.1 200 OK"
2026-09-25 05:50:26,857 [INFO] httpx: HTTP Request: POST http://test/api/v1/negotiation/message "HTTP/1.1 200 OK"
2026-09-25 05:50:26,870 [INFO] httpx: HTTP Request: POST http://test/api/v1/negotiation/end?session_id=764b85b3-ca13-4706-b783-fb512a955684 "HTTP/1.1 200 OK"
2026-09-25 05:50:27,076 [INFO] httpx: HTTP Request: POST http://test/api/v1/auth/register "HTTP/1.1 201 Created"
2026-09-25 05:50:27,093 [INFO] httpx: HTTP Request: POST http://test/api/v1/auth/register "HTTP/1.1 422 Unprocessable Entity"
2026-09-25 05:50:27,113 [INFO] httpx: HTTP Request: POST http://test/api/v1/auth/register "HTTP/1.1 400 Bad Request"
2026-09-25 05:50:27,320 [INFO] httpx: HTTP Request: POST http://test/api/v1/auth/register "HTTP/1.1 201 Created"
2026-09-25 05:50:27,526 [INFO] httpx: HTTP Request: POST http://test/api/v1/auth/register "HTTP/1.1 201 Created"
2026-09-25 05:50:27,713 [INFO] httpx: HTTP Request: POST http://test/api/v1/auth/login "HTTP/1.1 200 OK"
2026-09-25 05:50:27,919 [INFO] httpx: HTTP Request: POST http://test/api/v1/auth/register "HTTP/1.1 201 Created"
2026-09-25 05:50:28,106 [INFO] httpx: HTTP Request: POST http://test/api/v1/auth/login "HTTP/1.1 401 Unauthorized"
2026-09-25 05:50:28,311 [INFO] httpx: HTTP Request: POST http://test/api/v1/auth/register "HTTP/1.1 201 Created"
2026-09-25 05:50:28,315 [INFO] httpx: HTTP Request: POST http://test/api/v1/auth/onboarding "HTTP/1.1 200 OK"
2026-09-25 05:50:28,523 [INFO] httpx: HTTP Request: POST http://test/api/v1/auth/register "HTTP/1.1 201 Created"
2026-09-25 05:50:28,526 [INFO] httpx: HTTP Request: POST http://test/api/v1/auth/onboarding "HTTP/1.1 400 Bad Request"
2026-09-25 05:50:28,733 [INFO] httpx: HTTP Request: POST http://test/api/v1/auth/register "HTTP/1.1 201 Created"
2026-09-25 05:50:28,735 [INFO] httpx: HTTP Request: POST http://test/api/v1/auth/onboarding "HTTP/1.1 422 Unprocessable Entity"
2026-09-25 05:50:28,753 [INFO] httpx: HTTP Request: POST http://test/api/v1/auth/register/admin "HTTP/1.1 429 Too Many Requests"
2026-09-25 05:50:28,773 [INFO] httpx: HTTP Request: POST http://test/api/v1/auth/register/admin "HTTP/1.1 422 Unprocessable Entity"
2026-09-25 05:50:28,793 [INFO] httpx: HTTP Request: POST http://test/api/v1/auth/register/admin "HTTP/1.1 429 Too Many Requests"
2026-09-25 05:50:28,815 [INFO] httpx: HTTP Request: POST http://test/api/v1/auth/register/admin "HTTP/1.1 429 Too Many Requests"
2026-09-25 05:50:28,818 [INFO] httpx: HTTP Request: POST http://test/api/v1/auth/login/admin "HTTP/1.1 401 Unauthorized"
2026-09-25 05:50:29,026 [INFO] httpx: HTTP Request: POST http://test/api/v1/auth/register "HTTP/1.1 201 Created"
2026-09-25 05:50:29,213 [INFO] httpx: HTTP Request: POST http://test/api/v1/auth/login/admin "HTTP/1.1 403 Forbidden"
2026-09-25 05:50:29,230 [INFO] httpx: HTTP Request: POST http://test/api/v1/auth/register/admin "HTTP/1.1 429 Too Many Requests"
2026-09-25 05:50:29,233 [INFO] httpx: HTTP Request: POST http://test/api/v1/auth/login/admin "HTTP/1.1 401 Unauthorized"
2026-09-25 05:50:29,437 [INFO] httpx: HTTP Request: POST http://test/api/v1/auth/register "HTTP/1.1 201 Created"
2026-09-25 05:50:29,442 [INFO] httpx: HTTP Request: GET http://test/api/v1/auth/me "HTTP/1.1 200 OK"
2026-09-25 05:50:29,459 [INFO] httpx: HTTP Request: GET http://test/api/v1/auth/me "HTTP/1.1 401 Unauthorized"
2026-09-25 05:50:29,476 [INFO] httpx: HTTP Request: POST http://test/api/v1/auth/register/admin "HTTP/1.1 429 Too Many Requests"
2026-09-25 05:50:29,495 [INFO] httpx: HTTP Request: POST http://test/api/v1/auth/register/admin "HTTP/1.1 429 Too Many Requests"
2026-09-25 05:50:29,520 [INFO] httpx: HTTP Request: GET http://test/api/v1/auth/me "HTTP/1.1 200 OK"
2026-09-25 05:50:29,726 [INFO] httpx: HTTP Request: POST http://test/api/v1/auth/register "HTTP/1.1 201 Created"
2026-09-25 05:50:29,728 [INFO] httpx: HTTP Request: GET http://test/api/v1/auth/me "HTTP/1.1 200 OK"
2026-09-25 05:50:29,758 [INFO] httpx: HTTP Request: GET http://test/api/v1/negotiation/briefing/scenario-1 "HTTP/1.1 200 OK"
2026-09-25 05:50:29,778 [INFO] httpx: HTTP Request: GET http://test/api/v1/negotiation/briefing/scenario-1 "HTTP/1.1 200 OK"
2026-09-25 05:50:29,801 [INFO] httpx: HTTP Request: GET http://test/api/v1/negotiation/briefing/ghost "HTTP/1.1 404 Not Found"
2026-09-25 05:50:29,820 [INFO] httpx: HTTP Request: GET http://test/api/v1/negotiation/briefing/scenario-1 "HTTP/1.1 401 Unauthorized"
2026-09-25 05:50:29,838 [INFO] httpx: HTTP Request: POST http://test/api/v1/auth/register/admin "HTTP/1.1 429 Too Many Requests"
2026-09-25 05:50:29,858 [INFO] httpx: HTTP Request: POST http://test/api/v1/auth/register "HTTP/1.1 400 Bad Request"
2026-09-25 05:50:30,063 [INFO] httpx: HTTP Request: POST http://test/api/v1/auth/register "HTTP/1.1 201 Created"
2026-09-25 05:50:30,078 [INFO] httpx: HTTP Request: POST http://test/api/v1/auth/register "HTTP/1.1 422 Unprocessable Entity"
2026-09-25 05:50:30,314 [INFO] httpx: HTTP Request: POST http://test/api/v1/auth/register "HTTP/1.1 201 Created"
2026-09-25 05:50:30,317 [INFO] httpx: HTTP Request: GET http://test/api/v1/auth/me "HTTP/1.1 200 OK"
2026-09-25 05:50:30,334 [INFO] httpx: HTTP Request: POST http://test/api/v1/auth/register/admin "HTTP/1.1 429 Too Many Requests"
2026-09-25 05:50:30,353 [INFO] httpx: HTTP Request: POST http://test/api/v1/auth/register/admin "HTTP/1.1 422 Unprocessable Entity"
2026-09-25 05:50:30,371 [INFO] httpx: HTTP Request: POST http://test/api/v1/auth/register/admin "HTTP/1.1 429 Too Many Requests"
2026-09-25 05:50:30,390 [INFO] httpx: HTTP Request: POST http://test/api/v1/auth/register/admin "HTTP/1.1 429 Too Many Requests"
2026-09-25 05:50:30,408 [INFO] httpx: HTTP Request: POST http://test/api/v1/auth/register/admin "HTTP/1.1 429 Too Many Requests"
2026-09-25 05:50:30,431 [INFO] httpx: HTTP Request: POST http://test/api/v1/auth/register/admin "HTTP/1.1 429 Too Many Requests"
2026-09-25 05:50:30,453 [INFO] httpx: HTTP Request: POST http://test/api/v1/auth/register/admin "HTTP/1.1 429 Too Many Requests"
2026-09-25 05:50:30,475 [INFO] httpx: HTTP Request: GET http://test/api/v1/health/ "HTTP/1.1 200 OK"
2026-09-25 05:50:30,496 [INFO] httpx: HTTP Request: GET http://test/ "HTTP/1.1 200 OK"
2026-09-25 05:50:30,512 [INFO] httpx: HTTP Request: GET http://test/api/v1/health/ "HTTP/1.1 200 OK"
2026-09-25 05:50:30,535 [INFO] httpx: HTTP Request: GET http://test/api/v1/negotiation/sessions/user-1 "HTTP/1.1 200 OK"
2026-09-25 05:50:30,560 [INFO] httpx: HTTP Request: POST http://test/api/v1/negotiation/start "HTTP/1.1 200 OK"
2026-09-25 05:50:30,564 [INFO] httpx: HTTP Request: GET http://test/api/v1/negotiation/sessions/user-1 "HTTP/1.1 200 OK"
2026-09-25 05:50:30,589 [INFO] httpx: HTTP Request: POST http://test/api/v1/negotiation/start "HTTP/1.1 200 OK"
2026-09-25 05:50:30,594 [INFO] httpx: HTTP Request: POST http://test/api/v1/negotiation/message "HTTP/1.1 200 OK"
2026-09-25 05:50:30,599 [INFO] httpx: HTTP Request: GET http://test/api/v1/negotiation/sessions/daba81a0-34b1-4a9a-9ca0-c7dd366c5870/messages "HTTP/1.1 200 OK"
2026-09-25 05:50:30,623 [INFO] httpx: HTTP Request: POST http://test/api/v1/negotiation/start "HTTP/1.1 200 OK"
2026-09-25 05:50:30,629 [INFO] httpx: HTTP Request: POST http://test/api/v1/negotiation/f804960f-4ef3-4537-8ee0-823c02b61006/interrupt "HTTP/1.1 200 OK"
2026-09-25 05:50:30,653 [INFO] httpx: HTTP Request: POST http://test/api/v1/negotiation/start "HTTP/1.1 200 OK"
2026-09-25 05:50:30,658 [INFO] httpx: HTTP Request: POST http://test/api/v1/negotiation/0f865fed-2fc7-4e1f-8784-b61edfe17da1/interrupt "HTTP/1.1 200 OK"
2026-09-25 05:50:30,662 [INFO] httpx: HTTP Request: POST http://test/api/v1/negotiation/0f865fed-2fc7-4e1f-8784-b61edfe17da1/interrupt "HTTP/1.1 200 OK"
2026-09-25 05:50:30,695 [INFO] httpx: HTTP Request: POST http://test/api/v1/negotiation/start "HTTP/1.1 200 OK"
2026-09-25 05:50:30,699 [INFO] httpx: HTTP Request: POST http://test/api/v1/negotiation/message "HTTP/1.1 200 OK"
2026-09-25 05:50:30,711 [INFO] httpx: HTTP Request: POST http://test/api/v1/negotiation/end?session_id=a283feb2-f67c-41eb-8229-2a7d45f88031 "HTTP/1.1 200 OK"
2026-09-25 05:50:30,714 [INFO] httpx: HTTP Request: POST http://test/api/v1/negotiation/a283feb2-f67c-41eb-8229-2a7d45f88031/interrupt "HTTP/1.1 400 Bad Request"
2026-09-25 05:50:30,737 [INFO] httpx: HTTP Request: POST http://test/api/v1/negotiation/ghost-session/interrupt "HTTP/1.1 404 Not Found"
2026-09-25 05:50:30,764 [INFO] httpx: HTTP Request: POST http://test/api/v1/negotiation/start "HTTP/1.1 200 OK"
2026-09-25 05:50:30,769 [INFO] httpx: HTTP Request: POST http://test/api/v1/negotiation/9cb47e37-9d00-4478-b8a6-aaaa0557b5bd/interrupt "HTTP/1.1 200 OK"
2026-09-25 05:50:30,772 [INFO] httpx: HTTP Request: POST http://test/api/v1/negotiation/message "HTTP/1.1 400 Bad Request"
2026-09-25 05:50:30,796 [INFO] httpx: HTTP Request: POST http://test/api/v1/negotiation/start "HTTP/1.1 200 OK"
2026-09-25 05:50:30,801 [INFO] httpx: HTTP Request: POST http://test/api/v1/negotiation/0dbf01f1-67e2-499d-b156-aacbb45c25db/interrupt "HTTP/1.1 200 OK"
2026-09-25 05:50:30,803 [INFO] httpx: HTTP Request: POST http://test/api/v1/negotiation/end?session_id=0dbf01f1-67e2-499d-b156-aacbb45c25db "HTTP/1.1 400 Bad Request"
2026-09-25 05:50:30,825 [INFO] httpx: HTTP Request: GET http://test/api/v1/users/user-1/interrupted-session "HTTP/1.1 200 OK"
2026-09-25 05:50:30,852 [INFO] httpx: HTTP Request: POST http://test/api/v1/negotiation/start "HTTP/1.1 200 OK"
2026-09-25 05:50:30,856 [INFO] httpx: HTTP Request: POST http://test/api/v1/negotiation/start "HTTP/1.1 200 OK"
2026-09-25 05:50:30,860 [INFO] httpx: HTTP Request: POST http://test/api/v1/negotiation/60c57928-b1c0-4f1e-9e11-d81942fce04d/interrupt "HTTP/1.1 200 OK"
2026-09-25 05:50:30,864 [INFO] httpx: HTTP Request: POST http://test/api/v1/negotiation/ca51c19d-2a71-48ad-8cc0-3e183cf0186f/interrupt "HTTP/1.1 200 OK"
2026-09-25 05:50:30,868 [INFO] httpx: HTTP Request: GET http://test/api/v1/users/user-1/interrupted-session "HTTP/1.1 200 OK"
2026-09-25 05:50:30,888 [INFO] httpx: HTTP Request: GET http://test/api/v1/users/user-1/interrupted-session "HTTP/1.1 401 Unauthorized"
2026-09-25 05:50:30,904 [INFO] httpx: HTTP Request: POST http://test/api/v1/auth/register/admin "HTTP/1.1 429 Too Many Requests"
2026-09-25 05:50:30,924 [INFO] httpx: HTTP Request: GET http://test/api/v1/invite/nonexistent-code-xyz "HTTP/1.1 404 Not Found"
2026-09-25 05:50:30,940 [INFO] httpx: HTTP Request: POST http://test/api/v1/auth/register/admin "HTTP/1.1 429 Too Many Requests"
2026-09-25 05:50:30,961 [INFO] httpx: HTTP Request: POST http://test/api/v1/auth/register/admin "HTTP/1.1 429 Too Many Requests"
2026-09-25 05:50:30,981 [INFO] httpx: HTTP Request: POST http://test/api/v1/auth/register/admin "HTTP/1.1 429 Too Many Requests"
2026-09-25 05:50:31,001 [INFO] httpx: HTTP Request: POST http://test/api/v1/auth/register/admin "HTTP/1.1 429 Too Many Requests"
2026-09-25 05:50:31,019 [INFO] httpx: HTTP Request: POST http://test/api/v1/auth/register/admin "HTTP/1.1 429 Too Many Requests"
2026-09-25 05:50:31,043 [INFO] httpx: HTTP Request: GET http://test/api/v1/users/user-1/added-cases "HTTP/1.1 200 OK"
2026-09-25 05:50:31,063 [INFO] httpx: HTTP Request: POST http://test/api/v1/auth/register/admin "HTTP/1.1 429 Too Many Requests"
2026-09-25 05:50:31,274 [INFO] httpx: HTTP Request: POST http://test/api/v1/auth/register "HTTP/1.1 201 Created"
2026-09-25 05:50:31,278 [INFO] httpx: HTTP Request: POST http://test/api/v1/auth/onboarding "HTTP/1.1 200 OK"
2026-09-25 05:50:31,285 [INFO] httpx: HTTP Request: POST http://test/api/v1/negotiation/start "HTTP/1.1 200 OK"
2026-09-25 05:50:31,488 [INFO] httpx: HTTP Request: POST http://test/api/v1/auth/register "HTTP/1.1 201 Created"
2026-09-25 05:50:31,492 [INFO] httpx: HTTP Request: POST http://test/api/v1/auth/onboarding "HTTP/1.1 200 OK"
2026-09-25 05:50:31,495 [INFO] httpx: HTTP Request: POST http://test/api/v1/negotiation/start "HTTP/1.1 404 Not Found"
2026-09-25 05:50:31,702 [INFO] httpx: HTTP Request: POST http://test/api/v1/auth/register "HTTP/1.1 201 Created"
2026-09-25 05:50:31,707 [INFO] httpx: HTTP Request: POST http://test/api/v1/auth/onboarding "HTTP/1.1 200 OK"
2026-09-25 05:50:31,714 [INFO] httpx: HTTP Request: POST http://test/api/v1/negotiation/start "HTTP/1.1 200 OK"
2026-09-25 05:50:31,721 [INFO] httpx: HTTP Request: POST http://test/api/v1/negotiation/message "HTTP/1.1 200 OK"
2026-09-25 05:50:31,927 [INFO] httpx: HTTP Request: POST http://test/api/v1/auth/register "HTTP/1.1 201 Created"
2026-09-25 05:50:31,932 [INFO] httpx: HTTP Request: POST http://test/api/v1/auth/onboarding "HTTP/1.1 200 OK"
2026-09-25 05:50:31,935 [INFO] httpx: HTTP Request: POST http://test/api/v1/negotiation/message "HTTP/1.1 404 Not Found"
2026-09-25 05:50:32,143 [INFO] httpx: HTTP Request: POST http://test/api/v1/auth/register "HTTP/1.1 201 Created"
2026-09-25 05:50:32,147 [INFO] httpx: HTTP Request: POST http://test/api/v1/auth/onboarding "HTTP/1.1 200 OK"
2026-09-25 05:50:32,153 [INFO] httpx: HTTP Request: POST http://test/api/v1/negotiation/start "HTTP/1.1 200 OK"
2026-09-25 05:50:32,159 [INFO] httpx: HTTP Request: POST http://test/api/v1/negotiation/message "HTTP/1.1 200 OK"
2026-09-25 05:50:32,172 [INFO] httpx: HTTP Request: POST http://test/api/v1/negotiation/end?session_id=cf06de7c-ee08-4c36-bf0b-addabb378356 "HTTP/1.1 200 OK"
2026-09-25 05:50:32,377 [INFO] httpx: HTTP Request: POST http://test/api/v1/auth/register "HTTP/1.1 201 Created"
2026-09-25 05:50:32,381 [INFO] httpx: HTTP Request: POST http://test/api/v1/auth/onboarding "HTTP/1.1 200 OK"
2026-09-25 05:50:32,387 [INFO] httpx: HTTP Request: POST http://test/api/v1/negotiation/start "HTTP/1.1 200 OK"
2026-09-25 05:50:32,393 [INFO] httpx: HTTP Request: POST http://test/api/v1/negotiation/message "HTTP/1.1 200 OK"
2026-09-25 05:50:32,405 [INFO] httpx: HTTP Request: POST http://test/api/v1/negotiation/end?session_id=4d9adf68-2bde-42c9-9962-f1f5f24d7d92 "HTTP/1.1 200 OK"
2026-09-25 05:50:32,409 [INFO] httpx: HTTP Request: GET http://test/api/v1/negotiation/analysis/4d9adf68-2bde-42c9-9962-f1f5f24d7d92 "HTTP/1.1 200 OK"
2026-09-25 05:50:32,618 [INFO] httpx: HTTP Request: POST http://test/api/v1/auth/register "HTTP/1.1 201 Created"
2026-09-25 05:50:32,622 [INFO] httpx: HTTP Request: POST http://test/api/v1/auth/onboarding "HTTP/1.1 200 OK"
2026-09-25 05:50:32,629 [INFO] httpx: HTTP Request: POST http://test/api/v1/negotiation/start "HTTP/1.1 200 OK"
2026-09-25 05:50:32,636 [INFO] httpx: HTTP Request: POST http://test/api/v1/negotiation/message "HTTP/1.1 200 OK"
2026-09-25 05:50:32,648 [INFO] httpx: HTTP Request: POST http://test/api/v1/negotiation/end?session_id=8e4fefee-afd9-41d7-b1e7-cafc6285972f "HTTP/1.1 200 OK"
2026-09-25 05:50:32,650 [INFO] httpx: HTTP Request: POST http://test/api/v1/negotiation/message "HTTP/1.1 400 Bad Request"
2026-09-25 05:50:32,670 [INFO] httpx: HTTP Request: POST http://test/api/v1/auth/register/admin "HTTP/1.1 429 Too Many Requests"
2026-09-25 05:50:32,693 [INFO] httpx: HTTP Request: POST http://test/api/v1/negotiation/start "HTTP/1.1 401 Unauthorized"
2026-09-25 05:50:32,978 [INFO] httpx: HTTP Request: POST http://test/api/v1/auth/register "HTTP/1.1 201 Created"
2026-09-25 05:50:32,982 [INFO] httpx: HTTP Request: POST http://test/api/v1/auth/onboarding "HTTP/1.1 200 OK"
2026-09-25 05:50:32,989 [INFO] httpx: HTTP Request: POST http://test/api/v1/negotiation/start "HTTP/1.1 200 OK"
2026-09-25 05:50:32,995 [INFO] httpx: HTTP Request: POST http://test/api/v1/negotiation/message "HTTP/1.1 200 OK"
2026-09-25 05:50:33,008 [INFO] httpx: HTTP Request: POST http://test/api/v1/negotiation/end?session_id=a5351b85-1bea-4da0-b5c2-39925ea92879 "HTTP/1.1 200 OK"
2026-09-25 05:50:33,011 [INFO] httpx: HTTP Request: GET http://test/api/v1/negotiation/analysis/a5351b85-1bea-4da0-b5c2-39925ea92879 "HTTP/1.1 403 Forbidden"
2026-09-25 05:50:33,218 [INFO] httpx: HTTP Request: POST http://test/api/v1/auth/register "HTTP/1.1 201 Created"
2026-09-25 05:50:33,223 [INFO] httpx: HTTP Request: POST http://test/api/v1/auth/onboarding "HTTP/1.1 200 OK"
2026-09-25 05:50:33,230 [INFO] httpx: HTTP Request: POST http://test/api/v1/negotiation/start "HTTP/1.1 200 OK"
2026-09-25 05:50:33,234 [INFO] httpx: HTTP Request: POST http://test/api/v1/negotiation/message "HTTP/1.1 403 Forbidden"
2026-09-25 05:50:33,449 [INFO] httpx: HTTP Request: POST http://test/api/v1/auth/register "HTTP/1.1 201 Created"
2026-09-25 05:50:33,453 [INFO] httpx: HTTP Request: POST http://test/api/v1/auth/onboarding "HTTP/1.1 200 OK"
2026-09-25 05:50:33,460 [INFO] httpx: HTTP Request: POST http://test/api/v1/negotiation/start "HTTP/1.1 200 OK"
2026-09-25 05:50:33,463 [INFO] httpx: HTTP Request: POST http://test/api/v1/negotiation/9e37dd0e-78e4-4218-b4f2-1df0b74bc077/interrupt "HTTP/1.1 403 Forbidden"
2026-09-25 05:50:33,670 [INFO] httpx: HTTP Request: POST http://test/api/v1/auth/register "HTTP/1.1 201 Created"
2026-09-25 05:50:33,674 [INFO] httpx: HTTP Request: POST http://test/api/v1/auth/onboarding "HTTP/1.1 200 OK"
2026-09-25 05:50:33,682 [INFO] httpx: HTTP Request: POST http://test/api/v1/negotiation/start "HTTP/1.1 200 OK"
2026-09-25 05:50:33,685 [INFO] httpx: HTTP Request: POST http://test/api/v1/negotiation/end?session_id=839262dd-4719-41e7-9d95-c7713a471b0d "HTTP/1.1 403 Forbidden"
2026-09-25 05:50:33,896 [INFO] httpx: HTTP Request: POST http://test/api/v1/auth/register "HTTP/1.1 201 Created"
2026-09-25 05:50:33,902 [INFO] httpx: HTTP Request: POST http://test/api/v1/auth/onboarding "HTTP/1.1 200 OK"
2026-09-25 05:50:33,904 [INFO] httpx: HTTP Request: GET http://test/api/v1/negotiation/sessions/user-1 "HTTP/1.1 403 Forbidden"
2026-09-25 05:50:34,115 [INFO] httpx: HTTP Request: POST http://test/api/v1/auth/register "HTTP/1.1 201 Created"
2026-09-25 05:50:34,120 [INFO] httpx: HTTP Request: POST http://test/api/v1/auth/onboarding "HTTP/1.1 200 OK"
2026-09-25 05:50:34,125 [INFO] httpx: HTTP Request: GET http://test/api/v1/users/user-1/skills "HTTP/1.1 403 Forbidden"
2026-09-25 05:50:34,339 [INFO] httpx: HTTP Request: POST http://test/api/v1/auth/register "HTTP/1.1 201 Created"
2026-09-25 05:50:34,343 [INFO] httpx: HTTP Request: POST http://test/api/v1/auth/onboarding "HTTP/1.1 200 OK"
2026-09-25 05:50:34,346 [INFO] httpx: HTTP Request: GET http://test/api/v1/users/user-1/recommendations "HTTP/1.1 403 Forbidden"
2026-09-25 05:50:34,554 [INFO] httpx: HTTP Request: POST http://test/api/v1/auth/register "HTTP/1.1 201 Created"
2026-09-25 05:50:34,559 [INFO] httpx: HTTP Request: POST http://test/api/v1/auth/onboarding "HTTP/1.1 200 OK"
2026-09-25 05:50:34,605 [INFO] httpx: HTTP Request: GET http://test/api/v1/negotiation/progress/user-1 "HTTP/1.1 403 Forbidden"
2026-09-25 05:50:34,623 [INFO] httpx: HTTP Request: POST http://test/api/v1/auth/register "HTTP/1.1 422 Unprocessable Entity"
2026-09-25 05:50:34,640 [INFO] httpx: HTTP Request: POST http://test/api/v1/auth/register "HTTP/1.1 422 Unprocessable Entity"
2026-09-25 05:50:34,658 [INFO] httpx: HTTP Request: POST http://test/api/v1/auth/register "HTTP/1.1 422 Unprocessable Entity"
2026-09-25 05:50:34,675 [INFO] httpx: HTTP Request: POST http://test/api/v1/auth/register "HTTP/1.1 422 Unprocessable Entity"
2026-09-25 05:50:34,881 [INFO] httpx: HTTP Request: POST http://test/api/v1/auth/register "HTTP/1.1 201 Created"
2026-09-25 05:50:35,088 [INFO] httpx: HTTP Request: POST http://test/api/v1/auth/register "HTTP/1.1 201 Created"
2026-09-25 05:50:35,293 [INFO] httpx: HTTP Request: POST http://test/api/v1/auth/register "HTTP/1.1 201 Created"
2026-09-25 05:50:35,310 [INFO] httpx: HTTP Request: POST http://test/api/v1/auth/register/admin "HTTP/1.1 422 Unprocessable Entity"
2026-09-25 05:50:35,327 [INFO] httpx: HTTP Request: POST http://test/api/v1/auth/register/admin "HTTP/1.1 429 Too Many Requests"
2026-09-25 05:50:35,352 [INFO] httpx: HTTP Request: GET http://test/api/v1/negotiation/progress/user-1 "HTTP/1.1 200 OK"
2026-09-25 05:50:35,376 [INFO] httpx: HTTP Request: POST http://test/api/v1/negotiation/start "HTTP/1.1 200 OK"
2026-09-25 05:50:35,382 [INFO] httpx: HTTP Request: POST http://test/api/v1/negotiation/message "HTTP/1.1 200 OK"
2026-09-25 05:50:35,394 [INFO] httpx: HTTP Request: POST http://test/api/v1/negotiation/end?session_id=2d693f04-22c6-4eec-86ef-bc8100e68868 "HTTP/1.1 200 OK"
2026-09-25 05:50:35,397 [INFO] httpx: HTTP Request: GET http://test/api/v1/negotiation/progress/user-1 "HTTP/1.1 200 OK"
2026-09-25 05:50:35,423 [INFO] httpx: HTTP Request: POST http://test/api/v1/negotiation/start "HTTP/1.1 200 OK"
2026-09-25 05:50:35,428 [INFO] httpx: HTTP Request: POST http://test/api/v1/negotiation/message "HTTP/1.1 200 OK"
2026-09-25 05:50:35,440 [INFO] httpx: HTTP Request: POST http://test/api/v1/negotiation/end?session_id=1374c3bc-7713-4810-a055-620974884e23 "HTTP/1.1 200 OK"
2026-09-25 05:50:35,445 [INFO] httpx: HTTP Request: POST http://test/api/v1/negotiation/start "HTTP/1.1 200 OK"
2026-09-25 05:50:35,450 [INFO] httpx: HTTP Request: POST http://test/api/v1/negotiation/message "HTTP/1.1 200 OK"
2026-09-25 05:50:35,458 [INFO] httpx: HTTP Request: POST http://test/api/v1/negotiation/end?session_id=18594b7c-a90e-4e25-8b5c-9d39bae93ca4 "HTTP/1.1 200 OK"
2026-09-25 05:50:35,463 [INFO] httpx: HTTP Request: GET http://test/api/v1/negotiation/progress/user-1 "HTTP/1.1 200 OK"
2026-09-25 05:50:35,483 [INFO] httpx: HTTP Request: GET http://test/api/v1/negotiation/progress/user-1 "HTTP/1.1 401 Unauthorized"
2026-09-25 05:50:35,502 [INFO] httpx: HTTP Request: POST http://test/api/v1/auth/register/admin "HTTP/1.1 429 Too Many Requests"
2026-09-25 05:50:35,524 [INFO] httpx: HTTP Request: GET http://test/api/v1/scenarios/ "HTTP/1.1 200 OK"
2026-09-25 05:50:35,546 [INFO] httpx: HTTP Request: GET http://test/api/v1/scenarios/ "HTTP/1.1 200 OK"
2026-09-25 05:50:35,566 [INFO] httpx: HTTP Request: GET http://test/api/v1/scenarios/scenario-1 "HTTP/1.1 200 OK"
2026-09-25 05:50:35,586 [INFO] httpx: HTTP Request: GET http://test/api/v1/scenarios/nonexistent "HTTP/1.1 404 Not Found"
2026-09-25 05:50:35,602 [INFO] httpx: HTTP Request: POST http://test/api/v1/auth/register/admin "HTTP/1.1 429 Too Many Requests"
2026-09-25 05:50:35,620 [INFO] httpx: HTTP Request: POST http://test/api/v1/auth/register/admin "HTTP/1.1 429 Too Many Requests"
2026-09-25 05:50:35,694 [INFO] app.services.voice_service: [VOICE] Recognized: Hello world
2026-09-25 05:50:35,769 [INFO] httpx: HTTP Request: POST http://test/api/v1/negotiation/start "HTTP/1.1 200 OK"
2026-09-25 05:50:35,775 [INFO] httpx: HTTP Request: POST http://test/api/v1/negotiation/message "HTTP/1.1 200 OK"
2026-09-25 05:50:35,787 [INFO] httpx: HTTP Request: POST http://test/api/v1/negotiation/end?session_id=2148735a-674b-490a-b40b-d2523fced898 "HTTP/1.1 200 OK"
2026-09-25 05:50:35,792 [INFO] httpx: HTTP Request: GET http://test/api/v1/users/user-1/skills "HTTP/1.1 200 OK"
2026-09-25 05:50:35,813 [INFO] httpx: HTTP Request: GET http://test/api/v1/users/user-1/skills "HTTP/1.1 200 OK"
2026-09-25 05:50:35,833 [INFO] httpx: HTTP Request: GET http://test/api/v1/users/user-1/skills "HTTP/1.1 401 Unauthorized"
2026-09-25 05:50:35,851 [INFO] httpx: HTTP Request: POST http://test/api/v1/auth/register/admin "HTTP/1.1 429 Too Many Requests"
2026-09-25 05:50:35,878 [INFO] httpx: HTTP Request: POST http://test/api/v1/negotiation/start "HTTP/1.1 200 OK"
2026-09-25 05:50:35,884 [INFO] httpx: HTTP Request: POST http://test/api/v1/negotiation/message "HTTP/1.1 200 OK"
2026-09-25 05:50:35,889 [INFO] httpx: HTTP Request: POST http://test/api/v1/negotiation/message "HTTP/1.1 200 OK"
2026-09-25 05:50:35,893 [INFO] httpx: HTTP Request: POST http://test/api/v1/negotiation/message "HTTP/1.1 200 OK"
2026-09-25 05:50:35,906 [INFO] httpx: HTTP Request: POST http://test/api/v1/negotiation/end?session_id=2862efe3-d1c7-4888-91b0-9254e6555d9a "HTTP/1.1 200 OK"
2026-09-25 05:50:35,933 [INFO] httpx: HTTP Request: POST http://test/api/v1/negotiation/start "HTTP/1.1 200 OK"
2026-09-25 05:50:35,939 [INFO] httpx: HTTP Request: POST http://test/api/v1/negotiation/message "HTTP/1.1 200 OK"
2026-09-25 05:50:35,943 [INFO] httpx: HTTP Request: POST http://test/api/v1/negotiation/message "HTTP/1.1 200 OK"
2026-09-25 05:50:35,955 [INFO] httpx: HTTP Request: POST http://test/api/v1/negotiation/end?session_id=69514bfe-d1e2-4cff-b660-0af56f65147b "HTTP/1.1 200 OK"
2026-09-25 05:50:35,980 [INFO] httpx: HTTP Request: POST http://test/api/v1/negotiation/start "HTTP/1.1 200 OK"
2026-09-25 05:50:35,986 [INFO] httpx: HTTP Request: POST http://test/api/v1/negotiation/message "HTTP/1.1 200 OK"
2026-09-25 05:50:35,991 [INFO] httpx: HTTP Request: POST http://test/api/v1/negotiation/message "HTTP/1.1 200 OK"
2026-09-25 05:50:35,996 [INFO] httpx: HTTP Request: POST http://test/api/v1/negotiation/message "HTTP/1.1 200 OK"
2026-09-25 05:50:36,008 [INFO] httpx: HTTP Request: POST http://test/api/v1/negotiation/end?session_id=f484bf24-4dc3-4429-912d-aa3af191710e "HTTP/1.1 200 OK"
2026-09-25 05:50:36,011 [INFO] httpx: HTTP Request: GET http://test/api/v1/negotiation/analysis/f484bf24-4dc3-4429-912d-aa3af191710e "HTTP/1.1 200 OK"
2026-09-25 05:50:36,038 [INFO] httpx: HTTP Request: POST http://test/api/v1/negotiation/start "HTTP/1.1 200 OK"
2026-09-25 05:50:36,043 [INFO] httpx: HTTP Request: POST http://test/api/v1/negotiation/message "HTTP/1.1 200 OK"
2026-09-25 05:50:36,057 [INFO] httpx: HTTP Request: POST http://test/api/v1/negotiation/end?session_id=d6311c47-2132-4f81-9ade-9620590b464b "HTTP/1.1 200 OK"
2026-09-25 05:50:36,082 [INFO] httpx: HTTP Request: POST http://test/api/v1/negotiation/start "HTTP/1.1 200 OK"
2026-09-25 05:50:36,088 [INFO] httpx: HTTP Request: POST http://test/api/v1/negotiation/voice "HTTP/1.1 200 OK"
2026-09-25 05:50:36,111 [INFO] httpx: HTTP Request: POST http://test/api/v1/negotiation/voice "HTTP/1.1 404 Not Found"
2026-09-25 05:50:36,133 [INFO] httpx: HTTP Request: POST http://test/api/v1/negotiation/voice "HTTP/1.1 401 Unauthorized"
2026-09-25 05:50:36,152 [INFO] httpx: HTTP Request: POST http://test/api/v1/auth/register/admin "HTTP/1.1 429 Too Many Requests"
2026-09-25 05:50:36,187 [INFO] httpx: HTTP Request: POST http://test/api/v1/negotiation/start "HTTP/1.1 200 OK"
2026-09-25 05:50:36,192 [INFO] httpx: HTTP Request: POST http://test/api/v1/negotiation/message "HTTP/1.1 200 OK"
2026-09-25 05:50:36,204 [INFO] httpx: HTTP Request: POST http://test/api/v1/negotiation/end?session_id=10e4a60f-cc71-41aa-b56f-68cb72161716 "HTTP/1.1 200 OK"
2026-09-25 05:50:36,230 [INFO] httpx: HTTP Request: POST http://test/api/v1/negotiation/start "HTTP/1.1 200 OK"
2026-09-25 05:50:36,235 [INFO] httpx: HTTP Request: POST http://test/api/v1/negotiation/message "HTTP/1.1 200 OK"
2026-09-25 05:50:36,247 [INFO] httpx: HTTP Request: POST http://test/api/v1/negotiation/end?session_id=0b259e06-8c01-43e0-9f02-ba8e9d501154 "HTTP/1.1 200 OK"
2026-09-25 05:50:36,250 [INFO] httpx: HTTP Request: GET http://test/api/v1/auth/me "HTTP/1.1 200 OK"
2026-09-25 05:51:21,284 [INFO] httpx: HTTP Request: POST http://test/api/v1/auth/register/admin "HTTP/1.1 201 Created"
2026-09-25 05:51:21,476 [INFO] httpx: HTTP Request: POST http://test/api/v1/auth/register/admin "HTTP/1.1 201 Created"
2026-09-25 05:51:21,664 [INFO] httpx: HTTP Request: POST http://test/api/v1/auth/register/admin "HTTP/1.1 201 Created"
2026-09-25 05:51:21,855 [INFO] httpx: HTTP Request: POST http://test/api/v1/auth/register/admin "HTTP/1.1 201 Created"
2026-09-25 05:51:22,042 [INFO] httpx: HTTP Request: POST http://test/api/v1/auth/register/admin "HTTP/1.1 201 Created"
2026-09-25 05:51:22,252 [INFO] httpx: HTTP Request: POST http://test/api/v1/auth/register/admin "HTTP/1.1 201 Created"
2026-09-25 05:51:22,439 [INFO] httpx: HTTP Request: POST http://test/api/v1/auth/register/admin "HTTP/1.1 201 Created"
2026-09-25 05:51:22,627 [INFO] httpx: HTTP Request: POST http://test/api/v1/auth/register/admin "HTTP/1.1 201 Created"
2026-09-25 05:51:22,815 [INFO] httpx: HTTP Request: POST http://test/api/v1/auth/register/admin "HTTP/1.1 201 Created"
2026-09-25 05:51:23,007 [INFO] httpx: HTTP Request: POST http://test/api/v1/auth/register/admin "HTTP/1.1 201 Created"
2026-09-25 05:51:23,009 [INFO] httpx: HTTP Request: POST http://test/api/v1/auth/register/admin "HTTP/1.1 429 Too Many Requests"
2026-09-25 05:51:23,029 [INFO] httpx: HTTP Request: POST http://test/api/v1/auth/register/admin "HTTP/1.1 403 Forbidden"
2026-09-25 05:51:23,048 [INFO] httpx: HTTP Request: POST http://test/api/v1/auth/register/admin "HTTP/1.1 403 Forbidden"
2026-09-25 05:51:23,050 [INFO] httpx: HTTP Request: POST http://test/api/v1/auth/register/admin "HTTP/1.1 403 Forbidden"
2026-09-25 05:51:23,243 [INFO] httpx: HTTP Request: POST http://test/api/v1/auth/register/admin "HTTP/1.1 201 Created"
2026-09-25 05:51:23,449 [INFO] httpx: HTTP Request: POST http://test/api/v1/auth/register/admin "HTTP/1.1 201 Created"
2026-09-25 05:51:23,455 [INFO] httpx: HTTP Request: POST http://test/api/v1/scenarios/ "HTTP/1.1 201 Created"
2026-09-25 05:51:23,669 [INFO] httpx: HTTP Request: POST http://test/api/v1/auth/register "HTTP/1.1 201 Created"
2026-09-25 05:51:23,674 [INFO] httpx: HTTP Request: POST http://test/api/v1/auth/onboarding "HTTP/1.1 200 OK"
2026-09-25 05:51:23,676 [INFO] httpx: HTTP Request: POST http://test/api/v1/scenarios/ "HTTP/1.1 403 Forbidden"
2026-09-25 05:51:23,884 [INFO] httpx: HTTP Request: POST http://test/api/v1/auth/register/admin "HTTP/1.1 201 Created"
2026-09-25 05:51:23,889 [INFO] httpx: HTTP Request: GET http://test/api/v1/scenarios/my "HTTP/1.1 200 OK"
2026-09-25 05:51:24,094 [INFO] httpx: HTTP Request: POST http://test/api/v1/auth/register/admin "HTTP/1.1 201 Created"
2026-09-25 05:51:24,285 [INFO] httpx: HTTP Request: POST http://test/api/v1/auth/register/admin "HTTP/1.1 201 Created"
2026-09-25 05:51:24,291 [INFO] httpx: HTTP Request: POST http://test/api/v1/scenarios/ "HTTP/1.1 201 Created"
2026-09-25 05:51:24,296 [INFO] httpx: HTTP Request: POST http://test/api/v1/scenarios/ "HTTP/1.1 201 Created"
2026-09-25 05:51:24,299 [INFO] httpx: HTTP Request: GET http://test/api/v1/scenarios/my "HTTP/1.1 200 OK"
2026-09-25 05:51:24,510 [INFO] httpx: HTTP Request: POST http://test/api/v1/auth/register/admin "HTTP/1.1 201 Created"
2026-09-25 05:51:24,518 [INFO] httpx: HTTP Request: POST http://test/api/v1/scenarios/ "HTTP/1.1 201 Created"
2026-09-25 05:51:24,521 [INFO] httpx: HTTP Request: POST http://test/api/v1/scenarios/pub-case/publish "HTTP/1.1 400 Bad Request"
2026-09-25 05:51:24,728 [INFO] httpx: HTTP Request: POST http://test/api/v1/auth/register/admin "HTTP/1.1 201 Created"
2026-09-25 05:51:24,735 [INFO] httpx: HTTP Request: POST http://test/api/v1/scenarios/ "HTTP/1.1 201 Created"
2026-09-25 05:51:24,739 [INFO] httpx: HTTP Request: POST http://test/api/v1/scenarios/pub-mid/publish "HTTP/1.1 400 Bad Request"
2026-09-25 05:51:24,943 [INFO] httpx: HTTP Request: POST http://test/api/v1/auth/register/admin "HTTP/1.1 201 Created"
2026-09-25 05:51:24,950 [INFO] httpx: HTTP Request: POST http://test/api/v1/scenarios/ "HTTP/1.1 201 Created"
2026-09-25 05:51:24,953 [INFO] httpx: HTTP Request: POST http://test/api/v1/scenarios/ready-case/publish "HTTP/1.1 200 OK"
2026-09-25 05:51:25,160 [INFO] httpx: HTTP Request: POST http://test/api/v1/auth/register/admin "HTTP/1.1 201 Created"
2026-09-25 05:51:25,351 [INFO] httpx: HTTP Request: POST http://test/api/v1/auth/register/admin "HTTP/1.1 201 Created"
2026-09-25 05:51:25,359 [INFO] httpx: HTTP Request: POST http://test/api/v1/scenarios/ "HTTP/1.1 201 Created"
2026-09-25 05:51:25,361 [INFO] httpx: HTTP Request: POST http://test/api/v1/scenarios/owner-case/publish "HTTP/1.1 403 Forbidden"
2026-09-25 05:51:25,573 [INFO] httpx: HTTP Request: POST http://test/api/v1/auth/register/admin "HTTP/1.1 201 Created"
2026-09-25 05:51:25,580 [INFO] httpx: HTTP Request: POST http://test/api/v1/scenarios/ "HTTP/1.1 201 Created"
2026-09-25 05:51:25,584 [INFO] httpx: HTTP Request: POST http://test/api/v1/scenarios/arch-case/publish "HTTP/1.1 200 OK"
2026-09-25 05:51:25,589 [INFO] httpx: HTTP Request: POST http://test/api/v1/scenarios/arch-case/archive "HTTP/1.1 200 OK"
2026-09-25 05:51:25,797 [INFO] httpx: HTTP Request: POST http://test/api/v1/auth/register/admin "HTTP/1.1 201 Created"
2026-09-25 05:51:25,802 [INFO] httpx: HTTP Request: POST http://test/api/v1/scenarios/ "HTTP/1.1 201 Created"
2026-09-25 05:51:25,806 [INFO] httpx: HTTP Request: POST http://test/api/v1/scenarios/hidden-case/publish "HTTP/1.1 200 OK"
2026-09-25 05:51:25,810 [INFO] httpx: HTTP Request: GET http://test/api/v1/scenarios/ "HTTP/1.1 200 OK"
2026-09-25 05:51:26,013 [INFO] httpx: HTTP Request: POST http://test/api/v1/auth/register/admin "HTTP/1.1 201 Created"
2026-09-25 05:51:26,020 [INFO] httpx: HTTP Request: POST http://test/api/v1/scenarios/ "HTTP/1.1 201 Created"
2026-09-25 05:51:26,024 [INFO] httpx: HTTP Request: PUT http://test/api/v1/scenarios/upd-case "HTTP/1.1 200 OK"
2026-09-25 05:51:26,230 [INFO] httpx: HTTP Request: POST http://test/api/v1/auth/register/admin "HTTP/1.1 201 Created"
2026-09-25 05:51:26,420 [INFO] httpx: HTTP Request: POST http://test/api/v1/auth/register/admin "HTTP/1.1 201 Created"
2026-09-25 05:51:26,425 [INFO] httpx: HTTP Request: POST http://test/api/v1/scenarios/ "HTTP/1.1 201 Created"
2026-09-25 05:51:26,429 [INFO] httpx: HTTP Request: PUT http://test/api/v1/scenarios/protected-case "HTTP/1.1 403 Forbidden"
2026-09-25 05:51:26,455 [INFO] httpx: HTTP Request: POST http://test/api/v1/negotiation/start "HTTP/1.1 200 OK"
2026-09-25 05:51:26,462 [INFO] httpx: HTTP Request: POST http://test/api/v1/negotiation/message "HTTP/1.1 200 OK"
2026-09-25 05:51:26,476 [INFO] httpx: HTTP Request: POST http://test/api/v1/negotiation/end?session_id=65cd851f-515f-4f2d-b590-6e2e0d1188c0 "HTTP/1.1 200 OK"
2026-09-25 05:51:26,502 [INFO] httpx: HTTP Request: POST http://test/api/v1/negotiation/start "HTTP/1.1 200 OK"
2026-09-25 05:51:26,509 [INFO] httpx: HTTP Request: POST http://test/api/v1/negotiation/message "HTTP/1.1 200 OK"
2026-09-25 05:51:26,521 [INFO] httpx: HTTP Request: POST http://test/api/v1/negotiation/end?session_id=6a015e82-e7c5-4654-a9a5-703e99a6bd06 "HTTP/1.1 200 OK"
2026-09-25 05:51:26,525 [INFO] httpx: HTTP Request: GET http://test/api/v1/negotiation/analysis/6a015e82-e7c5-4654-a9a5-703e99a6bd06 "HTTP/1.1 200 OK"
2026-09-25 05:51:26,553 [INFO] httpx: HTTP Request: POST http://test/api/v1/negotiation/start "HTTP/1.1 200 OK"
2026-09-25 05:51:26,559 [INFO] httpx: HTTP Request: POST http://test/api/v1/negotiation/message "HTTP/1.1 200 OK"
2026-09-25 05:51:26,571 [INFO] httpx: HTTP Request: POST http://test/api/v1/negotiation/end?session_id=96b6dbca-208d-4163-904c-d3a6d4791067 "HTTP/1.1 200 OK"
2026-09-25 05:51:26,776 [INFO] httpx: HTTP Request: POST http://test/api/v1/auth/register "HTTP/1.1 201 Created"
2026-09-25 05:51:26,794 [INFO] httpx: HTTP Request: POST http://test/api/v1/auth/register "HTTP/1.1 422 Unprocessable Entity"
2026-09-25 05:51:26,814 [INFO] httpx: HTTP Request: POST http://test/api/v1/auth/register "HTTP/1.1 400 Bad Request"
2026-09-25 05:51:27,020 [INFO] httpx: HTTP Request: POST http://test/api/v1/auth/register "HTTP/1.1 201 Created"
2026-09-25 05:51:27,227 [INFO] httpx: HTTP Request: POST http://test/api/v1/auth/register "HTTP/1.1 201 Created"
2026-09-25 05:51:27,414 [INFO] httpx: HTTP Request: POST http://test/api/v1/auth/login "HTTP/1.1 200 OK"
2026-09-25 05:51:27,622 [INFO] httpx: HTTP Request: POST http://test/api/v1/auth/register "HTTP/1.1 201 Created"
2026-09-25 05:51:27,808 [INFO] httpx: HTTP Request: POST http://test/api/v1/auth/login "HTTP/1.1 401 Unauthorized"
2026-09-25 05:51:28,019 [INFO] httpx: HTTP Request: POST http://test/api/v1/auth/register "HTTP/1.1 201 Created"
2026-09-25 05:51:28,023 [INFO] httpx: HTTP Request: POST http://test/api/v1/auth/onboarding "HTTP/1.1 200 OK"
2026-09-25 05:51:28,228 [INFO] httpx: HTTP Request: POST http://test/api/v1/auth/register "HTTP/1.1 201 Created"
2026-09-25 05:51:28,230 [INFO] httpx: HTTP Request: POST http://test/api/v1/auth/onboarding "HTTP/1.1 400 Bad Request"
2026-09-25 05:51:28,438 [INFO] httpx: HTTP Request: POST http://test/api/v1/auth/register "HTTP/1.1 201 Created"
2026-09-25 05:51:28,440 [INFO] httpx: HTTP Request: POST http://test/api/v1/auth/onboarding "HTTP/1.1 422 Unprocessable Entity"
2026-09-25 05:51:28,650 [INFO] httpx: HTTP Request: POST http://test/api/v1/auth/register/admin "HTTP/1.1 201 Created"
2026-09-25 05:51:28,668 [INFO] httpx: HTTP Request: POST http://test/api/v1/auth/register/admin "HTTP/1.1 422 Unprocessable Entity"
2026-09-25 05:51:28,688 [INFO] httpx: HTTP Request: POST http://test/api/v1/auth/register/admin "HTTP/1.1 400 Bad Request"
2026-09-25 05:51:28,896 [INFO] httpx: HTTP Request: POST http://test/api/v1/auth/register/admin "HTTP/1.1 201 Created"
2026-09-25 05:51:29,084 [INFO] httpx: HTTP Request: POST http://test/api/v1/auth/login/admin "HTTP/1.1 200 OK"
2026-09-25 05:51:29,290 [INFO] httpx: HTTP Request: POST http://test/api/v1/auth/register "HTTP/1.1 201 Created"
2026-09-25 05:51:29,480 [INFO] httpx: HTTP Request: POST http://test/api/v1/auth/login/admin "HTTP/1.1 403 Forbidden"
2026-09-25 05:51:29,688 [INFO] httpx: HTTP Request: POST http://test/api/v1/auth/register/admin "HTTP/1.1 201 Created"
2026-09-25 05:51:29,875 [INFO] httpx: HTTP Request: POST http://test/api/v1/auth/login/admin "HTTP/1.1 401 Unauthorized"
2026-09-25 05:51:30,095 [INFO] httpx: HTTP Request: POST http://test/api/v1/auth/register "HTTP/1.1 201 Created"
2026-09-25 05:51:30,099 [INFO] httpx: HTTP Request: GET http://test/api/v1/auth/me "HTTP/1.1 200 OK"
2026-09-25 05:51:30,115 [INFO] httpx: HTTP Request: GET http://test/api/v1/auth/me "HTTP/1.1 401 Unauthorized"
2026-09-25 05:51:30,321 [INFO] httpx: HTTP Request: POST http://test/api/v1/auth/register/admin "HTTP/1.1 201 Created"
2026-09-25 05:51:30,323 [INFO] httpx: HTTP Request: GET http://test/api/v1/auth/me "HTTP/1.1 200 OK"
2026-09-25 05:51:30,530 [INFO] httpx: HTTP Request: POST http://test/api/v1/auth/register/admin "HTTP/1.1 201 Created"
2026-09-25 05:51:30,533 [INFO] httpx: HTTP Request: POST http://test/api/v1/auth/onboarding "HTTP/1.1 403 Forbidden"
2026-09-25 05:51:30,576 [INFO] httpx: HTTP Request: GET http://test/api/v1/auth/me "HTTP/1.1 200 OK"
2026-09-25 05:51:30,833 [INFO] httpx: HTTP Request: POST http://test/api/v1/auth/register "HTTP/1.1 201 Created"
2026-09-25 05:51:30,835 [INFO] httpx: HTTP Request: GET http://test/api/v1/auth/me "HTTP/1.1 200 OK"
2026-09-25 05:51:30,986 [INFO] httpx: HTTP Request: GET http://test/api/v1/negotiation/briefing/scenario-1 "HTTP/1.1 200 OK"
2026-09-25 05:51:31,008 [INFO] httpx: HTTP Request: GET http://test/api/v1/negotiation/briefing/scenario-1 "HTTP/1.1 200 OK"
2026-09-25 05:51:31,032 [INFO] httpx: HTTP Request: GET http://test/api/v1/negotiation/briefing/ghost "HTTP/1.1 404 Not Found"
2026-09-25 05:51:31,053 [INFO] httpx: HTTP Request: GET http://test/api/v1/negotiation/briefing/scenario-1 "HTTP/1.1 401 Unauthorized"
2026-09-25 05:51:31,261 [INFO] httpx: HTTP Request: POST http://test/api/v1/auth/register/admin "HTTP/1.1 201 Created"
2026-09-25 05:51:31,263 [INFO] httpx: HTTP Request: GET http://test/api/v1/negotiation/briefing/scenario-1 "HTTP/1.1 403 Forbidden"
2026-09-25 05:51:31,281 [INFO] httpx: HTTP Request: POST http://test/api/v1/auth/register "HTTP/1.1 400 Bad Request"
2026-09-25 05:51:31,487 [INFO] httpx: HTTP Request: POST http://test/api/v1/auth/register "HTTP/1.1 201 Created"
2026-09-25 05:51:31,504 [INFO] httpx: HTTP Request: POST http://test/api/v1/auth/register "HTTP/1.1 422 Unprocessable Entity"
2026-09-25 05:51:31,708 [INFO] httpx: HTTP Request: POST http://test/api/v1/auth/register "HTTP/1.1 201 Created"
2026-09-25 05:51:31,712 [INFO] httpx: HTTP Request: GET http://test/api/v1/auth/me "HTTP/1.1 200 OK"
2026-09-25 05:51:31,729 [INFO] httpx: HTTP Request: POST http://test/api/v1/auth/register/admin "HTTP/1.1 400 Bad Request"
2026-09-25 05:51:31,746 [INFO] httpx: HTTP Request: POST http://test/api/v1/auth/register/admin "HTTP/1.1 422 Unprocessable Entity"
2026-09-25 05:51:31,975 [INFO] httpx: HTTP Request: POST http://test/api/v1/auth/register/admin "HTTP/1.1 201 Created"
2026-09-25 05:51:31,983 [INFO] httpx: HTTP Request: POST http://test/api/v1/scenarios/ "HTTP/1.1 201 Created"
2026-09-25 05:51:31,988 [INFO] httpx: HTTP Request: DELETE http://test/api/v1/scenarios/to-delete "HTTP/1.1 204 No Content"
2026-09-25 05:51:31,990 [INFO] httpx: HTTP Request: GET http://test/api/v1/scenarios/to-delete "HTTP/1.1 404 Not Found"
2026-09-25 05:51:32,198 [INFO] httpx: HTTP Request: POST http://test/api/v1/auth/register/admin "HTTP/1.1 201 Created"
2026-09-25 05:51:32,386 [INFO] httpx: HTTP Request: POST http://test/api/v1/auth/register/admin "HTTP/1.1 201 Created"
2026-09-25 05:51:32,393 [INFO] httpx: HTTP Request: POST http://test/api/v1/scenarios/ "HTTP/1.1 201 Created"
2026-09-25 05:51:32,395 [INFO] httpx: HTTP Request: DELETE http://test/api/v1/scenarios/protected-del "HTTP/1.1 403 Forbidden"
2026-09-25 05:51:32,597 [INFO] httpx: HTTP Request: POST http://test/api/v1/auth/register/admin "HTTP/1.1 201 Created"
2026-09-25 05:51:32,603 [INFO] httpx: HTTP Request: DELETE http://test/api/v1/scenarios/ghost "HTTP/1.1 404 Not Found"
2026-09-25 05:51:32,811 [INFO] httpx: HTTP Request: POST http://test/api/v1/auth/register/admin "HTTP/1.1 201 Created"
2026-09-25 05:51:32,817 [INFO] httpx: HTTP Request: POST http://test/api/v1/scenarios/ "HTTP/1.1 201 Created"
2026-09-25 05:51:32,822 [INFO] httpx: HTTP Request: POST http://test/api/v1/scenarios/detach-case/publish "HTTP/1.1 200 OK"
2026-09-25 05:51:32,827 [INFO] httpx: HTTP Request: POST http://test/api/v1/negotiation/start "HTTP/1.1 200 OK"
2026-09-25 05:51:32,833 [INFO] httpx: HTTP Request: DELETE http://test/api/v1/scenarios/detach-case "HTTP/1.1 204 No Content"
2026-09-25 05:51:32,838 [INFO] httpx: HTTP Request: GET http://test/api/v1/negotiation/sessions/user-1 "HTTP/1.1 200 OK"
2026-09-25 05:51:33,050 [INFO] httpx: HTTP Request: POST http://test/api/v1/auth/register/admin "HTTP/1.1 201 Created"
2026-09-25 05:51:33,056 [INFO] httpx: HTTP Request: POST http://test/api/v1/scenarios/ "HTTP/1.1 201 Created"
2026-09-25 05:51:33,060 [INFO] httpx: HTTP Request: POST http://test/api/v1/scenarios/fk-case/publish "HTTP/1.1 200 OK"
2026-09-25 05:51:33,069 [INFO] httpx: HTTP Request: POST http://test/api/v1/invite/vEoyWX5X1mzwsEys "HTTP/1.1 200 OK"
2026-09-25 05:51:33,074 [INFO] httpx: HTTP Request: GET http://test/api/v1/users/user-1/added-cases "HTTP/1.1 200 OK"
2026-09-25 05:51:33,079 [INFO] httpx: HTTP Request: DELETE http://test/api/v1/scenarios/fk-case "HTTP/1.1 204 No Content"
2026-09-25 05:51:33,081 [INFO] httpx: HTTP Request: GET http://test/api/v1/users/user-1/added-cases "HTTP/1.1 200 OK"
2026-09-25 05:51:33,100 [INFO] httpx: HTTP Request: GET http://test/api/v1/health/ "HTTP/1.1 200 OK"
2026-09-25 05:51:33,117 [INFO] httpx: HTTP Request: GET http://test/ "HTTP/1.1 200 OK"
2026-09-25 05:51:33,135 [INFO] httpx: HTTP Request: GET http://test/api/v1/health/ "HTTP/1.1 200 OK"
2026-09-25 05:51:33,159 [INFO] httpx: HTTP Request: GET http://test/api/v1/negotiation/sessions/user-1 "HTTP/1.1 200 OK"
2026-09-25 05:51:33,185 [INFO] httpx: HTTP Request: POST http://test/api/v1/negotiation/start "HTTP/1.1 200 OK"
2026-09-25 05:51:33,188 [INFO] httpx: HTTP Request: GET http://test/api/v1/negotiation/sessions/user-1 "HTTP/1.1 200 OK"
2026-09-25 05:51:33,216 [INFO] httpx: HTTP Request: POST http://test/api/v1/negotiation/start "HTTP/1.1 200 OK"
2026-09-25 05:51:33,221 [INFO] httpx: HTTP Request: POST http://test/api/v1/negotiation/message "HTTP/1.1 200 OK"
2026-09-25 05:51:33,226 [INFO] httpx: HTTP Request: GET http://test/api/v1/negotiation/sessions/1d7b6196-c731-4af3-8ca1-eed273291385/messages "HTTP/1.1 200 OK"
2026-09-25 05:51:33,253 [INFO] httpx: HTTP Request: POST http://test/api/v1/negotiation/start "HTTP/1.1 200 OK"
2026-09-25 05:51:33,257 [INFO] httpx: HTTP Request: POST http://test/api/v1/negotiation/9d4abbc2-b364-43ce-ad30-84428c91cec3/interrupt "HTTP/1.1 200 OK"
2026-09-25 05:51:33,285 [INFO] httpx: HTTP Request: POST http://test/api/v1/negotiation/start "HTTP/1.1 200 OK"
2026-09-25 05:51:33,290 [INFO] httpx: HTTP Request: POST http://test/api/v1/negotiation/d4e17133-dd1e-4917-bce5-0901fd79828b/interrupt "HTTP/1.1 200 OK"
2026-09-25 05:51:33,293 [INFO] httpx: HTTP Request: POST http://test/api/v1/negotiation/d4e17133-dd1e-4917-bce5-0901fd79828b/interrupt "HTTP/1.1 200 OK"
2026-09-25 05:51:33,320 [INFO] httpx: HTTP Request: POST http://test/api/v1/negotiation/start "HTTP/1.1 200 OK"
2026-09-25 05:51:33,326 [INFO] httpx: HTTP Request: POST http://test/api/v1/negotiation/message "HTTP/1.1 200 OK"
2026-09-25 05:51:33,338 [INFO] httpx: HTTP Request: POST http://test/api/v1/negotiation/end?session_id=5c4b779c-898f-479e-9969-f18007a629c5 "HTTP/1.1 200 OK"
2026-09-25 05:51:33,341 [INFO] httpx: HTTP Request: POST http://test/api/v1/negotiation/5c4b779c-898f-479e-9969-f18007a629c5/interrupt "HTTP/1.1 400 Bad Request"
2026-09-25 05:51:33,365 [INFO] httpx: HTTP Request: POST http://test/api/v1/negotiation/ghost-session/interrupt "HTTP/1.1 404 Not Found"
2026-09-25 05:51:33,390 [INFO] httpx: HTTP Request: POST http://test/api/v1/negotiation/start "HTTP/1.1 200 OK"
2026-09-25 05:51:33,395 [INFO] httpx: HTTP Request: POST http://test/api/v1/negotiation/c63601bb-7412-492f-bdea-30ca9c7dfb60/interrupt "HTTP/1.1 200 OK"
2026-09-25 05:51:33,399 [INFO] httpx: HTTP Request: POST http://test/api/v1/negotiation/message "HTTP/1.1 400 Bad Request"
2026-09-25 05:51:33,429 [INFO] httpx: HTTP Request: POST http://test/api/v1/negotiation/start "HTTP/1.1 200 OK"
2026-09-25 05:51:33,434 [INFO] httpx: HTTP Request: POST http://test/api/v1/negotiation/c36251ea-abfc-431b-b4f7-fa77eb0eeec1/interrupt "HTTP/1.1 200 OK"
2026-09-25 05:51:33,438 [INFO] httpx: HTTP Request: POST http://test/api/v1/negotiation/end?session_id=c36251ea-abfc-431b-b4f7-fa77eb0eeec1 "HTTP/1.1 400 Bad Request"
2026-09-25 05:51:33,462 [INFO] httpx: HTTP Request: GET http://test/api/v1/users/user-1/interrupted-session "HTTP/1.1 200 OK"
2026-09-25 05:51:33,488 [INFO] httpx: HTTP Request: POST http://test/api/v1/negotiation/start "HTTP/1.1 200 OK"
2026-09-25 05:51:33,493 [INFO] httpx: HTTP Request: POST http://test/api/v1/negotiation/start "HTTP/1.1 200 OK"
2026-09-25 05:51:33,498 [INFO] httpx: HTTP Request: POST http://test/api/v1/negotiation/f397bbf9-d77b-4cc9-83f5-62875fb26736/interrupt "HTTP/1.1 200 OK"
2026-09-25 05:51:33,502 [INFO] httpx: HTTP Request: POST http://test/api/v1/negotiation/b35d63ca-647f-449c-9212-34ac84d7c0ce/interrupt "HTTP/1.1 200 OK"
2026-09-25 05:51:33,507 [INFO] httpx: HTTP Request: GET http://test/api/v1/users/user-1/interrupted-session "HTTP/1.1 200 OK"
2026-09-25 05:51:33,526 [INFO] httpx: HTTP Request: GET http://test/api/v1/users/user-1/interrupted-session "HTTP/1.1 401 Unauthorized"
2026-09-25 05:51:33,732 [INFO] httpx: HTTP Request: POST http://test/api/v1/auth/register/admin "HTTP/1.1 201 Created"
2026-09-25 05:51:33,738 [INFO] httpx: HTTP Request: POST http://test/api/v1/scenarios/ "HTTP/1.1 201 Created"
2026-09-25 05:51:33,742 [INFO] httpx: HTTP Request: POST http://test/api/v1/scenarios/prev-case/publish "HTTP/1.1 200 OK"
2026-09-25 05:51:33,745 [INFO] httpx: HTTP Request: GET http://test/api/v1/invite/tizj7r8DcEbWA8z0 "HTTP/1.1 200 OK"
2026-09-25 05:51:33,763 [INFO] httpx: HTTP Request: GET http://test/api/v1/invite/nonexistent-code-xyz "HTTP/1.1 404 Not Found"
2026-09-25 05:51:33,970 [INFO] httpx: HTTP Request: POST http://test/api/v1/auth/register/admin "HTTP/1.1 201 Created"
2026-09-25 05:51:33,975 [INFO] httpx: HTTP Request: POST http://test/api/v1/scenarios/ "HTTP/1.1 201 Created"
2026-09-25 05:51:33,980 [INFO] httpx: HTTP Request: POST http://test/api/v1/scenarios/arch-prev-case/publish "HTTP/1.1 200 OK"
2026-09-25 05:51:33,984 [INFO] httpx: HTTP Request: POST http://test/api/v1/scenarios/arch-prev-case/archive "HTTP/1.1 200 OK"
2026-09-25 05:51:33,987 [INFO] httpx: HTTP Request: GET http://test/api/v1/invite/VRfpAva--nb5hQ2i "HTTP/1.1 410 Gone"
2026-09-25 05:51:34,194 [INFO] httpx: HTTP Request: POST http://test/api/v1/auth/register/admin "HTTP/1.1 201 Created"
2026-09-25 05:51:34,200 [INFO] httpx: HTTP Request: POST http://test/api/v1/scenarios/ "HTTP/1.1 201 Created"
2026-09-25 05:51:34,203 [INFO] httpx: HTTP Request: POST http://test/api/v1/scenarios/accept-case/publish "HTTP/1.1 200 OK"
2026-09-25 05:51:34,209 [INFO] httpx: HTTP Request: POST http://test/api/v1/invite/gFiUyHw9ZHOG29OT "HTTP/1.1 200 OK"
2026-09-25 05:51:34,417 [INFO] httpx: HTTP Request: POST http://test/api/v1/auth/register/admin "HTTP/1.1 201 Created"
2026-09-25 05:51:34,423 [INFO] httpx: HTTP Request: POST http://test/api/v1/scenarios/ "HTTP/1.1 201 Created"
2026-09-25 05:51:34,426 [INFO] httpx: HTTP Request: POST http://test/api/v1/scenarios/idem-case/publish "HTTP/1.1 200 OK"
2026-09-25 05:51:34,432 [INFO] httpx: HTTP Request: POST http://test/api/v1/invite/BPzKpABNsiK4UjY5 "HTTP/1.1 200 OK"
2026-09-25 05:51:34,435 [INFO] httpx: HTTP Request: POST http://test/api/v1/invite/BPzKpABNsiK4UjY5 "HTTP/1.1 200 OK"
2026-09-25 05:51:34,642 [INFO] httpx: HTTP Request: POST http://test/api/v1/auth/register/admin "HTTP/1.1 201 Created"
2026-09-25 05:51:34,649 [INFO] httpx: HTTP Request: POST http://test/api/v1/scenarios/ "HTTP/1.1 201 Created"
2026-09-25 05:51:34,652 [INFO] httpx: HTTP Request: POST http://test/api/v1/scenarios/noauth-case/publish "HTTP/1.1 200 OK"
2026-09-25 05:51:34,654 [INFO] httpx: HTTP Request: POST http://test/api/v1/invite/Lf4BBNkdQ1ARsqz2 "HTTP/1.1 401 Unauthorized"
2026-09-25 05:51:34,862 [INFO] httpx: HTTP Request: POST http://test/api/v1/auth/register/admin "HTTP/1.1 201 Created"
2026-09-25 05:51:35,047 [INFO] httpx: HTTP Request: POST http://test/api/v1/auth/register/admin "HTTP/1.1 201 Created"
2026-09-25 05:51:35,055 [INFO] httpx: HTTP Request: POST http://test/api/v1/scenarios/ "HTTP/1.1 201 Created"
2026-09-25 05:51:35,059 [INFO] httpx: HTTP Request: POST http://test/api/v1/scenarios/admin-inv-case/publish "HTTP/1.1 200 OK"
2026-09-25 05:51:35,061 [INFO] httpx: HTTP Request: POST http://test/api/v1/invite/8iRA9GzDpSyq8wao "HTTP/1.1 403 Forbidden"
2026-09-25 05:51:35,084 [INFO] httpx: HTTP Request: GET http://test/api/v1/users/user-1/added-cases "HTTP/1.1 200 OK"
2026-09-25 05:51:35,294 [INFO] httpx: HTTP Request: POST http://test/api/v1/auth/register/admin "HTTP/1.1 201 Created"
2026-09-25 05:51:35,301 [INFO] httpx: HTTP Request: POST http://test/api/v1/scenarios/ "HTTP/1.1 201 Created"
2026-09-25 05:51:35,305 [INFO] httpx: HTTP Request: POST http://test/api/v1/scenarios/list-add-case/publish "HTTP/1.1 200 OK"
2026-09-25 05:51:35,310 [INFO] httpx: HTTP Request: POST http://test/api/v1/invite/0kmH8ImglOkuCKdi "HTTP/1.1 200 OK"
2026-09-25 05:51:35,313 [INFO] httpx: HTTP Request: GET http://test/api/v1/users/user-1/added-cases "HTTP/1.1 200 OK"
2026-09-25 05:51:35,522 [INFO] httpx: HTTP Request: POST http://test/api/v1/auth/register "HTTP/1.1 201 Created"
2026-09-25 05:51:35,527 [INFO] httpx: HTTP Request: POST http://test/api/v1/auth/onboarding "HTTP/1.1 200 OK"
2026-09-25 05:51:35,535 [INFO] httpx: HTTP Request: POST http://test/api/v1/negotiation/start "HTTP/1.1 200 OK"
2026-09-25 05:51:35,738 [INFO] httpx: HTTP Request: POST http://test/api/v1/auth/register "HTTP/1.1 201 Created"
2026-09-25 05:51:35,743 [INFO] httpx: HTTP Request: POST http://test/api/v1/auth/onboarding "HTTP/1.1 200 OK"
2026-09-25 05:51:35,748 [INFO] httpx: HTTP Request: POST http://test/api/v1/negotiation/start "HTTP/1.1 404 Not Found"
2026-09-25 05:51:35,954 [INFO] httpx: HTTP Request: POST http://test/api/v1/auth/register "HTTP/1.1 201 Created"
2026-09-25 05:51:35,958 [INFO] httpx: HTTP Request: POST http://test/api/v1/auth/onboarding "HTTP/1.1 200 OK"
2026-09-25 05:51:35,966 [INFO] httpx: HTTP Request: POST http://test/api/v1/negotiation/start "HTTP/1.1 200 OK"
2026-09-25 05:51:35,971 [INFO] httpx: HTTP Request: POST http://test/api/v1/negotiation/message "HTTP/1.1 200 OK"
2026-09-25 05:51:36,177 [INFO] httpx: HTTP Request: POST http://test/api/v1/auth/register "HTTP/1.1 201 Created"
2026-09-25 05:51:36,182 [INFO] httpx: HTTP Request: POST http://test/api/v1/auth/onboarding "HTTP/1.1 200 OK"
2026-09-25 05:51:36,186 [INFO] httpx: HTTP Request: POST http://test/api/v1/negotiation/message "HTTP/1.1 404 Not Found"
2026-09-25 05:51:36,393 [INFO] httpx: HTTP Request: POST http://test/api/v1/auth/register "HTTP/1.1 201 Created"
2026-09-25 05:51:36,397 [INFO] httpx: HTTP Request: POST http://test/api/v1/auth/onboarding "HTTP/1.1 200 OK"
2026-09-25 05:51:36,405 [INFO] httpx: HTTP Request: POST http://test/api/v1/negotiation/start "HTTP/1.1 200 OK"
2026-09-25 05:51:36,410 [INFO] httpx: HTTP Request: POST http://test/api/v1/negotiation/message "HTTP/1.1 200 OK"
2026-09-25 05:51:36,423 [INFO] httpx: HTTP Request: POST http://test/api/v1/negotiation/end?session_id=0959599b-fe8e-44b6-8005-46e78a31a9c4 "HTTP/1.1 200 OK"
2026-09-25 05:51:36,630 [INFO] httpx: HTTP Request: POST http://test/api/v1/auth/register "HTTP/1.1 201 Created"
2026-09-25 05:51:36,635 [INFO] httpx: HTTP Request: POST http://test/api/v1/auth/onboarding "HTTP/1.1 200 OK"
2026-09-25 05:51:36,644 [INFO] httpx: HTTP Request: POST http://test/api/v1/negotiation/start "HTTP/1.1 200 OK"
2026-09-25 05:51:36,650 [INFO] httpx: HTTP Request: POST http://test/api/v1/negotiation/message "HTTP/1.1 200 OK"
2026-09-25 05:51:36,711 [INFO] httpx: HTTP Request: POST http://test/api/v1/negotiation/end?session_id=712b1149-3e02-4dbb-95e4-b8f15dfab453 "HTTP/1.1 200 OK"
2026-09-25 05:51:36,714 [INFO] httpx: HTTP Request: GET http://test/api/v1/negotiation/analysis/712b1149-3e02-4dbb-95e4-b8f15dfab453 "HTTP/1.1 200 OK"
2026-09-25 05:51:36,922 [INFO] httpx: HTTP Request: POST http://test/api/v1/auth/register "HTTP/1.1 201 Created"
2026-09-25 05:51:36,927 [INFO] httpx: HTTP Request: POST http://test/api/v1/auth/onboarding "HTTP/1.1 200 OK"
2026-09-25 05:51:36,935 [INFO] httpx: HTTP Request: POST http://test/api/v1/negotiation/start "HTTP/1.1 200 OK"
2026-09-25 05:51:36,940 [INFO] httpx: HTTP Request: POST http://test/api/v1/negotiation/message "HTTP/1.1 200 OK"
2026-09-25 05:51:36,953 [INFO] httpx: HTTP Request: POST http://test/api/v1/negotiation/end?session_id=4218e7b5-fd7f-4f08-96ce-a7de2a0fe681 "HTTP/1.1 200 OK"
2026-09-25 05:51:36,955 [INFO] httpx: HTTP Request: POST http://test/api/v1/negotiation/message "HTTP/1.1 400 Bad Request"
2026-09-25 05:51:37,164 [INFO] httpx: HTTP Request: POST http://test/api/v1/auth/register/admin "HTTP/1.1 201 Created"
2026-09-25 05:51:37,167 [INFO] httpx: HTTP Request: POST http://test/api/v1/negotiation/start "HTTP/1.1 403 Forbidden"
2026-09-25 05:51:37,198 [INFO] httpx: HTTP Request: POST http://test/api/v1/negotiation/start "HTTP/1.1 401 Unauthorized"
2026-09-25 05:51:37,408 [INFO] httpx: HTTP Request: POST http://test/api/v1/auth/register "HTTP/1.1 201 Created"
2026-09-25 05:51:37,413 [INFO] httpx: HTTP Request: POST http://test/api/v1/auth/onboarding "HTTP/1.1 200 OK"
2026-09-25 05:51:37,420 [INFO] httpx: HTTP Request: POST http://test/api/v1/negotiation/start "HTTP/1.1 200 OK"
2026-09-25 05:51:37,426 [INFO] httpx: HTTP Request: POST http://test/api/v1/negotiation/message "HTTP/1.1 200 OK"
2026-09-25 05:51:37,437 [INFO] httpx: HTTP Request: POST http://test/api/v1/negotiation/end?session_id=d3c5deb1-52a8-465d-bddd-2a6a1a053bc0 "HTTP/1.1 200 OK"
2026-09-25 05:51:37,440 [INFO] httpx: HTTP Request: GET http://test/api/v1/negotiation/analysis/d3c5deb1-52a8-465d-bddd-2a6a1a053bc0 "HTTP/1.1 403 Forbidden"
2026-09-25 05:51:37,651 [INFO] httpx: HTTP Request: POST http://test/api/v1/auth/register "HTTP/1.1 201 Created"
2026-09-25 05:51:37,655 [INFO] httpx: HTTP Request: POST http://test/api/v1/auth/onboarding "HTTP/1.1 200 OK"
2026-09-25 05:51:37,662 [INFO] httpx: HTTP Request: POST http://test/api/v1/negotiation/start "HTTP/1.1 200 OK"
2026-09-25 05:51:37,664 [INFO] httpx: HTTP Request: POST http://test/api/v1/negotiation/message "HTTP/1.1 403 Forbidden"
2026-09-25 05:51:37,886 [INFO] httpx: HTTP Request: POST http://test/api/v1/auth/register "HTTP/1.1 201 Created"
2026-09-25 05:51:37,890 [INFO] httpx: HTTP Request: POST http://test/api/v1/auth/onboarding "HTTP/1.1 200 OK"
2026-09-25 05:51:37,897 [INFO] httpx: HTTP Request: POST http://test/api/v1/negotiation/start "HTTP/1.1 200 OK"
2026-09-25 05:51:37,901 [INFO] httpx: HTTP Request: POST http://test/api/v1/negotiation/5c720a57-c172-4d03-9252-4e29e5623fb0/interrupt "HTTP/1.1 403 Forbidden"
2026-09-25 05:51:38,109 [INFO] httpx: HTTP Request: POST http://test/api/v1/auth/register "HTTP/1.1 201 Created"
2026-09-25 05:51:38,114 [INFO] httpx: HTTP Request: POST http://test/api/v1/auth/onboarding "HTTP/1.1 200 OK"
2026-09-25 05:51:38,120 [INFO] httpx: HTTP Request: POST http://test/api/v1/negotiation/start "HTTP/1.1 200 OK"
2026-09-25 05:51:38,124 [INFO] httpx: HTTP Request: POST http://test/api/v1/negotiation/end?session_id=682da6a0-470d-4f63-bf2c-a4e4879aa310 "HTTP/1.1 403 Forbidden"
2026-09-25 05:51:38,334 [INFO] httpx: HTTP Request: POST http://test/api/v1/auth/register "HTTP/1.1 201 Created"
2026-09-25 05:51:38,339 [INFO] httpx: HTTP Request: POST http://test/api/v1/auth/onboarding "HTTP/1.1 200 OK"
2026-09-25 05:51:38,341 [INFO] httpx: HTTP Request: GET http://test/api/v1/negotiation/sessions/user-1 "HTTP/1.1 403 Forbidden"
2026-09-25 05:51:38,554 [INFO] httpx: HTTP Request: POST http://test/api/v1/auth/register "HTTP/1.1 201 Created"
2026-09-25 05:51:38,557 [INFO] httpx: HTTP Request: POST http://test/api/v1/auth/onboarding "HTTP/1.1 200 OK"
2026-09-25 05:51:38,561 [INFO] httpx: HTTP Request: GET http://test/api/v1/users/user-1/skills "HTTP/1.1 403 Forbidden"
2026-09-25 05:51:38,771 [INFO] httpx: HTTP Request: POST http://test/api/v1/auth/register "HTTP/1.1 201 Created"
2026-09-25 05:51:38,775 [INFO] httpx: HTTP Request: POST http://test/api/v1/auth/onboarding "HTTP/1.1 200 OK"
2026-09-25 05:51:38,777 [INFO] httpx: HTTP Request: GET http://test/api/v1/users/user-1/recommendations "HTTP/1.1 403 Forbidden"
2026-09-25 05:51:38,985 [INFO] httpx: HTTP Request: POST http://test/api/v1/auth/register "HTTP/1.1 201 Created"
2026-09-25 05:51:38,990 [INFO] httpx: HTTP Request: POST http://test/api/v1/auth/onboarding "HTTP/1.1 200 OK"
2026-09-25 05:51:38,993 [INFO] httpx: HTTP Request: GET http://test/api/v1/negotiation/progress/user-1 "HTTP/1.1 403 Forbidden"
2026-09-25 05:51:39,011 [INFO] httpx: HTTP Request: POST http://test/api/v1/auth/register "HTTP/1.1 422 Unprocessable Entity"
2026-09-25 05:51:39,028 [INFO] httpx: HTTP Request: POST http://test/api/v1/auth/register "HTTP/1.1 422 Unprocessable Entity"
2026-09-25 05:51:39,046 [INFO] httpx: HTTP Request: POST http://test/api/v1/auth/register "HTTP/1.1 422 Unprocessable Entity"
2026-09-25 05:51:39,062 [INFO] httpx: HTTP Request: POST http://test/api/v1/auth/register "HTTP/1.1 422 Unprocessable Entity"
2026-09-25 05:51:39,266 [INFO] httpx: HTTP Request: POST http://test/api/v1/auth/register "HTTP/1.1 201 Created"
2026-09-25 05:51:39,473 [INFO] httpx: HTTP Request: POST http://test/api/v1/auth/register "HTTP/1.1 201 Created"
2026-09-25 05:51:39,685 [INFO] httpx: HTTP Request: POST http://test/api/v1/auth/register "HTTP/1.1 201 Created"
2026-09-25 05:51:39,703 [INFO] httpx: HTTP Request: POST http://test/api/v1/auth/register/admin "HTTP/1.1 422 Unprocessable Entity"
2026-09-25 05:51:39,909 [INFO] httpx: HTTP Request: POST http://test/api/v1/auth/register/admin "HTTP/1.1 201 Created"
2026-09-25 05:51:39,934 [INFO] httpx: HTTP Request: GET http://test/api/v1/negotiation/progress/user-1 "HTTP/1.1 200 OK"
2026-09-25 05:51:39,958 [INFO] httpx: HTTP Request: POST http://test/api/v1/negotiation/start "HTTP/1.1 200 OK"
2026-09-25 05:51:39,964 [INFO] httpx: HTTP Request: POST http://test/api/v1/negotiation/message "HTTP/1.1 200 OK"
2026-09-25 05:51:39,976 [INFO] httpx: HTTP Request: POST http://test/api/v1/negotiation/end?session_id=c0a54242-0f39-4b72-878b-8658423021cd "HTTP/1.1 200 OK"
2026-09-25 05:51:39,980 [INFO] httpx: HTTP Request: GET http://test/api/v1/negotiation/progress/user-1 "HTTP/1.1 200 OK"
2026-09-25 05:51:40,005 [INFO] httpx: HTTP Request: POST http://test/api/v1/negotiation/start "HTTP/1.1 200 OK"
2026-09-25 05:51:40,010 [INFO] httpx: HTTP Request: POST http://test/api/v1/negotiation/message "HTTP/1.1 200 OK"
2026-09-25 05:51:40,023 [INFO] httpx: HTTP Request: POST http://test/api/v1/negotiation/end?session_id=593c9763-2639-4e1d-ae94-f662f5b8ef52 "HTTP/1.1 200 OK"
2026-09-25 05:51:40,028 [INFO] httpx: HTTP Request: POST http://test/api/v1/negotiation/start "HTTP/1.1 200 OK"
2026-09-25 05:51:40,033 [INFO] httpx: HTTP Request: POST http://test/api/v1/negotiation/message "HTTP/1.1 200 OK"
2026-09-25 05:51:40,042 [INFO] httpx: HTTP Request: POST http://test/api/v1/negotiation/end?session_id=7c1d0b44-d91f-4e5e-b881-ce9a0428b0d8 "HTTP/1.1 200 OK"
2026-09-25 05:51:40,046 [INFO] httpx: HTTP Request: GET http://test/api/v1/negotiation/progress/user-1 "HTTP/1.1 200 OK"
2026-09-25 05:51:40,065 [INFO] httpx: HTTP Request: GET http://test/api/v1/negotiation/progress/user-1 "HTTP/1.1 401 Unauthorized"
2026-09-25 05:51:40,274 [INFO] httpx: HTTP Request: POST http://test/api/v1/auth/register/admin "HTTP/1.1 201 Created"
2026-09-25 05:51:40,275 [INFO] httpx: HTTP Request: GET http://test/api/v1/negotiation/progress/user-1 "HTTP/1.1 403 Forbidden"
2026-09-25 05:51:40,295 [INFO] httpx: HTTP Request: GET http://test/api/v1/scenarios/ "HTTP/1.1 200 OK"
2026-09-25 05:51:40,316 [INFO] httpx: HTTP Request: GET http://test/api/v1/scenarios/ "HTTP/1.1 200 OK"
2026-09-25 05:51:40,338 [INFO] httpx: HTTP Request: GET http://test/api/v1/scenarios/scenario-1 "HTTP/1.1 200 OK"
2026-09-25 05:51:40,357 [INFO] httpx: HTTP Request: GET http://test/api/v1/scenarios/nonexistent "HTTP/1.1 404 Not Found"
2026-09-25 05:51:40,561 [INFO] httpx: HTTP Request: POST http://test/api/v1/auth/register/admin "HTTP/1.1 201 Created"
2026-09-25 05:51:40,568 [INFO] httpx: HTTP Request: POST http://test/api/v1/scenarios/ "HTTP/1.1 201 Created"
2026-09-25 05:51:40,570 [INFO] httpx: HTTP Request: GET http://test/api/v1/scenarios/secret-draft "HTTP/1.1 404 Not Found"
2026-09-25 05:51:40,776 [INFO] httpx: HTTP Request: POST http://test/api/v1/auth/register/admin "HTTP/1.1 201 Created"
2026-09-25 05:51:40,783 [INFO] httpx: HTTP Request: POST http://test/api/v1/scenarios/ "HTTP/1.1 201 Created"
2026-09-25 05:51:40,786 [INFO] httpx: HTTP Request: GET http://test/api/v1/scenarios/admin-view/admin "HTTP/1.1 200 OK"
2026-09-25 05:51:40,850 [INFO] app.services.voice_service: [VOICE] Recognized: Hello world
2026-09-25 05:51:40,933 [INFO] httpx: HTTP Request: POST http://test/api/v1/negotiation/start "HTTP/1.1 200 OK"
2026-09-25 05:51:40,938 [INFO] httpx: HTTP Request: POST http://test/api/v1/negotiation/message "HTTP/1.1 200 OK"
2026-09-25 05:51:40,952 [INFO] httpx: HTTP Request: POST http://test/api/v1/negotiation/end?session_id=f0b5cd9f-f389-44d6-81e9-dad109e1bcd7 "HTTP/1.1 200 OK"
2026-09-25 05:51:40,954 [INFO] httpx: HTTP Request: GET http://test/api/v1/users/user-1/skills "HTTP/1.1 200 OK"
2026-09-25 05:51:40,979 [INFO] httpx: HTTP Request: GET http://test/api/v1/users/user-1/skills "HTTP/1.1 200 OK"
2026-09-25 05:51:41,005 [INFO] httpx: HTTP Request: GET http://test/api/v1/users/user-1/skills "HTTP/1.1 401 Unauthorized"
2026-09-25 05:51:41,221 [INFO] httpx: HTTP Request: POST http://test/api/v1/auth/register/admin "HTTP/1.1 201 Created"
2026-09-25 05:51:41,223 [INFO] httpx: HTTP Request: GET http://test/api/v1/users/user-1/skills "HTTP/1.1 403 Forbidden"
2026-09-25 05:51:41,248 [INFO] httpx: HTTP Request: POST http://test/api/v1/negotiation/start "HTTP/1.1 200 OK"
2026-09-25 05:51:41,255 [INFO] httpx: HTTP Request: POST http://test/api/v1/negotiation/message "HTTP/1.1 200 OK"
2026-09-25 05:51:41,260 [INFO] httpx: HTTP Request: POST http://test/api/v1/negotiation/message "HTTP/1.1 200 OK"
2026-09-25 05:51:41,264 [INFO] httpx: HTTP Request: POST http://test/api/v1/negotiation/message "HTTP/1.1 200 OK"
2026-09-25 05:51:41,276 [INFO] httpx: HTTP Request: POST http://test/api/v1/negotiation/end?session_id=481bf793-2a63-401b-8bca-ab2bbaa439c2 "HTTP/1.1 200 OK"
2026-09-25 05:51:41,303 [INFO] httpx: HTTP Request: POST http://test/api/v1/negotiation/start "HTTP/1.1 200 OK"
2026-09-25 05:51:41,309 [INFO] httpx: HTTP Request: POST http://test/api/v1/negotiation/message "HTTP/1.1 200 OK"
2026-09-25 05:51:41,314 [INFO] httpx: HTTP Request: POST http://test/api/v1/negotiation/message "HTTP/1.1 200 OK"
2026-09-25 05:51:41,325 [INFO] httpx: HTTP Request: POST http://test/api/v1/negotiation/end?session_id=18677cde-4b69-44bc-9b13-114118a168e5 "HTTP/1.1 200 OK"
2026-09-25 05:51:41,351 [INFO] httpx: HTTP Request: POST http://test/api/v1/negotiation/start "HTTP/1.1 200 OK"
2026-09-25 05:51:41,356 [INFO] httpx: HTTP Request: POST http://test/api/v1/negotiation/message "HTTP/1.1 200 OK"
2026-09-25 05:51:41,361 [INFO] httpx: HTTP Request: POST http://test/api/v1/negotiation/message "HTTP/1.1 200 OK"
2026-09-25 05:51:41,366 [INFO] httpx: HTTP Request: POST http://test/api/v1/negotiation/message "HTTP/1.1 200 OK"
2026-09-25 05:51:41,378 [INFO] httpx: HTTP Request: POST http://test/api/v1/negotiation/end?session_id=7fb3f6ac-9c05-4376-bea2-655e92791bd9 "HTTP/1.1 200 OK"
2026-09-25 05:51:41,381 [INFO] httpx: HTTP Request: GET http://test/api/v1/negotiation/analysis/7fb3f6ac-9c05-4376-bea2-655e92791bd9 "HTTP/1.1 200 OK"
2026-09-25 05:51:41,406 [INFO] httpx: HTTP Request: POST http://test/api/v1/negotiation/start "HTTP/1.1 200 OK"
2026-09-25 05:51:41,413 [INFO] httpx: HTTP Request: POST http://test/api/v1/negotiation/message "HTTP/1.1 200 OK"
2026-09-25 05:51:41,425 [INFO] httpx: HTTP Request: POST http://test/api/v1/negotiation/end?session_id=0a9a19b9-75fd-4a31-ab0e-fdf6bea3c5b5 "HTTP/1.1 200 OK"
2026-09-25 05:51:41,451 [INFO] httpx: HTTP Request: POST http://test/api/v1/negotiation/start "HTTP/1.1 200 OK"
2026-09-25 05:51:41,457 [INFO] httpx: HTTP Request: POST http://test/api/v1/negotiation/voice "HTTP/1.1 200 OK"
2026-09-25 05:51:41,481 [INFO] httpx: HTTP Request: POST http://test/api/v1/negotiation/voice "HTTP/1.1 404 Not Found"
2026-09-25 05:51:41,502 [INFO] httpx: HTTP Request: POST http://test/api/v1/negotiation/voice "HTTP/1.1 401 Unauthorized"
2026-09-25 05:51:41,711 [INFO] httpx: HTTP Request: POST http://test/api/v1/auth/register/admin "HTTP/1.1 201 Created"
2026-09-25 05:51:41,714 [INFO] httpx: HTTP Request: POST http://test/api/v1/negotiation/voice "HTTP/1.1 403 Forbidden"
2026-09-25 05:51:41,806 [INFO] httpx: HTTP Request: POST http://test/api/v1/negotiation/start "HTTP/1.1 200 OK"
2026-09-25 05:51:41,813 [INFO] httpx: HTTP Request: POST http://test/api/v1/negotiation/message "HTTP/1.1 200 OK"
2026-09-25 05:51:41,824 [INFO] httpx: HTTP Request: POST http://test/api/v1/negotiation/end?session_id=908fec9e-7627-437c-9849-2bbd2278d755 "HTTP/1.1 200 OK"
2026-09-25 05:51:41,850 [INFO] httpx: HTTP Request: POST http://test/api/v1/negotiation/start "HTTP/1.1 200 OK"
2026-09-25 05:51:41,855 [INFO] httpx: HTTP Request: POST http://test/api/v1/negotiation/message "HTTP/1.1 200 OK"
2026-09-25 05:51:41,869 [INFO] httpx: HTTP Request: POST http://test/api/v1/negotiation/end?session_id=00cbe65a-162a-45b2-9b50-14c020217b8e "HTTP/1.1 200 OK"
2026-09-25 05:51:41,870 [INFO] httpx: HTTP Request: GET http://test/api/v1/auth/me "HTTP/1.1 200 OK"
2026-09-25 10:56:26,225 [INFO] httpx: HTTP Request: POST http://test/api/v1/auth/register/admin "HTTP/1.1 201 Created"
2026-09-25 10:56:26,390 [INFO] httpx: HTTP Request: POST http://test/api/v1/auth/register/admin "HTTP/1.1 201 Created"
2026-09-25 10:56:26,554 [INFO] httpx: HTTP Request: POST http://test/api/v1/auth/register/admin "HTTP/1.1 201 Created"
2026-09-25 10:56:26,719 [INFO] httpx: HTTP Request: POST http://test/api/v1/auth/register/admin "HTTP/1.1 201 Created"
2026-09-25 10:56:26,883 [INFO] httpx: HTTP Request: POST http://test/api/v1/auth/register/admin "HTTP/1.1 201 Created"
2026-09-25 10:56:27,062 [INFO] httpx: HTTP Request: POST http://test/api/v1/auth/register/admin "HTTP/1.1 201 Created"
2026-09-25 10:56:27,225 [INFO] httpx: HTTP Request: POST http://test/api/v1/auth/register/admin "HTTP/1.1 201 Created"
2026-09-25 10:56:27,388 [INFO] httpx: HTTP Request: POST http://test/api/v1/auth/register/admin "HTTP/1.1 201 Created"
2026-09-25 10:56:27,549 [INFO] httpx: HTTP Request: POST http://test/api/v1/auth/register/admin "HTTP/1.1 201 Created"
2026-09-25 10:56:27,710 [INFO] httpx: HTTP Request: POST http://test/api/v1/auth/register/admin "HTTP/1.1 201 Created"
2026-09-25 10:56:27,710 [INFO] httpx: HTTP Request: POST http://test/api/v1/auth/register/admin "HTTP/1.1 429 Too Many Requests"
2026-09-25 10:56:27,743 [INFO] httpx: HTTP Request: POST http://test/api/v1/auth/register/admin "HTTP/1.1 403 Forbidden"
2026-09-25 10:56:27,756 [INFO] httpx: HTTP Request: POST http://test/api/v1/auth/register/admin "HTTP/1.1 403 Forbidden"
2026-09-25 10:56:27,757 [INFO] httpx: HTTP Request: POST http://test/api/v1/auth/register/admin "HTTP/1.1 403 Forbidden"
2026-09-25 10:56:27,923 [INFO] httpx: HTTP Request: POST http://test/api/v1/auth/register/admin "HTTP/1.1 201 Created"
2026-09-25 10:56:28,097 [INFO] httpx: HTTP Request: POST http://test/api/v1/auth/register/admin "HTTP/1.1 201 Created"
2026-09-25 10:56:28,103 [INFO] httpx: HTTP Request: POST http://test/api/v1/scenarios/ "HTTP/1.1 201 Created"
2026-09-25 10:56:28,280 [INFO] httpx: HTTP Request: POST http://test/api/v1/auth/register "HTTP/1.1 201 Created"
2026-09-25 10:56:28,283 [INFO] httpx: HTTP Request: POST http://test/api/v1/auth/onboarding "HTTP/1.1 200 OK"
2026-09-25 10:56:28,286 [INFO] httpx: HTTP Request: POST http://test/api/v1/scenarios/ "HTTP/1.1 403 Forbidden"
2026-09-25 10:56:28,476 [INFO] httpx: HTTP Request: POST http://test/api/v1/auth/register/admin "HTTP/1.1 201 Created"
2026-09-25 10:56:28,480 [INFO] httpx: HTTP Request: GET http://test/api/v1/scenarios/my "HTTP/1.1 200 OK"
2026-09-25 10:56:28,672 [INFO] httpx: HTTP Request: POST http://test/api/v1/auth/register/admin "HTTP/1.1 201 Created"
2026-09-25 10:56:28,838 [INFO] httpx: HTTP Request: POST http://test/api/v1/auth/register/admin "HTTP/1.1 201 Created"
2026-09-25 10:56:28,843 [INFO] httpx: HTTP Request: POST http://test/api/v1/scenarios/ "HTTP/1.1 201 Created"
2026-09-25 10:56:28,846 [INFO] httpx: HTTP Request: POST http://test/api/v1/scenarios/ "HTTP/1.1 201 Created"
2026-09-25 10:56:28,848 [INFO] httpx: HTTP Request: GET http://test/api/v1/scenarios/my "HTTP/1.1 200 OK"
2026-09-25 10:56:29,026 [INFO] httpx: HTTP Request: POST http://test/api/v1/auth/register/admin "HTTP/1.1 201 Created"
2026-09-25 10:56:29,031 [INFO] httpx: HTTP Request: POST http://test/api/v1/scenarios/ "HTTP/1.1 201 Created"
2026-09-25 10:56:29,033 [INFO] httpx: HTTP Request: POST http://test/api/v1/scenarios/pub-case/publish "HTTP/1.1 400 Bad Request"
2026-09-25 10:56:29,211 [INFO] httpx: HTTP Request: POST http://test/api/v1/auth/register/admin "HTTP/1.1 201 Created"
2026-09-25 10:56:29,216 [INFO] httpx: HTTP Request: POST http://test/api/v1/scenarios/ "HTTP/1.1 201 Created"
2026-09-25 10:56:29,217 [INFO] httpx: HTTP Request: POST http://test/api/v1/scenarios/pub-mid/publish "HTTP/1.1 400 Bad Request"
2026-09-25 10:56:29,393 [INFO] httpx: HTTP Request: POST http://test/api/v1/auth/register/admin "HTTP/1.1 201 Created"
2026-09-25 10:56:29,399 [INFO] httpx: HTTP Request: POST http://test/api/v1/scenarios/ "HTTP/1.1 201 Created"
2026-09-25 10:56:29,403 [INFO] httpx: HTTP Request: POST http://test/api/v1/scenarios/ready-case/publish "HTTP/1.1 200 OK"
2026-09-25 10:56:29,582 [INFO] httpx: HTTP Request: POST http://test/api/v1/auth/register/admin "HTTP/1.1 201 Created"
2026-09-25 10:56:29,746 [INFO] httpx: HTTP Request: POST http://test/api/v1/auth/register/admin "HTTP/1.1 201 Created"
2026-09-25 10:56:29,751 [INFO] httpx: HTTP Request: POST http://test/api/v1/scenarios/ "HTTP/1.1 201 Created"
2026-09-25 10:56:29,753 [INFO] httpx: HTTP Request: POST http://test/api/v1/scenarios/owner-case/publish "HTTP/1.1 403 Forbidden"
2026-09-25 10:56:29,929 [INFO] httpx: HTTP Request: POST http://test/api/v1/auth/register/admin "HTTP/1.1 201 Created"
2026-09-25 10:56:29,934 [INFO] httpx: HTTP Request: POST http://test/api/v1/scenarios/ "HTTP/1.1 201 Created"
2026-09-25 10:56:29,937 [INFO] httpx: HTTP Request: POST http://test/api/v1/scenarios/arch-case/publish "HTTP/1.1 200 OK"
2026-09-25 10:56:29,940 [INFO] httpx: HTTP Request: POST http://test/api/v1/scenarios/arch-case/archive "HTTP/1.1 200 OK"
2026-09-25 10:56:30,119 [INFO] httpx: HTTP Request: POST http://test/api/v1/auth/register/admin "HTTP/1.1 201 Created"
2026-09-25 10:56:30,124 [INFO] httpx: HTTP Request: POST http://test/api/v1/scenarios/ "HTTP/1.1 201 Created"
2026-09-25 10:56:30,127 [INFO] httpx: HTTP Request: POST http://test/api/v1/scenarios/hidden-case/publish "HTTP/1.1 200 OK"
2026-09-25 10:56:30,129 [INFO] httpx: HTTP Request: GET http://test/api/v1/scenarios/ "HTTP/1.1 200 OK"
2026-09-25 10:56:30,313 [INFO] httpx: HTTP Request: POST http://test/api/v1/auth/register/admin "HTTP/1.1 201 Created"
2026-09-25 10:56:30,318 [INFO] httpx: HTTP Request: POST http://test/api/v1/scenarios/ "HTTP/1.1 201 Created"
2026-09-25 10:56:30,321 [INFO] httpx: HTTP Request: PUT http://test/api/v1/scenarios/upd-case "HTTP/1.1 200 OK"
2026-09-25 10:56:30,501 [INFO] httpx: HTTP Request: POST http://test/api/v1/auth/register/admin "HTTP/1.1 201 Created"
2026-09-25 10:56:30,665 [INFO] httpx: HTTP Request: POST http://test/api/v1/auth/register/admin "HTTP/1.1 201 Created"
2026-09-25 10:56:30,670 [INFO] httpx: HTTP Request: POST http://test/api/v1/scenarios/ "HTTP/1.1 201 Created"
2026-09-25 10:56:30,672 [INFO] httpx: HTTP Request: PUT http://test/api/v1/scenarios/protected-case "HTTP/1.1 403 Forbidden"
2026-09-25 10:56:30,690 [INFO] httpx: HTTP Request: POST http://test/api/v1/negotiation/start "HTTP/1.1 200 OK"
2026-09-25 10:56:30,694 [INFO] httpx: HTTP Request: POST http://test/api/v1/negotiation/message "HTTP/1.1 200 OK"
2026-09-25 10:56:30,704 [INFO] httpx: HTTP Request: POST http://test/api/v1/negotiation/end?session_id=541227f7-9fd7-4595-8803-ad9be1f66652 "HTTP/1.1 200 OK"
2026-09-25 10:56:30,721 [INFO] httpx: HTTP Request: POST http://test/api/v1/negotiation/start "HTTP/1.1 200 OK"
2026-09-25 10:56:30,725 [INFO] httpx: HTTP Request: POST http://test/api/v1/negotiation/message "HTTP/1.1 200 OK"
2026-09-25 10:56:30,734 [INFO] httpx: HTTP Request: POST http://test/api/v1/negotiation/end?session_id=f047c0ff-98d7-488f-b377-df33b1a5f93f "HTTP/1.1 200 OK"
2026-09-25 10:56:30,737 [INFO] httpx: HTTP Request: GET http://test/api/v1/negotiation/analysis/f047c0ff-98d7-488f-b377-df33b1a5f93f "HTTP/1.1 200 OK"
2026-09-25 10:56:30,757 [INFO] httpx: HTTP Request: POST http://test/api/v1/negotiation/start "HTTP/1.1 200 OK"
2026-09-25 10:56:30,761 [INFO] httpx: HTTP Request: POST http://test/api/v1/negotiation/message "HTTP/1.1 200 OK"
2026-09-25 10:56:30,769 [INFO] httpx: HTTP Request: POST http://test/api/v1/negotiation/end?session_id=71b1b189-75c9-44bd-8c98-8cdbc0ab4f96 "HTTP/1.1 200 OK"
2026-09-25 10:56:30,947 [INFO] httpx: HTTP Request: POST http://test/api/v1/auth/register "HTTP/1.1 201 Created"
2026-09-25 10:56:30,960 [INFO] httpx: HTTP Request: POST http://test/api/v1/auth/register "HTTP/1.1 422 Unprocessable Entity"
2026-09-25 10:56:30,975 [INFO] httpx: HTTP Request: POST http://test/api/v1/auth/register "HTTP/1.1 400 Bad Request"
2026-09-25 10:56:31,155 [INFO] httpx: HTTP Request: POST http://test/api/v1/auth/register "HTTP/1.1 201 Created"
2026-09-25 10:56:31,334 [INFO] httpx: HTTP Request: POST http://test/api/v1/auth/register "HTTP/1.1 201 Created"
2026-09-25 10:56:31,503 [INFO] httpx: HTTP Request: POST http://test/api/v1/auth/login "HTTP/1.1 200 OK"
2026-09-25 10:56:31,680 [INFO] httpx: HTTP Request: POST http://test/api/v1/auth/register "HTTP/1.1 201 Created"
2026-09-25 10:56:31,843 [INFO] httpx: HTTP Request: POST http://test/api/v1/auth/login "HTTP/1.1 401 Unauthorized"
2026-09-25 10:56:32,020 [INFO] httpx: HTTP Request: POST http://test/api/v1/auth/register "HTTP/1.1 201 Created"
2026-09-25 10:56:32,023 [INFO] httpx: HTTP Request: POST http://test/api/v1/auth/onboarding "HTTP/1.1 200 OK"
2026-09-25 10:56:32,201 [INFO] httpx: HTTP Request: POST http://test/api/v1/auth/register "HTTP/1.1 201 Created"
2026-09-25 10:56:32,203 [INFO] httpx: HTTP Request: POST http://test/api/v1/auth/onboarding "HTTP/1.1 400 Bad Request"
2026-09-25 10:56:32,409 [INFO] httpx: HTTP Request: POST http://test/api/v1/auth/register "HTTP/1.1 201 Created"
2026-09-25 10:56:32,412 [INFO] httpx: HTTP Request: POST http://test/api/v1/auth/onboarding "HTTP/1.1 422 Unprocessable Entity"
2026-09-25 10:56:32,590 [INFO] httpx: HTTP Request: POST http://test/api/v1/auth/register/admin "HTTP/1.1 201 Created"
2026-09-25 10:56:32,603 [INFO] httpx: HTTP Request: POST http://test/api/v1/auth/register/admin "HTTP/1.1 422 Unprocessable Entity"
2026-09-25 10:56:32,626 [INFO] httpx: HTTP Request: POST http://test/api/v1/auth/register/admin "HTTP/1.1 400 Bad Request"
2026-09-25 10:56:32,811 [INFO] httpx: HTTP Request: POST http://test/api/v1/auth/register/admin "HTTP/1.1 201 Created"
2026-09-25 10:56:32,975 [INFO] httpx: HTTP Request: POST http://test/api/v1/auth/login/admin "HTTP/1.1 200 OK"
2026-09-25 10:56:33,154 [INFO] httpx: HTTP Request: POST http://test/api/v1/auth/register "HTTP/1.1 201 Created"
2026-09-25 10:56:33,320 [INFO] httpx: HTTP Request: POST http://test/api/v1/auth/login/admin "HTTP/1.1 403 Forbidden"
2026-09-25 10:56:33,505 [INFO] httpx: HTTP Request: POST http://test/api/v1/auth/register/admin "HTTP/1.1 201 Created"
2026-09-25 10:56:33,667 [INFO] httpx: HTTP Request: POST http://test/api/v1/auth/login/admin "HTTP/1.1 401 Unauthorized"
2026-09-25 10:56:33,846 [INFO] httpx: HTTP Request: POST http://test/api/v1/auth/register "HTTP/1.1 201 Created"
2026-09-25 10:56:33,848 [INFO] httpx: HTTP Request: GET http://test/api/v1/auth/me "HTTP/1.1 200 OK"
2026-09-25 10:56:33,860 [INFO] httpx: HTTP Request: GET http://test/api/v1/auth/me "HTTP/1.1 401 Unauthorized"
2026-09-25 10:56:34,036 [INFO] httpx: HTTP Request: POST http://test/api/v1/auth/register/admin "HTTP/1.1 201 Created"
2026-09-25 10:56:34,038 [INFO] httpx: HTTP Request: GET http://test/api/v1/auth/me "HTTP/1.1 200 OK"
2026-09-25 10:56:34,217 [INFO] httpx: HTTP Request: POST http://test/api/v1/auth/register/admin "HTTP/1.1 201 Created"
2026-09-25 10:56:34,219 [INFO] httpx: HTTP Request: POST http://test/api/v1/auth/onboarding "HTTP/1.1 403 Forbidden"
2026-09-25 10:56:34,234 [INFO] httpx: HTTP Request: GET http://test/api/v1/auth/me "HTTP/1.1 200 OK"
2026-09-25 10:56:34,413 [INFO] httpx: HTTP Request: POST http://test/api/v1/auth/register "HTTP/1.1 201 Created"
2026-09-25 10:56:34,415 [INFO] httpx: HTTP Request: GET http://test/api/v1/auth/me "HTTP/1.1 200 OK"
2026-09-25 10:56:34,440 [INFO] httpx: HTTP Request: GET http://test/api/v1/negotiation/briefing/scenario-1 "HTTP/1.1 200 OK"
2026-09-25 10:56:34,455 [INFO] httpx: HTTP Request: GET http://test/api/v1/negotiation/briefing/scenario-1 "HTTP/1.1 200 OK"
2026-09-25 10:56:34,471 [INFO] httpx: HTTP Request: GET http://test/api/v1/negotiation/briefing/ghost "HTTP/1.1 404 Not Found"
2026-09-25 10:56:34,487 [INFO] httpx: HTTP Request: GET http://test/api/v1/negotiation/briefing/scenario-1 "HTTP/1.1 401 Unauthorized"
2026-09-25 10:56:34,686 [INFO] httpx: HTTP Request: POST http://test/api/v1/auth/register/admin "HTTP/1.1 201 Created"
2026-09-25 10:56:34,688 [INFO] httpx: HTTP Request: GET http://test/api/v1/negotiation/briefing/scenario-1 "HTTP/1.1 403 Forbidden"
2026-09-25 10:56:34,700 [INFO] httpx: HTTP Request: POST http://test/api/v1/auth/register "HTTP/1.1 400 Bad Request"
2026-09-25 10:56:34,878 [INFO] httpx: HTTP Request: POST http://test/api/v1/auth/register "HTTP/1.1 201 Created"
2026-09-25 10:56:34,894 [INFO] httpx: HTTP Request: POST http://test/api/v1/auth/register "HTTP/1.1 422 Unprocessable Entity"
2026-09-25 10:56:35,073 [INFO] httpx: HTTP Request: POST http://test/api/v1/auth/register "HTTP/1.1 201 Created"
2026-09-25 10:56:35,075 [INFO] httpx: HTTP Request: GET http://test/api/v1/auth/me "HTTP/1.1 200 OK"
2026-09-25 10:56:35,088 [INFO] httpx: HTTP Request: POST http://test/api/v1/auth/register/admin "HTTP/1.1 400 Bad Request"
2026-09-25 10:56:35,100 [INFO] httpx: HTTP Request: POST http://test/api/v1/auth/register/admin "HTTP/1.1 422 Unprocessable Entity"
2026-09-25 10:56:35,282 [INFO] httpx: HTTP Request: POST http://test/api/v1/auth/register/admin "HTTP/1.1 201 Created"
2026-09-25 10:56:35,286 [INFO] httpx: HTTP Request: POST http://test/api/v1/scenarios/ "HTTP/1.1 201 Created"
2026-09-25 10:56:35,291 [INFO] httpx: HTTP Request: DELETE http://test/api/v1/scenarios/to-delete "HTTP/1.1 204 No Content"
2026-09-25 10:56:35,292 [INFO] httpx: HTTP Request: GET http://test/api/v1/scenarios/to-delete "HTTP/1.1 404 Not Found"
2026-09-25 10:56:35,470 [INFO] httpx: HTTP Request: POST http://test/api/v1/auth/register/admin "HTTP/1.1 201 Created"
2026-09-25 10:56:35,634 [INFO] httpx: HTTP Request: POST http://test/api/v1/auth/register/admin "HTTP/1.1 201 Created"
2026-09-25 10:56:35,639 [INFO] httpx: HTTP Request: POST http://test/api/v1/scenarios/ "HTTP/1.1 201 Created"
2026-09-25 10:56:35,641 [INFO] httpx: HTTP Request: DELETE http://test/api/v1/scenarios/protected-del "HTTP/1.1 403 Forbidden"
2026-09-25 10:56:35,815 [INFO] httpx: HTTP Request: POST http://test/api/v1/auth/register/admin "HTTP/1.1 201 Created"
2026-09-25 10:56:35,818 [INFO] httpx: HTTP Request: DELETE http://test/api/v1/scenarios/ghost "HTTP/1.1 404 Not Found"
2026-09-25 10:56:36,015 [INFO] httpx: HTTP Request: POST http://test/api/v1/auth/register/admin "HTTP/1.1 201 Created"
2026-09-25 10:56:36,019 [INFO] httpx: HTTP Request: POST http://test/api/v1/scenarios/ "HTTP/1.1 201 Created"
2026-09-25 10:56:36,022 [INFO] httpx: HTTP Request: POST http://test/api/v1/scenarios/detach-case/publish "HTTP/1.1 200 OK"
2026-09-25 10:56:36,026 [INFO] httpx: HTTP Request: POST http://test/api/v1/negotiation/start "HTTP/1.1 200 OK"
2026-09-25 10:56:36,030 [INFO] httpx: HTTP Request: DELETE http://test/api/v1/scenarios/detach-case "HTTP/1.1 204 No Content"
2026-09-25 10:56:36,033 [INFO] httpx: HTTP Request: GET http://test/api/v1/negotiation/sessions/user-1 "HTTP/1.1 200 OK"
2026-09-25 10:56:36,211 [INFO] httpx: HTTP Request: POST http://test/api/v1/auth/register/admin "HTTP/1.1 201 Created"
2026-09-25 10:56:36,215 [INFO] httpx: HTTP Request: POST http://test/api/v1/scenarios/ "HTTP/1.1 201 Created"
2026-09-25 10:56:36,218 [INFO] httpx: HTTP Request: POST http://test/api/v1/scenarios/fk-case/publish "HTTP/1.1 200 OK"
2026-09-25 10:56:36,225 [INFO] httpx: HTTP Request: POST http://test/api/v1/invite/SnBz8dEPcuKj7BwO "HTTP/1.1 200 OK"
2026-09-25 10:56:36,228 [INFO] httpx: HTTP Request: GET http://test/api/v1/users/user-1/added-cases "HTTP/1.1 200 OK"
2026-09-25 10:56:36,231 [INFO] httpx: HTTP Request: DELETE http://test/api/v1/scenarios/fk-case "HTTP/1.1 204 No Content"
2026-09-25 10:56:36,233 [INFO] httpx: HTTP Request: GET http://test/api/v1/users/user-1/added-cases "HTTP/1.1 200 OK"
2026-09-25 10:56:36,246 [INFO] httpx: HTTP Request: GET http://test/api/v1/health/ "HTTP/1.1 200 OK"
2026-09-25 10:56:36,257 [INFO] httpx: HTTP Request: GET http://test/ "HTTP/1.1 200 OK"
2026-09-25 10:56:36,269 [INFO] httpx: HTTP Request: GET http://test/api/v1/health/ "HTTP/1.1 200 OK"
2026-09-25 10:56:36,285 [INFO] httpx: HTTP Request: GET http://test/api/v1/negotiation/sessions/user-1 "HTTP/1.1 200 OK"
2026-09-25 10:56:36,303 [INFO] httpx: HTTP Request: POST http://test/api/v1/negotiation/start "HTTP/1.1 200 OK"
2026-09-25 10:56:36,305 [INFO] httpx: HTTP Request: GET http://test/api/v1/negotiation/sessions/user-1 "HTTP/1.1 200 OK"
2026-09-25 10:56:36,323 [INFO] httpx: HTTP Request: POST http://test/api/v1/negotiation/start "HTTP/1.1 200 OK"
2026-09-25 10:56:36,327 [INFO] httpx: HTTP Request: POST http://test/api/v1/negotiation/message "HTTP/1.1 200 OK"
2026-09-25 10:56:36,329 [INFO] httpx: HTTP Request: GET http://test/api/v1/negotiation/sessions/75b3b1c9-6827-444e-929e-3b391cf29c2e/messages "HTTP/1.1 200 OK"
2026-09-25 10:56:36,347 [INFO] httpx: HTTP Request: POST http://test/api/v1/negotiation/start "HTTP/1.1 200 OK"
2026-09-25 10:56:36,351 [INFO] httpx: HTTP Request: POST http://test/api/v1/negotiation/2e4a52bb-6b67-471d-981e-3f345a116451/interrupt "HTTP/1.1 200 OK"
2026-09-25 10:56:36,370 [INFO] httpx: HTTP Request: POST http://test/api/v1/negotiation/start "HTTP/1.1 200 OK"
2026-09-25 10:56:36,373 [INFO] httpx: HTTP Request: POST http://test/api/v1/negotiation/b790e754-f559-47dd-a1e4-b0fc2f28e6a0/interrupt "HTTP/1.1 200 OK"
2026-09-25 10:56:36,375 [INFO] httpx: HTTP Request: POST http://test/api/v1/negotiation/b790e754-f559-47dd-a1e4-b0fc2f28e6a0/interrupt "HTTP/1.1 200 OK"
2026-09-25 10:56:36,392 [INFO] httpx: HTTP Request: POST http://test/api/v1/negotiation/start "HTTP/1.1 200 OK"
2026-09-25 10:56:36,396 [INFO] httpx: HTTP Request: POST http://test/api/v1/negotiation/message "HTTP/1.1 200 OK"
2026-09-25 10:56:36,405 [INFO] httpx: HTTP Request: POST http://test/api/v1/negotiation/end?session_id=5ae743b9-285c-4a6d-a751-64c903cc13da "HTTP/1.1 200 OK"
2026-09-25 10:56:36,407 [INFO] httpx: HTTP Request: POST http://test/api/v1/negotiation/5ae743b9-285c-4a6d-a751-64c903cc13da/interrupt "HTTP/1.1 400 Bad Request"
2026-09-25 10:56:36,422 [INFO] httpx: HTTP Request: POST http://test/api/v1/negotiation/ghost-session/interrupt "HTTP/1.1 404 Not Found"
2026-09-25 10:56:36,438 [INFO] httpx: HTTP Request: POST http://test/api/v1/negotiation/start "HTTP/1.1 200 OK"
2026-09-25 10:56:36,442 [INFO] httpx: HTTP Request: POST http://test/api/v1/negotiation/1c140939-c77a-4c2b-96f4-3e5799985842/interrupt "HTTP/1.1 200 OK"
2026-09-25 10:56:36,444 [INFO] httpx: HTTP Request: POST http://test/api/v1/negotiation/message "HTTP/1.1 400 Bad Request"
2026-09-25 10:56:36,461 [INFO] httpx: HTTP Request: POST http://test/api/v1/negotiation/start "HTTP/1.1 200 OK"
2026-09-25 10:56:36,465 [INFO] httpx: HTTP Request: POST http://test/api/v1/negotiation/b31b5872-60d5-43de-8290-57bd801a10c0/interrupt "HTTP/1.1 200 OK"
2026-09-25 10:56:36,466 [INFO] httpx: HTTP Request: POST http://test/api/v1/negotiation/end?session_id=b31b5872-60d5-43de-8290-57bd801a10c0 "HTTP/1.1 400 Bad Request"
2026-09-25 10:56:36,482 [INFO] httpx: HTTP Request: GET http://test/api/v1/users/user-1/interrupted-session "HTTP/1.1 200 OK"
2026-09-25 10:56:36,500 [INFO] httpx: HTTP Request: POST http://test/api/v1/negotiation/start "HTTP/1.1 200 OK"
2026-09-25 10:56:36,503 [INFO] httpx: HTTP Request: POST http://test/api/v1/negotiation/start "HTTP/1.1 200 OK"
2026-09-25 10:56:36,506 [INFO] httpx: HTTP Request: POST http://test/api/v1/negotiation/7b40408a-281f-424b-a44b-1506cad5fd21/interrupt "HTTP/1.1 200 OK"
2026-09-25 10:56:36,509 [INFO] httpx: HTTP Request: POST http://test/api/v1/negotiation/ad4854fe-e468-45a0-81fe-7416aadfd369/interrupt "HTTP/1.1 200 OK"
2026-09-25 10:56:36,512 [INFO] httpx: HTTP Request: GET http://test/api/v1/users/user-1/interrupted-session "HTTP/1.1 200 OK"
2026-09-25 10:56:36,525 [INFO] httpx: HTTP Request: GET http://test/api/v1/users/user-1/interrupted-session "HTTP/1.1 401 Unauthorized"
2026-09-25 10:56:36,703 [INFO] httpx: HTTP Request: POST http://test/api/v1/auth/register/admin "HTTP/1.1 201 Created"
2026-09-25 10:56:36,707 [INFO] httpx: HTTP Request: POST http://test/api/v1/scenarios/ "HTTP/1.1 201 Created"
2026-09-25 10:56:36,711 [INFO] httpx: HTTP Request: POST http://test/api/v1/scenarios/prev-case/publish "HTTP/1.1 200 OK"
2026-09-25 10:56:36,713 [INFO] httpx: HTTP Request: GET http://test/api/v1/invite/OOWqxDCwPOZsESry "HTTP/1.1 200 OK"
2026-09-25 10:56:36,726 [INFO] httpx: HTTP Request: GET http://test/api/v1/invite/nonexistent-code-xyz "HTTP/1.1 404 Not Found"
2026-09-25 10:56:36,899 [INFO] httpx: HTTP Request: POST http://test/api/v1/auth/register/admin "HTTP/1.1 201 Created"
2026-09-25 10:56:36,904 [INFO] httpx: HTTP Request: POST http://test/api/v1/scenarios/ "HTTP/1.1 201 Created"
2026-09-25 10:56:36,907 [INFO] httpx: HTTP Request: POST http://test/api/v1/scenarios/arch-prev-case/publish "HTTP/1.1 200 OK"
2026-09-25 10:56:36,909 [INFO] httpx: HTTP Request: POST http://test/api/v1/scenarios/arch-prev-case/archive "HTTP/1.1 200 OK"
2026-09-25 10:56:36,911 [INFO] httpx: HTTP Request: GET http://test/api/v1/invite/I1rDsgdYFxBdXqz- "HTTP/1.1 410 Gone"
2026-09-25 10:56:37,091 [INFO] httpx: HTTP Request: POST http://test/api/v1/auth/register/admin "HTTP/1.1 201 Created"
2026-09-25 10:56:37,095 [INFO] httpx: HTTP Request: POST http://test/api/v1/scenarios/ "HTTP/1.1 201 Created"
2026-09-25 10:56:37,099 [INFO] httpx: HTTP Request: POST http://test/api/v1/scenarios/accept-case/publish "HTTP/1.1 200 OK"
2026-09-25 10:56:37,102 [INFO] httpx: HTTP Request: POST http://test/api/v1/invite/QidMf2DOQSPtfk5Q "HTTP/1.1 200 OK"
2026-09-25 10:56:37,286 [INFO] httpx: HTTP Request: POST http://test/api/v1/auth/register/admin "HTTP/1.1 201 Created"
2026-09-25 10:56:37,292 [INFO] httpx: HTTP Request: POST http://test/api/v1/scenarios/ "HTTP/1.1 201 Created"
2026-09-25 10:56:37,295 [INFO] httpx: HTTP Request: POST http://test/api/v1/scenarios/idem-case/publish "HTTP/1.1 200 OK"
2026-09-25 10:56:37,298 [INFO] httpx: HTTP Request: POST http://test/api/v1/invite/oXdJpxHrnRlbm_7p "HTTP/1.1 200 OK"
2026-09-25 10:56:37,300 [INFO] httpx: HTTP Request: POST http://test/api/v1/invite/oXdJpxHrnRlbm_7p "HTTP/1.1 200 OK"
2026-09-25 10:56:37,482 [INFO] httpx: HTTP Request: POST http://test/api/v1/auth/register/admin "HTTP/1.1 201 Created"
2026-09-25 10:56:37,487 [INFO] httpx: HTTP Request: POST http://test/api/v1/scenarios/ "HTTP/1.1 201 Created"
2026-09-25 10:56:37,491 [INFO] httpx: HTTP Request: POST http://test/api/v1/scenarios/noauth-case/publish "HTTP/1.1 200 OK"
2026-09-25 10:56:37,491 [INFO] httpx: HTTP Request: POST http://test/api/v1/invite/kBdhG1c45pCo5Mir "HTTP/1.1 401 Unauthorized"
2026-09-25 10:56:37,687 [INFO] httpx: HTTP Request: POST http://test/api/v1/auth/register/admin "HTTP/1.1 201 Created"
2026-09-25 10:56:37,850 [INFO] httpx: HTTP Request: POST http://test/api/v1/auth/register/admin "HTTP/1.1 201 Created"
2026-09-25 10:56:37,855 [INFO] httpx: HTTP Request: POST http://test/api/v1/scenarios/ "HTTP/1.1 201 Created"
2026-09-25 10:56:37,858 [INFO] httpx: HTTP Request: POST http://test/api/v1/scenarios/admin-inv-case/publish "HTTP/1.1 200 OK"
2026-09-25 10:56:37,859 [INFO] httpx: HTTP Request: POST http://test/api/v1/invite/NEIeZwvU528tdbN5 "HTTP/1.1 403 Forbidden"
2026-09-25 10:56:37,874 [INFO] httpx: HTTP Request: GET http://test/api/v1/users/user-1/added-cases "HTTP/1.1 200 OK"
2026-09-25 10:56:38,052 [INFO] httpx: HTTP Request: POST http://test/api/v1/auth/register/admin "HTTP/1.1 201 Created"
2026-09-25 10:56:38,057 [INFO] httpx: HTTP Request: POST http://test/api/v1/scenarios/ "HTTP/1.1 201 Created"
2026-09-25 10:56:38,060 [INFO] httpx: HTTP Request: POST http://test/api/v1/scenarios/list-add-case/publish "HTTP/1.1 200 OK"
2026-09-25 10:56:38,063 [INFO] httpx: HTTP Request: POST http://test/api/v1/invite/xwwlcgGrn2HAUvxq "HTTP/1.1 200 OK"
2026-09-25 10:56:38,066 [INFO] httpx: HTTP Request: GET http://test/api/v1/users/user-1/added-cases "HTTP/1.1 200 OK"
2026-09-25 10:56:38,245 [INFO] httpx: HTTP Request: POST http://test/api/v1/auth/register "HTTP/1.1 201 Created"
2026-09-25 10:56:38,248 [INFO] httpx: HTTP Request: POST http://test/api/v1/auth/onboarding "HTTP/1.1 200 OK"
2026-09-25 10:56:38,253 [INFO] httpx: HTTP Request: POST http://test/api/v1/negotiation/start "HTTP/1.1 200 OK"
2026-09-25 10:56:38,430 [INFO] httpx: HTTP Request: POST http://test/api/v1/auth/register "HTTP/1.1 201 Created"
2026-09-25 10:56:38,433 [INFO] httpx: HTTP Request: POST http://test/api/v1/auth/onboarding "HTTP/1.1 200 OK"
2026-09-25 10:56:38,436 [INFO] httpx: HTTP Request: POST http://test/api/v1/negotiation/start "HTTP/1.1 404 Not Found"
2026-09-25 10:56:38,616 [INFO] httpx: HTTP Request: POST http://test/api/v1/auth/register "HTTP/1.1 201 Created"
2026-09-25 10:56:38,619 [INFO] httpx: HTTP Request: POST http://test/api/v1/auth/onboarding "HTTP/1.1 200 OK"
2026-09-25 10:56:38,624 [INFO] httpx: HTTP Request: POST http://test/api/v1/negotiation/start "HTTP/1.1 200 OK"
2026-09-25 10:56:38,629 [INFO] httpx: HTTP Request: POST http://test/api/v1/negotiation/message "HTTP/1.1 200 OK"
2026-09-25 10:56:38,804 [INFO] httpx: HTTP Request: POST http://test/api/v1/auth/register "HTTP/1.1 201 Created"
2026-09-25 10:56:38,807 [INFO] httpx: HTTP Request: POST http://test/api/v1/auth/onboarding "HTTP/1.1 200 OK"
2026-09-25 10:56:38,811 [INFO] httpx: HTTP Request: POST http://test/api/v1/negotiation/message "HTTP/1.1 404 Not Found"
2026-09-25 10:56:38,988 [INFO] httpx: HTTP Request: POST http://test/api/v1/auth/register "HTTP/1.1 201 Created"
2026-09-25 10:56:38,991 [INFO] httpx: HTTP Request: POST http://test/api/v1/auth/onboarding "HTTP/1.1 200 OK"
2026-09-25 10:56:38,997 [INFO] httpx: HTTP Request: POST http://test/api/v1/negotiation/start "HTTP/1.1 200 OK"
2026-09-25 10:56:39,000 [INFO] httpx: HTTP Request: POST http://test/api/v1/negotiation/message "HTTP/1.1 200 OK"
2026-09-25 10:56:39,009 [INFO] httpx: HTTP Request: POST http://test/api/v1/negotiation/end?session_id=3eb1bc2e-d1ab-44f8-b7c1-c50b6561d4e9 "HTTP/1.1 200 OK"
2026-09-25 10:56:39,187 [INFO] httpx: HTTP Request: POST http://test/api/v1/auth/register "HTTP/1.1 201 Created"
2026-09-25 10:56:39,192 [INFO] httpx: HTTP Request: POST http://test/api/v1/auth/onboarding "HTTP/1.1 200 OK"
2026-09-25 10:56:39,197 [INFO] httpx: HTTP Request: POST http://test/api/v1/negotiation/start "HTTP/1.1 200 OK"
2026-09-25 10:56:39,201 [INFO] httpx: HTTP Request: POST http://test/api/v1/negotiation/message "HTTP/1.1 200 OK"
2026-09-25 10:56:39,209 [INFO] httpx: HTTP Request: POST http://test/api/v1/negotiation/end?session_id=30ca1a22-78ae-4131-8d11-3723187b9aeb "HTTP/1.1 200 OK"
2026-09-25 10:56:39,212 [INFO] httpx: HTTP Request: GET http://test/api/v1/negotiation/analysis/30ca1a22-78ae-4131-8d11-3723187b9aeb "HTTP/1.1 200 OK"
2026-09-25 10:56:39,391 [INFO] httpx: HTTP Request: POST http://test/api/v1/auth/register "HTTP/1.1 201 Created"
2026-09-25 10:56:39,394 [INFO] httpx: HTTP Request: POST http://test/api/v1/auth/onboarding "HTTP/1.1 200 OK"
2026-09-25 10:56:39,399 [INFO] httpx: HTTP Request: POST http://test/api/v1/negotiation/start "HTTP/1.1 200 OK"
2026-09-25 10:56:39,403 [INFO] httpx: HTTP Request: POST http://test/api/v1/negotiation/message "HTTP/1.1 200 OK"
2026-09-25 10:56:39,412 [INFO] httpx: HTTP Request: POST http://test/api/v1/negotiation/end?session_id=704a8618-e6e2-428b-a64b-20d3086d9f5a "HTTP/1.1 200 OK"
2026-09-25 10:56:39,414 [INFO] httpx: HTTP Request: POST http://test/api/v1/negotiation/message "HTTP/1.1 400 Bad Request"
2026-09-25 10:56:39,592 [INFO] httpx: HTTP Request: POST http://test/api/v1/auth/register/admin "HTTP/1.1 201 Created"
2026-09-25 10:56:39,594 [INFO] httpx: HTTP Request: POST http://test/api/v1/negotiation/start "HTTP/1.1 403 Forbidden"
2026-09-25 10:56:39,607 [INFO] httpx: HTTP Request: POST http://test/api/v1/negotiation/start "HTTP/1.1 401 Unauthorized"
2026-09-25 10:56:39,785 [INFO] httpx: HTTP Request: POST http://test/api/v1/auth/register "HTTP/1.1 201 Created"
2026-09-25 10:56:39,788 [INFO] httpx: HTTP Request: POST http://test/api/v1/auth/onboarding "HTTP/1.1 200 OK"
2026-09-25 10:56:39,793 [INFO] httpx: HTTP Request: POST http://test/api/v1/negotiation/start "HTTP/1.1 200 OK"
2026-09-25 10:56:39,797 [INFO] httpx: HTTP Request: POST http://test/api/v1/negotiation/message "HTTP/1.1 200 OK"
2026-09-25 10:56:39,806 [INFO] httpx: HTTP Request: POST http://test/api/v1/negotiation/end?session_id=007c6e9d-a059-4c7d-9be9-d02a24934ee8 "HTTP/1.1 200 OK"
2026-09-25 10:56:39,808 [INFO] httpx: HTTP Request: GET http://test/api/v1/negotiation/analysis/007c6e9d-a059-4c7d-9be9-d02a24934ee8 "HTTP/1.1 403 Forbidden"
2026-09-25 10:56:39,989 [INFO] httpx: HTTP Request: POST http://test/api/v1/auth/register "HTTP/1.1 201 Created"
2026-09-25 10:56:39,992 [INFO] httpx: HTTP Request: POST http://test/api/v1/auth/onboarding "HTTP/1.1 200 OK"
2026-09-25 10:56:39,997 [INFO] httpx: HTTP Request: POST http://test/api/v1/negotiation/start "HTTP/1.1 200 OK"
2026-09-25 10:56:40,000 [INFO] httpx: HTTP Request: POST http://test/api/v1/negotiation/message "HTTP/1.1 403 Forbidden"
2026-09-25 10:56:40,180 [INFO] httpx: HTTP Request: POST http://test/api/v1/auth/register "HTTP/1.1 201 Created"
2026-09-25 10:56:40,184 [INFO] httpx: HTTP Request: POST http://test/api/v1/auth/onboarding "HTTP/1.1 200 OK"
2026-09-25 10:56:40,189 [INFO] httpx: HTTP Request: POST http://test/api/v1/negotiation/start "HTTP/1.1 200 OK"
2026-09-25 10:56:40,191 [INFO] httpx: HTTP Request: POST http://test/api/v1/negotiation/8b70abc5-c035-4d81-b092-de626bb49eb8/interrupt "HTTP/1.1 403 Forbidden"
2026-09-25 10:56:40,372 [INFO] httpx: HTTP Request: POST http://test/api/v1/auth/register "HTTP/1.1 201 Created"
2026-09-25 10:56:40,375 [INFO] httpx: HTTP Request: POST http://test/api/v1/auth/onboarding "HTTP/1.1 200 OK"
2026-09-25 10:56:40,379 [INFO] httpx: HTTP Request: POST http://test/api/v1/negotiation/start "HTTP/1.1 200 OK"
2026-09-25 10:56:40,382 [INFO] httpx: HTTP Request: POST http://test/api/v1/negotiation/end?session_id=fd90616b-0724-4f37-a91f-0a50b5e8d799 "HTTP/1.1 403 Forbidden"
2026-09-25 10:56:40,560 [INFO] httpx: HTTP Request: POST http://test/api/v1/auth/register "HTTP/1.1 201 Created"
2026-09-25 10:56:40,563 [INFO] httpx: HTTP Request: POST http://test/api/v1/auth/onboarding "HTTP/1.1 200 OK"
2026-09-25 10:56:40,565 [INFO] httpx: HTTP Request: GET http://test/api/v1/negotiation/sessions/user-1 "HTTP/1.1 403 Forbidden"
2026-09-25 10:56:40,743 [INFO] httpx: HTTP Request: POST http://test/api/v1/auth/register "HTTP/1.1 201 Created"
2026-09-25 10:56:40,748 [INFO] httpx: HTTP Request: POST http://test/api/v1/auth/onboarding "HTTP/1.1 200 OK"
2026-09-25 10:56:40,751 [INFO] httpx: HTTP Request: GET http://test/api/v1/users/user-1/skills "HTTP/1.1 403 Forbidden"
2026-09-25 10:56:40,930 [INFO] httpx: HTTP Request: POST http://test/api/v1/auth/register "HTTP/1.1 201 Created"
2026-09-25 10:56:40,933 [INFO] httpx: HTTP Request: POST http://test/api/v1/auth/onboarding "HTTP/1.1 200 OK"
2026-09-25 10:56:40,935 [INFO] httpx: HTTP Request: GET http://test/api/v1/users/user-1/recommendations "HTTP/1.1 403 Forbidden"
2026-09-25 10:56:41,115 [INFO] httpx: HTTP Request: POST http://test/api/v1/auth/register "HTTP/1.1 201 Created"
2026-09-25 10:56:41,119 [INFO] httpx: HTTP Request: POST http://test/api/v1/auth/onboarding "HTTP/1.1 200 OK"
2026-09-25 10:56:41,121 [INFO] httpx: HTTP Request: GET http://test/api/v1/negotiation/progress/user-1 "HTTP/1.1 403 Forbidden"
2026-09-25 10:56:41,133 [INFO] httpx: HTTP Request: POST http://test/api/v1/auth/register "HTTP/1.1 422 Unprocessable Entity"
2026-09-25 10:56:41,143 [INFO] httpx: HTTP Request: POST http://test/api/v1/auth/register "HTTP/1.1 422 Unprocessable Entity"
2026-09-25 10:56:41,155 [INFO] httpx: HTTP Request: POST http://test/api/v1/auth/register "HTTP/1.1 422 Unprocessable Entity"
2026-09-25 10:56:41,167 [INFO] httpx: HTTP Request: POST http://test/api/v1/auth/register "HTTP/1.1 422 Unprocessable Entity"
2026-09-25 10:56:41,351 [INFO] httpx: HTTP Request: POST http://test/api/v1/auth/register "HTTP/1.1 201 Created"
2026-09-25 10:56:41,529 [INFO] httpx: HTTP Request: POST http://test/api/v1/auth/register "HTTP/1.1 201 Created"
2026-09-25 10:56:41,718 [INFO] httpx: HTTP Request: POST http://test/api/v1/auth/register "HTTP/1.1 201 Created"
2026-09-25 10:56:41,742 [INFO] httpx: HTTP Request: POST http://test/api/v1/auth/register/admin "HTTP/1.1 422 Unprocessable Entity"
2026-09-25 10:56:41,919 [INFO] httpx: HTTP Request: POST http://test/api/v1/auth/register/admin "HTTP/1.1 201 Created"
2026-09-25 10:56:41,938 [INFO] httpx: HTTP Request: GET http://test/api/v1/negotiation/progress/user-1 "HTTP/1.1 200 OK"
2026-09-25 10:56:41,956 [INFO] httpx: HTTP Request: POST http://test/api/v1/negotiation/start "HTTP/1.1 200 OK"
2026-09-25 10:56:41,960 [INFO] httpx: HTTP Request: POST http://test/api/v1/negotiation/message "HTTP/1.1 200 OK"
2026-09-25 10:56:41,969 [INFO] httpx: HTTP Request: POST http://test/api/v1/negotiation/end?session_id=d2a2a77a-e9e3-46da-aaca-e3f042401e88 "HTTP/1.1 200 OK"
2026-09-25 10:56:41,972 [INFO] httpx: HTTP Request: GET http://test/api/v1/negotiation/progress/user-1 "HTTP/1.1 200 OK"
2026-09-25 10:56:41,992 [INFO] httpx: HTTP Request: POST http://test/api/v1/negotiation/start "HTTP/1.1 200 OK"
2026-09-25 10:56:41,996 [INFO] httpx: HTTP Request: POST http://test/api/v1/negotiation/message "HTTP/1.1 200 OK"
2026-09-25 10:56:42,005 [INFO] httpx: HTTP Request: POST http://test/api/v1/negotiation/end?session_id=33ecf2f8-faa1-41c7-87cb-426a27e8f734 "HTTP/1.1 200 OK"
2026-09-25 10:56:42,008 [INFO] httpx: HTTP Request: POST http://test/api/v1/negotiation/start "HTTP/1.1 200 OK"
2026-09-25 10:56:42,011 [INFO] httpx: HTTP Request: POST http://test/api/v1/negotiation/message "HTTP/1.1 200 OK"
2026-09-25 10:56:42,018 [INFO] httpx: HTTP Request: POST http://test/api/v1/negotiation/end?session_id=ab3b87ca-5597-4888-911f-ee64d64b2771 "HTTP/1.1 200 OK"
2026-09-25 10:56:42,021 [INFO] httpx: HTTP Request: GET http://test/api/v1/negotiation/progress/user-1 "HTTP/1.1 200 OK"
2026-09-25 10:56:42,035 [INFO] httpx: HTTP Request: GET http://test/api/v1/negotiation/progress/user-1 "HTTP/1.1 401 Unauthorized"
2026-09-25 10:56:42,214 [INFO] httpx: HTTP Request: POST http://test/api/v1/auth/register/admin "HTTP/1.1 201 Created"
2026-09-25 10:56:42,217 [INFO] httpx: HTTP Request: GET http://test/api/v1/negotiation/progress/user-1 "HTTP/1.1 403 Forbidden"
2026-09-25 10:56:42,235 [INFO] httpx: HTTP Request: GET http://test/api/v1/scenarios/ "HTTP/1.1 200 OK"
2026-09-25 10:56:42,249 [INFO] httpx: HTTP Request: GET http://test/api/v1/scenarios/ "HTTP/1.1 200 OK"
2026-09-25 10:56:42,264 [INFO] httpx: HTTP Request: GET http://test/api/v1/scenarios/scenario-1 "HTTP/1.1 200 OK"
2026-09-25 10:56:42,278 [INFO] httpx: HTTP Request: GET http://test/api/v1/scenarios/nonexistent "HTTP/1.1 404 Not Found"
2026-09-25 10:56:42,456 [INFO] httpx: HTTP Request: POST http://test/api/v1/auth/register/admin "HTTP/1.1 201 Created"
2026-09-25 10:56:42,461 [INFO] httpx: HTTP Request: POST http://test/api/v1/scenarios/ "HTTP/1.1 201 Created"
2026-09-25 10:56:42,462 [INFO] httpx: HTTP Request: GET http://test/api/v1/scenarios/secret-draft "HTTP/1.1 404 Not Found"
2026-09-25 10:56:42,639 [INFO] httpx: HTTP Request: POST http://test/api/v1/auth/register/admin "HTTP/1.1 201 Created"
2026-09-25 10:56:42,645 [INFO] httpx: HTTP Request: POST http://test/api/v1/scenarios/ "HTTP/1.1 201 Created"
2026-09-25 10:56:42,647 [INFO] httpx: HTTP Request: GET http://test/api/v1/scenarios/admin-view/admin "HTTP/1.1 200 OK"
2026-09-25 10:56:42,694 [INFO] app.services.voice_service: [VOICE] Recognized: Hello world
2026-09-25 10:56:42,750 [INFO] httpx: HTTP Request: POST http://test/api/v1/negotiation/start "HTTP/1.1 200 OK"
2026-09-25 10:56:42,754 [INFO] httpx: HTTP Request: POST http://test/api/v1/negotiation/message "HTTP/1.1 200 OK"
2026-09-25 10:56:42,763 [INFO] httpx: HTTP Request: POST http://test/api/v1/negotiation/end?session_id=2b170c5c-68c3-430e-82c1-ad2817a6eec6 "HTTP/1.1 200 OK"
2026-09-25 10:56:42,765 [INFO] httpx: HTTP Request: GET http://test/api/v1/users/user-1/skills "HTTP/1.1 200 OK"
2026-09-25 10:56:42,780 [INFO] httpx: HTTP Request: GET http://test/api/v1/users/user-1/skills "HTTP/1.1 200 OK"
2026-09-25 10:56:42,793 [INFO] httpx: HTTP Request: GET http://test/api/v1/users/user-1/skills "HTTP/1.1 401 Unauthorized"
2026-09-25 10:56:42,969 [INFO] httpx: HTTP Request: POST http://test/api/v1/auth/register/admin "HTTP/1.1 201 Created"
2026-09-25 10:56:42,972 [INFO] httpx: HTTP Request: GET http://test/api/v1/users/user-1/skills "HTTP/1.1 403 Forbidden"
2026-09-25 10:56:42,992 [INFO] httpx: HTTP Request: POST http://test/api/v1/negotiation/start "HTTP/1.1 200 OK"
2026-09-25 10:56:42,996 [INFO] httpx: HTTP Request: POST http://test/api/v1/negotiation/message "HTTP/1.1 200 OK"
2026-09-25 10:56:42,999 [INFO] httpx: HTTP Request: POST http://test/api/v1/negotiation/message "HTTP/1.1 200 OK"
2026-09-25 10:56:43,002 [INFO] httpx: HTTP Request: POST http://test/api/v1/negotiation/message "HTTP/1.1 200 OK"
2026-09-25 10:56:43,011 [INFO] httpx: HTTP Request: POST http://test/api/v1/negotiation/end?session_id=d8b70bcc-a112-48be-a394-7c25b65e9f9d "HTTP/1.1 200 OK"
2026-09-25 10:56:43,029 [INFO] httpx: HTTP Request: POST http://test/api/v1/negotiation/start "HTTP/1.1 200 OK"
2026-09-25 10:56:43,033 [INFO] httpx: HTTP Request: POST http://test/api/v1/negotiation/message "HTTP/1.1 200 OK"
2026-09-25 10:56:43,037 [INFO] httpx: HTTP Request: POST http://test/api/v1/negotiation/message "HTTP/1.1 200 OK"
2026-09-25 10:56:43,046 [INFO] httpx: HTTP Request: POST http://test/api/v1/negotiation/end?session_id=e79e42bd-1880-47ea-94c0-64e9e4391379 "HTTP/1.1 200 OK"
2026-09-25 10:56:43,066 [INFO] httpx: HTTP Request: POST http://test/api/v1/negotiation/start "HTTP/1.1 200 OK"
2026-09-25 10:56:43,070 [INFO] httpx: HTTP Request: POST http://test/api/v1/negotiation/message "HTTP/1.1 200 OK"
2026-09-25 10:56:43,073 [INFO] httpx: HTTP Request: POST http://test/api/v1/negotiation/message "HTTP/1.1 200 OK"
2026-09-25 10:56:43,076 [INFO] httpx: HTTP Request: POST http://test/api/v1/negotiation/message "HTTP/1.1 200 OK"
2026-09-25 10:56:43,137 [INFO] httpx: HTTP Request: POST http://test/api/v1/negotiation/end?session_id=0c1d984f-f282-47ac-beaf-95e58a12e298 "HTTP/1.1 200 OK"
2026-09-25 10:56:43,139 [INFO] httpx: HTTP Request: GET http://test/api/v1/negotiation/analysis/0c1d984f-f282-47ac-beaf-95e58a12e298 "HTTP/1.1 200 OK"
2026-09-25 10:56:43,159 [INFO] httpx: HTTP Request: POST http://test/api/v1/negotiation/start "HTTP/1.1 200 OK"
2026-09-25 10:56:43,163 [INFO] httpx: HTTP Request: POST http://test/api/v1/negotiation/message "HTTP/1.1 200 OK"
2026-09-25 10:56:43,172 [INFO] httpx: HTTP Request: POST http://test/api/v1/negotiation/end?session_id=2db835ef-6230-400a-87dd-d8149d914efb "HTTP/1.1 200 OK"
2026-09-25 10:56:43,192 [INFO] httpx: HTTP Request: POST http://test/api/v1/negotiation/start "HTTP/1.1 200 OK"
2026-09-25 10:56:43,196 [INFO] httpx: HTTP Request: POST http://test/api/v1/negotiation/voice "HTTP/1.1 200 OK"
2026-09-25 10:56:43,212 [INFO] httpx: HTTP Request: POST http://test/api/v1/negotiation/voice "HTTP/1.1 404 Not Found"
2026-09-25 10:56:43,239 [INFO] httpx: HTTP Request: POST http://test/api/v1/negotiation/voice "HTTP/1.1 401 Unauthorized"
2026-09-25 10:56:43,419 [INFO] httpx: HTTP Request: POST http://test/api/v1/auth/register/admin "HTTP/1.1 201 Created"
2026-09-25 10:56:43,421 [INFO] httpx: HTTP Request: POST http://test/api/v1/negotiation/voice "HTTP/1.1 403 Forbidden"
2026-09-25 10:56:43,444 [INFO] httpx: HTTP Request: POST http://test/api/v1/negotiation/start "HTTP/1.1 200 OK"
2026-09-25 10:56:43,448 [INFO] httpx: HTTP Request: POST http://test/api/v1/negotiation/message "HTTP/1.1 200 OK"
2026-09-25 10:56:43,457 [INFO] httpx: HTTP Request: POST http://test/api/v1/negotiation/end?session_id=ed92666f-261a-4f8c-9f57-25d65559c922 "HTTP/1.1 200 OK"
2026-09-25 10:56:43,474 [INFO] httpx: HTTP Request: POST http://test/api/v1/negotiation/start "HTTP/1.1 200 OK"
2026-09-25 10:56:43,478 [INFO] httpx: HTTP Request: POST http://test/api/v1/negotiation/message "HTTP/1.1 200 OK"
2026-09-25 10:56:43,487 [INFO] httpx: HTTP Request: POST http://test/api/v1/negotiation/end?session_id=8f840711-c542-45a4-b29e-ab05b170503a "HTTP/1.1 200 OK"
2026-09-25 10:56:43,488 [INFO] httpx: HTTP Request: GET http://test/api/v1/auth/me "HTTP/1.1 200 OK"
2026-09-25 11:00:45,115 [INFO] httpx: HTTP Request: POST http://test/api/v1/auth/register/admin "HTTP/1.1 201 Created"
2026-09-25 11:00:45,279 [INFO] httpx: HTTP Request: POST http://test/api/v1/auth/register/admin "HTTP/1.1 201 Created"
2026-09-25 11:00:45,442 [INFO] httpx: HTTP Request: POST http://test/api/v1/auth/register/admin "HTTP/1.1 201 Created"
2026-09-25 11:00:45,605 [INFO] httpx: HTTP Request: POST http://test/api/v1/auth/register/admin "HTTP/1.1 201 Created"
2026-09-25 11:00:45,768 [INFO] httpx: HTTP Request: POST http://test/api/v1/auth/register/admin "HTTP/1.1 201 Created"
2026-09-25 11:00:45,954 [INFO] httpx: HTTP Request: POST http://test/api/v1/auth/register/admin "HTTP/1.1 201 Created"
2026-09-25 11:00:46,117 [INFO] httpx: HTTP Request: POST http://test/api/v1/auth/register/admin "HTTP/1.1 201 Created"
2026-09-25 11:00:46,281 [INFO] httpx: HTTP Request: POST http://test/api/v1/auth/register/admin "HTTP/1.1 201 Created"
2026-09-25 11:00:46,448 [INFO] httpx: HTTP Request: POST http://test/api/v1/auth/register/admin "HTTP/1.1 201 Created"
2026-09-25 11:00:46,610 [INFO] httpx: HTTP Request: POST http://test/api/v1/auth/register/admin "HTTP/1.1 201 Created"
2026-09-25 11:00:46,610 [INFO] httpx: HTTP Request: POST http://test/api/v1/auth/register/admin "HTTP/1.1 429 Too Many Requests"
2026-09-25 11:00:46,624 [INFO] httpx: HTTP Request: POST http://test/api/v1/auth/register/admin "HTTP/1.1 403 Forbidden"
2026-09-25 11:00:46,635 [INFO] httpx: HTTP Request: POST http://test/api/v1/auth/register/admin "HTTP/1.1 403 Forbidden"
2026-09-25 11:00:46,636 [INFO] httpx: HTTP Request: POST http://test/api/v1/auth/register/admin "HTTP/1.1 403 Forbidden"
2026-09-25 11:00:46,802 [INFO] httpx: HTTP Request: POST http://test/api/v1/auth/register/admin "HTTP/1.1 201 Created"
2026-09-25 11:00:46,980 [INFO] httpx: HTTP Request: POST http://test/api/v1/auth/register/admin "HTTP/1.1 201 Created"
2026-09-25 11:00:46,986 [INFO] httpx: HTTP Request: POST http://test/api/v1/scenarios/ "HTTP/1.1 201 Created"
2026-09-25 11:00:47,162 [INFO] httpx: HTTP Request: POST http://test/api/v1/auth/register "HTTP/1.1 201 Created"
2026-09-25 11:00:47,168 [INFO] httpx: HTTP Request: POST http://test/api/v1/auth/onboarding "HTTP/1.1 200 OK"
2026-09-25 11:00:47,170 [INFO] httpx: HTTP Request: POST http://test/api/v1/scenarios/ "HTTP/1.1 403 Forbidden"
2026-09-25 11:00:47,368 [INFO] httpx: HTTP Request: POST http://test/api/v1/auth/register/admin "HTTP/1.1 201 Created"
2026-09-25 11:00:47,371 [INFO] httpx: HTTP Request: GET http://test/api/v1/scenarios/my "HTTP/1.1 200 OK"
2026-09-25 11:00:47,575 [INFO] httpx: HTTP Request: POST http://test/api/v1/auth/register/admin "HTTP/1.1 201 Created"
2026-09-25 11:00:47,741 [INFO] httpx: HTTP Request: POST http://test/api/v1/auth/register/admin "HTTP/1.1 201 Created"
2026-09-25 11:00:47,745 [INFO] httpx: HTTP Request: POST http://test/api/v1/scenarios/ "HTTP/1.1 201 Created"
2026-09-25 11:00:47,748 [INFO] httpx: HTTP Request: POST http://test/api/v1/scenarios/ "HTTP/1.1 201 Created"
2026-09-25 11:00:47,750 [INFO] httpx: HTTP Request: GET http://test/api/v1/scenarios/my "HTTP/1.1 200 OK"
2026-09-25 11:00:47,927 [INFO] httpx: HTTP Request: POST http://test/api/v1/auth/register/admin "HTTP/1.1 201 Created"
2026-09-25 11:00:47,933 [INFO] httpx: HTTP Request: POST http://test/api/v1/scenarios/ "HTTP/1.1 201 Created"
2026-09-25 11:00:47,935 [INFO] httpx: HTTP Request: POST http://test/api/v1/scenarios/pub-case/publish "HTTP/1.1 400 Bad Request"
2026-09-25 11:00:48,113 [INFO] httpx: HTTP Request: POST http://test/api/v1/auth/register/admin "HTTP/1.1 201 Created"
2026-09-25 11:00:48,118 [INFO] httpx: HTTP Request: POST http://test/api/v1/scenarios/ "HTTP/1.1 201 Created"
2026-09-25 11:00:48,120 [INFO] httpx: HTTP Request: POST http://test/api/v1/scenarios/pub-mid/publish "HTTP/1.1 400 Bad Request"
2026-09-25 11:00:48,295 [INFO] httpx: HTTP Request: POST http://test/api/v1/auth/register/admin "HTTP/1.1 201 Created"
2026-09-25 11:00:48,300 [INFO] httpx: HTTP Request: POST http://test/api/v1/scenarios/ "HTTP/1.1 201 Created"
2026-09-25 11:00:48,303 [INFO] httpx: HTTP Request: POST http://test/api/v1/scenarios/ready-case/publish "HTTP/1.1 200 OK"
2026-09-25 11:00:48,514 [INFO] httpx: HTTP Request: POST http://test/api/v1/auth/register/admin "HTTP/1.1 201 Created"
2026-09-25 11:00:48,676 [INFO] httpx: HTTP Request: POST http://test/api/v1/auth/register/admin "HTTP/1.1 201 Created"
2026-09-25 11:00:48,681 [INFO] httpx: HTTP Request: POST http://test/api/v1/scenarios/ "HTTP/1.1 201 Created"
2026-09-25 11:00:48,683 [INFO] httpx: HTTP Request: POST http://test/api/v1/scenarios/owner-case/publish "HTTP/1.1 403 Forbidden"
2026-09-25 11:00:48,861 [INFO] httpx: HTTP Request: POST http://test/api/v1/auth/register/admin "HTTP/1.1 201 Created"
2026-09-25 11:00:48,866 [INFO] httpx: HTTP Request: POST http://test/api/v1/scenarios/ "HTTP/1.1 201 Created"
2026-09-25 11:00:48,869 [INFO] httpx: HTTP Request: POST http://test/api/v1/scenarios/arch-case/publish "HTTP/1.1 200 OK"
2026-09-25 11:00:48,872 [INFO] httpx: HTTP Request: POST http://test/api/v1/scenarios/arch-case/archive "HTTP/1.1 200 OK"
2026-09-25 11:00:49,052 [INFO] httpx: HTTP Request: POST http://test/api/v1/auth/register/admin "HTTP/1.1 201 Created"
2026-09-25 11:00:49,057 [INFO] httpx: HTTP Request: POST http://test/api/v1/scenarios/ "HTTP/1.1 201 Created"
2026-09-25 11:00:49,059 [INFO] httpx: HTTP Request: POST http://test/api/v1/scenarios/hidden-case/publish "HTTP/1.1 200 OK"
2026-09-25 11:00:49,061 [INFO] httpx: HTTP Request: GET http://test/api/v1/scenarios/ "HTTP/1.1 200 OK"
2026-09-25 11:00:49,236 [INFO] httpx: HTTP Request: POST http://test/api/v1/auth/register/admin "HTTP/1.1 201 Created"
2026-09-25 11:00:49,241 [INFO] httpx: HTTP Request: POST http://test/api/v1/scenarios/ "HTTP/1.1 201 Created"
2026-09-25 11:00:49,244 [INFO] httpx: HTTP Request: PUT http://test/api/v1/scenarios/upd-case "HTTP/1.1 200 OK"
2026-09-25 11:00:49,423 [INFO] httpx: HTTP Request: POST http://test/api/v1/auth/register/admin "HTTP/1.1 201 Created"
2026-09-25 11:00:49,586 [INFO] httpx: HTTP Request: POST http://test/api/v1/auth/register/admin "HTTP/1.1 201 Created"
2026-09-25 11:00:49,591 [INFO] httpx: HTTP Request: POST http://test/api/v1/scenarios/ "HTTP/1.1 201 Created"
2026-09-25 11:00:49,593 [INFO] httpx: HTTP Request: PUT http://test/api/v1/scenarios/protected-case "HTTP/1.1 403 Forbidden"
2026-09-25 11:00:49,611 [INFO] httpx: HTTP Request: POST http://test/api/v1/negotiation/start "HTTP/1.1 200 OK"
2026-09-25 11:00:49,616 [INFO] httpx: HTTP Request: POST http://test/api/v1/negotiation/message "HTTP/1.1 200 OK"
2026-09-25 11:00:49,627 [INFO] httpx: HTTP Request: POST http://test/api/v1/negotiation/end?session_id=b4880210-a339-4798-a0f4-6c2fd5a15db1 "HTTP/1.1 200 OK"
2026-09-25 11:00:49,673 [INFO] httpx: HTTP Request: POST http://test/api/v1/negotiation/start "HTTP/1.1 200 OK"
2026-09-25 11:00:49,677 [INFO] httpx: HTTP Request: POST http://test/api/v1/negotiation/message "HTTP/1.1 200 OK"
2026-09-25 11:00:49,686 [INFO] httpx: HTTP Request: POST http://test/api/v1/negotiation/end?session_id=220a8c4e-b617-441c-ac05-8099557a3099 "HTTP/1.1 200 OK"
2026-09-25 11:00:49,688 [INFO] httpx: HTTP Request: GET http://test/api/v1/negotiation/analysis/220a8c4e-b617-441c-ac05-8099557a3099 "HTTP/1.1 200 OK"
2026-09-25 11:00:49,707 [INFO] httpx: HTTP Request: POST http://test/api/v1/negotiation/start "HTTP/1.1 200 OK"
2026-09-25 11:00:49,711 [INFO] httpx: HTTP Request: POST http://test/api/v1/negotiation/message "HTTP/1.1 200 OK"
2026-09-25 11:00:49,719 [INFO] httpx: HTTP Request: POST http://test/api/v1/negotiation/end?session_id=adfff186-9c5e-4b1d-acee-d6122f7c3c16 "HTTP/1.1 200 OK"
2026-09-25 11:00:49,920 [INFO] httpx: HTTP Request: POST http://test/api/v1/auth/register "HTTP/1.1 201 Created"
2026-09-25 11:00:49,953 [INFO] httpx: HTTP Request: POST http://test/api/v1/auth/register "HTTP/1.1 422 Unprocessable Entity"
2026-09-25 11:00:50,004 [INFO] httpx: HTTP Request: POST http://test/api/v1/auth/register "HTTP/1.1 400 Bad Request"
2026-09-25 11:00:50,192 [INFO] httpx: HTTP Request: POST http://test/api/v1/auth/register "HTTP/1.1 201 Created"
2026-09-25 11:00:50,370 [INFO] httpx: HTTP Request: POST http://test/api/v1/auth/register "HTTP/1.1 201 Created"
2026-09-25 11:00:50,535 [INFO] httpx: HTTP Request: POST http://test/api/v1/auth/login "HTTP/1.1 200 OK"
2026-09-25 11:00:50,709 [INFO] httpx: HTTP Request: POST http://test/api/v1/auth/register "HTTP/1.1 201 Created"
2026-09-25 11:00:50,870 [INFO] httpx: HTTP Request: POST http://test/api/v1/auth/login "HTTP/1.1 401 Unauthorized"
2026-09-25 11:00:51,064 [INFO] httpx: HTTP Request: POST http://test/api/v1/auth/register "HTTP/1.1 201 Created"
2026-09-25 11:00:51,068 [INFO] httpx: HTTP Request: POST http://test/api/v1/auth/onboarding "HTTP/1.1 200 OK"
2026-09-25 11:00:51,283 [INFO] httpx: HTTP Request: POST http://test/api/v1/auth/register "HTTP/1.1 201 Created"
2026-09-25 11:00:51,285 [INFO] httpx: HTTP Request: POST http://test/api/v1/auth/onboarding "HTTP/1.1 400 Bad Request"
2026-09-25 11:00:51,475 [INFO] httpx: HTTP Request: POST http://test/api/v1/auth/register "HTTP/1.1 201 Created"
2026-09-25 11:00:51,478 [INFO] httpx: HTTP Request: POST http://test/api/v1/auth/onboarding "HTTP/1.1 422 Unprocessable Entity"
2026-09-25 11:00:51,682 [INFO] httpx: HTTP Request: POST http://test/api/v1/auth/register/admin "HTTP/1.1 201 Created"
2026-09-25 11:00:51,695 [INFO] httpx: HTTP Request: POST http://test/api/v1/auth/register/admin "HTTP/1.1 422 Unprocessable Entity"
2026-09-25 11:00:51,711 [INFO] httpx: HTTP Request: POST http://test/api/v1/auth/register/admin "HTTP/1.1 400 Bad Request"
2026-09-25 11:00:51,893 [INFO] httpx: HTTP Request: POST http://test/api/v1/auth/register/admin "HTTP/1.1 201 Created"
2026-09-25 11:00:52,058 [INFO] httpx: HTTP Request: POST http://test/api/v1/auth/login/admin "HTTP/1.1 200 OK"
2026-09-25 11:00:52,235 [INFO] httpx: HTTP Request: POST http://test/api/v1/auth/register "HTTP/1.1 201 Created"
2026-09-25 11:00:52,413 [INFO] httpx: HTTP Request: POST http://test/api/v1/auth/login/admin "HTTP/1.1 403 Forbidden"
2026-09-25 11:00:52,606 [INFO] httpx: HTTP Request: POST http://test/api/v1/auth/register/admin "HTTP/1.1 201 Created"
2026-09-25 11:00:52,772 [INFO] httpx: HTTP Request: POST http://test/api/v1/auth/login/admin "HTTP/1.1 401 Unauthorized"
2026-09-25 11:00:52,969 [INFO] httpx: HTTP Request: POST http://test/api/v1/auth/register "HTTP/1.1 201 Created"
2026-09-25 11:00:52,972 [INFO] httpx: HTTP Request: GET http://test/api/v1/auth/me "HTTP/1.1 200 OK"
2026-09-25 11:00:52,985 [INFO] httpx: HTTP Request: GET http://test/api/v1/auth/me "HTTP/1.1 401 Unauthorized"
2026-09-25 11:00:53,169 [INFO] httpx: HTTP Request: POST http://test/api/v1/auth/register/admin "HTTP/1.1 201 Created"
2026-09-25 11:00:53,171 [INFO] httpx: HTTP Request: GET http://test/api/v1/auth/me "HTTP/1.1 200 OK"
2026-09-25 11:00:53,346 [INFO] httpx: HTTP Request: POST http://test/api/v1/auth/register/admin "HTTP/1.1 201 Created"
2026-09-25 11:00:53,348 [INFO] httpx: HTTP Request: POST http://test/api/v1/auth/onboarding "HTTP/1.1 403 Forbidden"
2026-09-25 11:00:53,372 [INFO] httpx: HTTP Request: GET http://test/api/v1/auth/me "HTTP/1.1 200 OK"
2026-09-25 11:00:53,549 [INFO] httpx: HTTP Request: POST http://test/api/v1/auth/register "HTTP/1.1 201 Created"
2026-09-25 11:00:53,552 [INFO] httpx: HTTP Request: GET http://test/api/v1/auth/me "HTTP/1.1 200 OK"
2026-09-25 11:00:53,597 [INFO] httpx: HTTP Request: GET http://test/api/v1/negotiation/briefing/scenario-1 "HTTP/1.1 200 OK"
2026-09-25 11:00:53,612 [INFO] httpx: HTTP Request: GET http://test/api/v1/negotiation/briefing/scenario-1 "HTTP/1.1 200 OK"
2026-09-25 11:00:53,627 [INFO] httpx: HTTP Request: GET http://test/api/v1/negotiation/briefing/ghost "HTTP/1.1 404 Not Found"
2026-09-25 11:00:53,640 [INFO] httpx: HTTP Request: GET http://test/api/v1/negotiation/briefing/scenario-1 "HTTP/1.1 401 Unauthorized"
2026-09-25 11:00:53,829 [INFO] httpx: HTTP Request: POST http://test/api/v1/auth/register/admin "HTTP/1.1 201 Created"
2026-09-25 11:00:53,831 [INFO] httpx: HTTP Request: GET http://test/api/v1/negotiation/briefing/scenario-1 "HTTP/1.1 403 Forbidden"
2026-09-25 11:00:53,844 [INFO] httpx: HTTP Request: POST http://test/api/v1/auth/register "HTTP/1.1 400 Bad Request"
2026-09-25 11:00:54,020 [INFO] httpx: HTTP Request: POST http://test/api/v1/auth/register "HTTP/1.1 201 Created"
2026-09-25 11:00:54,052 [INFO] httpx: HTTP Request: POST http://test/api/v1/auth/register "HTTP/1.1 422 Unprocessable Entity"
2026-09-25 11:00:54,235 [INFO] httpx: HTTP Request: POST http://test/api/v1/auth/register "HTTP/1.1 201 Created"
2026-09-25 11:00:54,237 [INFO] httpx: HTTP Request: GET http://test/api/v1/auth/me "HTTP/1.1 200 OK"
2026-09-25 11:00:54,248 [INFO] httpx: HTTP Request: POST http://test/api/v1/auth/register/admin "HTTP/1.1 400 Bad Request"
2026-09-25 11:00:54,258 [INFO] httpx: HTTP Request: POST http://test/api/v1/auth/register/admin "HTTP/1.1 422 Unprocessable Entity"
2026-09-25 11:00:54,445 [INFO] httpx: HTTP Request: POST http://test/api/v1/auth/register/admin "HTTP/1.1 201 Created"
2026-09-25 11:00:54,450 [INFO] httpx: HTTP Request: POST http://test/api/v1/scenarios/ "HTTP/1.1 201 Created"
2026-09-25 11:00:54,454 [INFO] httpx: HTTP Request: DELETE http://test/api/v1/scenarios/to-delete "HTTP/1.1 204 No Content"
2026-09-25 11:00:54,456 [INFO] httpx: HTTP Request: GET http://test/api/v1/scenarios/to-delete "HTTP/1.1 404 Not Found"
2026-09-25 11:00:54,631 [INFO] httpx: HTTP Request: POST http://test/api/v1/auth/register/admin "HTTP/1.1 201 Created"
2026-09-25 11:00:54,803 [INFO] httpx: HTTP Request: POST http://test/api/v1/auth/register/admin "HTTP/1.1 201 Created"
2026-09-25 11:00:54,812 [INFO] httpx: HTTP Request: POST http://test/api/v1/scenarios/ "HTTP/1.1 201 Created"
2026-09-25 11:00:54,815 [INFO] httpx: HTTP Request: DELETE http://test/api/v1/scenarios/protected-del "HTTP/1.1 403 Forbidden"
2026-09-25 11:00:55,045 [INFO] httpx: HTTP Request: POST http://test/api/v1/auth/register/admin "HTTP/1.1 201 Created"
2026-09-25 11:00:55,048 [INFO] httpx: HTTP Request: DELETE http://test/api/v1/scenarios/ghost "HTTP/1.1 404 Not Found"
2026-09-25 11:00:55,227 [INFO] httpx: HTTP Request: POST http://test/api/v1/auth/register/admin "HTTP/1.1 201 Created"
2026-09-25 11:00:55,232 [INFO] httpx: HTTP Request: POST http://test/api/v1/scenarios/ "HTTP/1.1 201 Created"
2026-09-25 11:00:55,235 [INFO] httpx: HTTP Request: POST http://test/api/v1/scenarios/detach-case/publish "HTTP/1.1 200 OK"
2026-09-25 11:00:55,239 [INFO] httpx: HTTP Request: POST http://test/api/v1/negotiation/start "HTTP/1.1 200 OK"
2026-09-25 11:00:55,243 [INFO] httpx: HTTP Request: DELETE http://test/api/v1/scenarios/detach-case "HTTP/1.1 204 No Content"
2026-09-25 11:00:55,246 [INFO] httpx: HTTP Request: GET http://test/api/v1/negotiation/sessions/user-1 "HTTP/1.1 200 OK"
2026-09-25 11:00:55,427 [INFO] httpx: HTTP Request: POST http://test/api/v1/auth/register/admin "HTTP/1.1 201 Created"
2026-09-25 11:00:55,432 [INFO] httpx: HTTP Request: POST http://test/api/v1/scenarios/ "HTTP/1.1 201 Created"
2026-09-25 11:00:55,434 [INFO] httpx: HTTP Request: POST http://test/api/v1/scenarios/fk-case/publish "HTTP/1.1 200 OK"
2026-09-25 11:00:55,441 [INFO] httpx: HTTP Request: POST http://test/api/v1/invite/YsjqZfAnSrsDwJv9 "HTTP/1.1 200 OK"
2026-09-25 11:00:55,445 [INFO] httpx: HTTP Request: GET http://test/api/v1/users/user-1/added-cases "HTTP/1.1 200 OK"
2026-09-25 11:00:55,448 [INFO] httpx: HTTP Request: DELETE http://test/api/v1/scenarios/fk-case "HTTP/1.1 204 No Content"
2026-09-25 11:00:55,450 [INFO] httpx: HTTP Request: GET http://test/api/v1/users/user-1/added-cases "HTTP/1.1 200 OK"
2026-09-25 11:00:55,461 [INFO] httpx: HTTP Request: GET http://test/api/v1/health/ "HTTP/1.1 200 OK"
2026-09-25 11:00:55,472 [INFO] httpx: HTTP Request: GET http://test/ "HTTP/1.1 200 OK"
2026-09-25 11:00:55,482 [INFO] httpx: HTTP Request: GET http://test/api/v1/health/ "HTTP/1.1 200 OK"
2026-09-25 11:00:55,500 [INFO] httpx: HTTP Request: GET http://test/api/v1/negotiation/sessions/user-1 "HTTP/1.1 200 OK"
2026-09-25 11:00:55,519 [INFO] httpx: HTTP Request: POST http://test/api/v1/negotiation/start "HTTP/1.1 200 OK"
2026-09-25 11:00:55,521 [INFO] httpx: HTTP Request: GET http://test/api/v1/negotiation/sessions/user-1 "HTTP/1.1 200 OK"
2026-09-25 11:00:55,539 [INFO] httpx: HTTP Request: POST http://test/api/v1/negotiation/start "HTTP/1.1 200 OK"
2026-09-25 11:00:55,542 [INFO] httpx: HTTP Request: POST http://test/api/v1/negotiation/message "HTTP/1.1 200 OK"
2026-09-25 11:00:55,545 [INFO] httpx: HTTP Request: GET http://test/api/v1/negotiation/sessions/402a436c-0139-40fb-bc78-e67d23d36732/messages "HTTP/1.1 200 OK"
2026-09-25 11:00:55,563 [INFO] httpx: HTTP Request: POST http://test/api/v1/negotiation/start "HTTP/1.1 200 OK"
2026-09-25 11:00:55,566 [INFO] httpx: HTTP Request: POST http://test/api/v1/negotiation/468df0f0-9e53-410e-a485-0bd6c4c55c7d/interrupt "HTTP/1.1 200 OK"
2026-09-25 11:00:55,584 [INFO] httpx: HTTP Request: POST http://test/api/v1/negotiation/start "HTTP/1.1 200 OK"
2026-09-25 11:00:55,587 [INFO] httpx: HTTP Request: POST http://test/api/v1/negotiation/a42befa9-65dc-467e-a5c7-0cade2c58c74/interrupt "HTTP/1.1 200 OK"
2026-09-25 11:00:55,590 [INFO] httpx: HTTP Request: POST http://test/api/v1/negotiation/a42befa9-65dc-467e-a5c7-0cade2c58c74/interrupt "HTTP/1.1 200 OK"
2026-09-25 11:00:55,607 [INFO] httpx: HTTP Request: POST http://test/api/v1/negotiation/start "HTTP/1.1 200 OK"
2026-09-25 11:00:55,611 [INFO] httpx: HTTP Request: POST http://test/api/v1/negotiation/message "HTTP/1.1 200 OK"
2026-09-25 11:00:55,620 [INFO] httpx: HTTP Request: POST http://test/api/v1/negotiation/end?session_id=29859b1b-25e6-4704-b06b-d753839079d1 "HTTP/1.1 200 OK"
2026-09-25 11:00:55,622 [INFO] httpx: HTTP Request: POST http://test/api/v1/negotiation/29859b1b-25e6-4704-b06b-d753839079d1/interrupt "HTTP/1.1 400 Bad Request"
2026-09-25 11:00:55,638 [INFO] httpx: HTTP Request: POST http://test/api/v1/negotiation/ghost-session/interrupt "HTTP/1.1 404 Not Found"
2026-09-25 11:00:55,657 [INFO] httpx: HTTP Request: POST http://test/api/v1/negotiation/start "HTTP/1.1 200 OK"
2026-09-25 11:00:55,660 [INFO] httpx: HTTP Request: POST http://test/api/v1/negotiation/f3e6bd58-f5e1-492f-b116-a826deef67dc/interrupt "HTTP/1.1 200 OK"
2026-09-25 11:00:55,662 [INFO] httpx: HTTP Request: POST http://test/api/v1/negotiation/message "HTTP/1.1 400 Bad Request"
2026-09-25 11:00:55,679 [INFO] httpx: HTTP Request: POST http://test/api/v1/negotiation/start "HTTP/1.1 200 OK"
2026-09-25 11:00:55,683 [INFO] httpx: HTTP Request: POST http://test/api/v1/negotiation/4c4a7526-dec4-4c04-b02c-c1ac165accd8/interrupt "HTTP/1.1 200 OK"
2026-09-25 11:00:55,685 [INFO] httpx: HTTP Request: POST http://test/api/v1/negotiation/end?session_id=4c4a7526-dec4-4c04-b02c-c1ac165accd8 "HTTP/1.1 400 Bad Request"
2026-09-25 11:00:55,702 [INFO] httpx: HTTP Request: GET http://test/api/v1/users/user-1/interrupted-session "HTTP/1.1 200 OK"
2026-09-25 11:00:55,720 [INFO] httpx: HTTP Request: POST http://test/api/v1/negotiation/start "HTTP/1.1 200 OK"
2026-09-25 11:00:55,723 [INFO] httpx: HTTP Request: POST http://test/api/v1/negotiation/start "HTTP/1.1 200 OK"
2026-09-25 11:00:55,727 [INFO] httpx: HTTP Request: POST http://test/api/v1/negotiation/7d5a7ca9-3287-4282-87aa-1f76f1a37b6b/interrupt "HTTP/1.1 200 OK"
2026-09-25 11:00:55,730 [INFO] httpx: HTTP Request: POST http://test/api/v1/negotiation/105fa132-8cca-4a73-9c7b-58665c17a30f/interrupt "HTTP/1.1 200 OK"
2026-09-25 11:00:55,733 [INFO] httpx: HTTP Request: GET http://test/api/v1/users/user-1/interrupted-session "HTTP/1.1 200 OK"
2026-09-25 11:00:55,748 [INFO] httpx: HTTP Request: GET http://test/api/v1/users/user-1/interrupted-session "HTTP/1.1 401 Unauthorized"
2026-09-25 11:00:55,935 [INFO] httpx: HTTP Request: POST http://test/api/v1/auth/register/admin "HTTP/1.1 201 Created"
2026-09-25 11:00:55,940 [INFO] httpx: HTTP Request: POST http://test/api/v1/scenarios/ "HTTP/1.1 201 Created"
2026-09-25 11:00:55,944 [INFO] httpx: HTTP Request: POST http://test/api/v1/scenarios/prev-case/publish "HTTP/1.1 200 OK"
2026-09-25 11:00:55,947 [INFO] httpx: HTTP Request: GET http://test/api/v1/invite/BJ13J-zdJ3-xBVBQ "HTTP/1.1 200 OK"
2026-09-25 11:00:55,961 [INFO] httpx: HTTP Request: GET http://test/api/v1/invite/nonexistent-code-xyz "HTTP/1.1 404 Not Found"
2026-09-25 11:00:56,141 [INFO] httpx: HTTP Request: POST http://test/api/v1/auth/register/admin "HTTP/1.1 201 Created"
2026-09-25 11:00:56,146 [INFO] httpx: HTTP Request: POST http://test/api/v1/scenarios/ "HTTP/1.1 201 Created"
2026-09-25 11:00:56,149 [INFO] httpx: HTTP Request: POST http://test/api/v1/scenarios/arch-prev-case/publish "HTTP/1.1 200 OK"
2026-09-25 11:00:56,152 [INFO] httpx: HTTP Request: POST http://test/api/v1/scenarios/arch-prev-case/archive "HTTP/1.1 200 OK"
2026-09-25 11:00:56,153 [INFO] httpx: HTTP Request: GET http://test/api/v1/invite/QPUPkfSM3dKhO-cT "HTTP/1.1 410 Gone"
2026-09-25 11:00:56,332 [INFO] httpx: HTTP Request: POST http://test/api/v1/auth/register/admin "HTTP/1.1 201 Created"
2026-09-25 11:00:56,336 [INFO] httpx: HTTP Request: POST http://test/api/v1/scenarios/ "HTTP/1.1 201 Created"
2026-09-25 11:00:56,339 [INFO] httpx: HTTP Request: POST http://test/api/v1/scenarios/accept-case/publish "HTTP/1.1 200 OK"
2026-09-25 11:00:56,343 [INFO] httpx: HTTP Request: POST http://test/api/v1/invite/jGQgz3AAskJdtjGP "HTTP/1.1 200 OK"
2026-09-25 11:00:56,528 [INFO] httpx: HTTP Request: POST http://test/api/v1/auth/register/admin "HTTP/1.1 201 Created"
2026-09-25 11:00:56,533 [INFO] httpx: HTTP Request: POST http://test/api/v1/scenarios/ "HTTP/1.1 201 Created"
2026-09-25 11:00:56,536 [INFO] httpx: HTTP Request: POST http://test/api/v1/scenarios/idem-case/publish "HTTP/1.1 200 OK"
2026-09-25 11:00:56,539 [INFO] httpx: HTTP Request: POST http://test/api/v1/invite/F6BWLq8nWuDtgyRa "HTTP/1.1 200 OK"
2026-09-25 11:00:56,541 [INFO] httpx: HTTP Request: POST http://test/api/v1/invite/F6BWLq8nWuDtgyRa "HTTP/1.1 200 OK"
2026-09-25 11:00:56,718 [INFO] httpx: HTTP Request: POST http://test/api/v1/auth/register/admin "HTTP/1.1 201 Created"
2026-09-25 11:00:56,723 [INFO] httpx: HTTP Request: POST http://test/api/v1/scenarios/ "HTTP/1.1 201 Created"
2026-09-25 11:00:56,726 [INFO] httpx: HTTP Request: POST http://test/api/v1/scenarios/noauth-case/publish "HTTP/1.1 200 OK"
2026-09-25 11:00:56,727 [INFO] httpx: HTTP Request: POST http://test/api/v1/invite/PQI05wzQqyU48Faw "HTTP/1.1 401 Unauthorized"
2026-09-25 11:00:56,911 [INFO] httpx: HTTP Request: POST http://test/api/v1/auth/register/admin "HTTP/1.1 201 Created"
2026-09-25 11:00:57,080 [INFO] httpx: HTTP Request: POST http://test/api/v1/auth/register/admin "HTTP/1.1 201 Created"
2026-09-25 11:00:57,085 [INFO] httpx: HTTP Request: POST http://test/api/v1/scenarios/ "HTTP/1.1 201 Created"
2026-09-25 11:00:57,089 [INFO] httpx: HTTP Request: POST http://test/api/v1/scenarios/admin-inv-case/publish "HTTP/1.1 200 OK"
2026-09-25 11:00:57,091 [INFO] httpx: HTTP Request: POST http://test/api/v1/invite/8qc1RVhKBEFQ40sz "HTTP/1.1 403 Forbidden"
2026-09-25 11:00:57,109 [INFO] httpx: HTTP Request: GET http://test/api/v1/users/user-1/added-cases "HTTP/1.1 200 OK"
2026-09-25 11:00:57,285 [INFO] httpx: HTTP Request: POST http://test/api/v1/auth/register/admin "HTTP/1.1 201 Created"
2026-09-25 11:00:57,290 [INFO] httpx: HTTP Request: POST http://test/api/v1/scenarios/ "HTTP/1.1 201 Created"
2026-09-25 11:00:57,293 [INFO] httpx: HTTP Request: POST http://test/api/v1/scenarios/list-add-case/publish "HTTP/1.1 200 OK"
2026-09-25 11:00:57,296 [INFO] httpx: HTTP Request: POST http://test/api/v1/invite/WPXP6HtuQbhF1plI "HTTP/1.1 200 OK"
2026-09-25 11:00:57,299 [INFO] httpx: HTTP Request: GET http://test/api/v1/users/user-1/added-cases "HTTP/1.1 200 OK"
2026-09-25 11:00:57,483 [INFO] httpx: HTTP Request: POST http://test/api/v1/auth/register "HTTP/1.1 201 Created"
2026-09-25 11:00:57,486 [INFO] httpx: HTTP Request: POST http://test/api/v1/auth/onboarding "HTTP/1.1 200 OK"
2026-09-25 11:00:57,491 [INFO] httpx: HTTP Request: POST http://test/api/v1/negotiation/start "HTTP/1.1 200 OK"
2026-09-25 11:00:57,671 [INFO] httpx: HTTP Request: POST http://test/api/v1/auth/register "HTTP/1.1 201 Created"
2026-09-25 11:00:57,674 [INFO] httpx: HTTP Request: POST http://test/api/v1/auth/onboarding "HTTP/1.1 200 OK"
2026-09-25 11:00:57,677 [INFO] httpx: HTTP Request: POST http://test/api/v1/negotiation/start "HTTP/1.1 404 Not Found"
2026-09-25 11:00:57,856 [INFO] httpx: HTTP Request: POST http://test/api/v1/auth/register "HTTP/1.1 201 Created"
2026-09-25 11:00:57,859 [INFO] httpx: HTTP Request: POST http://test/api/v1/auth/onboarding "HTTP/1.1 200 OK"
2026-09-25 11:00:57,864 [INFO] httpx: HTTP Request: POST http://test/api/v1/negotiation/start "HTTP/1.1 200 OK"
2026-09-25 11:00:57,870 [INFO] httpx: HTTP Request: POST http://test/api/v1/negotiation/message "HTTP/1.1 200 OK"
2026-09-25 11:00:58,076 [INFO] httpx: HTTP Request: POST http://test/api/v1/auth/register "HTTP/1.1 201 Created"
2026-09-25 11:00:58,080 [INFO] httpx: HTTP Request: POST http://test/api/v1/auth/onboarding "HTTP/1.1 200 OK"
2026-09-25 11:00:58,084 [INFO] httpx: HTTP Request: POST http://test/api/v1/negotiation/message "HTTP/1.1 404 Not Found"
2026-09-25 11:00:58,260 [INFO] httpx: HTTP Request: POST http://test/api/v1/auth/register "HTTP/1.1 201 Created"
2026-09-25 11:00:58,263 [INFO] httpx: HTTP Request: POST http://test/api/v1/auth/onboarding "HTTP/1.1 200 OK"
2026-09-25 11:00:58,268 [INFO] httpx: HTTP Request: POST http://test/api/v1/negotiation/start "HTTP/1.1 200 OK"
2026-09-25 11:00:58,272 [INFO] httpx: HTTP Request: POST http://test/api/v1/negotiation/message "HTTP/1.1 200 OK"
2026-09-25 11:00:58,282 [INFO] httpx: HTTP Request: POST http://test/api/v1/negotiation/end?session_id=64cf1afc-8641-4868-9ece-f394c1a94cac "HTTP/1.1 200 OK"
2026-09-25 11:00:58,473 [INFO] httpx: HTTP Request: POST http://test/api/v1/auth/register "HTTP/1.1 201 Created"
2026-09-25 11:00:58,476 [INFO] httpx: HTTP Request: POST http://test/api/v1/auth/onboarding "HTTP/1.1 200 OK"
2026-09-25 11:00:58,481 [INFO] httpx: HTTP Request: POST http://test/api/v1/negotiation/start "HTTP/1.1 200 OK"
2026-09-25 11:00:58,485 [INFO] httpx: HTTP Request: POST http://test/api/v1/negotiation/message "HTTP/1.1 200 OK"
2026-09-25 11:00:58,494 [INFO] httpx: HTTP Request: POST http://test/api/v1/negotiation/end?session_id=ddc93452-9c6a-4b46-86bd-8e4cc1b2f8b6 "HTTP/1.1 200 OK"
2026-09-25 11:00:58,496 [INFO] httpx: HTTP Request: GET http://test/api/v1/negotiation/analysis/ddc93452-9c6a-4b46-86bd-8e4cc1b2f8b6 "HTTP/1.1 200 OK"
2026-09-25 11:00:58,678 [INFO] httpx: HTTP Request: POST http://test/api/v1/auth/register "HTTP/1.1 201 Created"
2026-09-25 11:00:58,682 [INFO] httpx: HTTP Request: POST http://test/api/v1/auth/onboarding "HTTP/1.1 200 OK"
2026-09-25 11:00:58,687 [INFO] httpx: HTTP Request: POST http://test/api/v1/negotiation/start "HTTP/1.1 200 OK"
2026-09-25 11:00:58,691 [INFO] httpx: HTTP Request: POST http://test/api/v1/negotiation/message "HTTP/1.1 200 OK"
2026-09-25 11:00:58,699 [INFO] httpx: HTTP Request: POST http://test/api/v1/negotiation/end?session_id=7fd0b41f-a1a8-4167-b4cb-a4d5c106d785 "HTTP/1.1 200 OK"
2026-09-25 11:00:58,701 [INFO] httpx: HTTP Request: POST http://test/api/v1/negotiation/message "HTTP/1.1 400 Bad Request"
2026-09-25 11:00:58,882 [INFO] httpx: HTTP Request: POST http://test/api/v1/auth/register/admin "HTTP/1.1 201 Created"
2026-09-25 11:00:58,884 [INFO] httpx: HTTP Request: POST http://test/api/v1/negotiation/start "HTTP/1.1 403 Forbidden"
2026-09-25 11:00:58,897 [INFO] httpx: HTTP Request: POST http://test/api/v1/negotiation/start "HTTP/1.1 401 Unauthorized"
2026-09-25 11:00:59,074 [INFO] httpx: HTTP Request: POST http://test/api/v1/auth/register "HTTP/1.1 201 Created"
2026-09-25 11:00:59,078 [INFO] httpx: HTTP Request: POST http://test/api/v1/auth/onboarding "HTTP/1.1 200 OK"
2026-09-25 11:00:59,083 [INFO] httpx: HTTP Request: POST http://test/api/v1/negotiation/start "HTTP/1.1 200 OK"
2026-09-25 11:00:59,087 [INFO] httpx: HTTP Request: POST http://test/api/v1/negotiation/message "HTTP/1.1 200 OK"
2026-09-25 11:00:59,095 [INFO] httpx: HTTP Request: POST http://test/api/v1/negotiation/end?session_id=3b405ff3-58db-4cbc-bc65-89d71e4ca3d4 "HTTP/1.1 200 OK"
2026-09-25 11:00:59,097 [INFO] httpx: HTTP Request: GET http://test/api/v1/negotiation/analysis/3b405ff3-58db-4cbc-bc65-89d71e4ca3d4 "HTTP/1.1 403 Forbidden"
2026-09-25 11:00:59,279 [INFO] httpx: HTTP Request: POST http://test/api/v1/auth/register "HTTP/1.1 201 Created"
2026-09-25 11:00:59,283 [INFO] httpx: HTTP Request: POST http://test/api/v1/auth/onboarding "HTTP/1.1 200 OK"
2026-09-25 11:00:59,288 [INFO] httpx: HTTP Request: POST http://test/api/v1/negotiation/start "HTTP/1.1 200 OK"
2026-09-25 11:00:59,290 [INFO] httpx: HTTP Request: POST http://test/api/v1/negotiation/message "HTTP/1.1 403 Forbidden"
2026-09-25 11:00:59,479 [INFO] httpx: HTTP Request: POST http://test/api/v1/auth/register "HTTP/1.1 201 Created"
2026-09-25 11:00:59,482 [INFO] httpx: HTTP Request: POST http://test/api/v1/auth/onboarding "HTTP/1.1 200 OK"
2026-09-25 11:00:59,488 [INFO] httpx: HTTP Request: POST http://test/api/v1/negotiation/start "HTTP/1.1 200 OK"
2026-09-25 11:00:59,491 [INFO] httpx: HTTP Request: POST http://test/api/v1/negotiation/01b98be1-764e-4006-a39b-78fc0bbdad2e/interrupt "HTTP/1.1 403 Forbidden"
2026-09-25 11:00:59,672 [INFO] httpx: HTTP Request: POST http://test/api/v1/auth/register "HTTP/1.1 201 Created"
2026-09-25 11:00:59,675 [INFO] httpx: HTTP Request: POST http://test/api/v1/auth/onboarding "HTTP/1.1 200 OK"
2026-09-25 11:00:59,681 [INFO] httpx: HTTP Request: POST http://test/api/v1/negotiation/start "HTTP/1.1 200 OK"
2026-09-25 11:00:59,683 [INFO] httpx: HTTP Request: POST http://test/api/v1/negotiation/end?session_id=79f801f2-6782-4745-9b3a-b0e55d5fd7d6 "HTTP/1.1 403 Forbidden"
2026-09-25 11:00:59,861 [INFO] httpx: HTTP Request: POST http://test/api/v1/auth/register "HTTP/1.1 201 Created"
2026-09-25 11:00:59,865 [INFO] httpx: HTTP Request: POST http://test/api/v1/auth/onboarding "HTTP/1.1 200 OK"
2026-09-25 11:00:59,867 [INFO] httpx: HTTP Request: GET http://test/api/v1/negotiation/sessions/user-1 "HTTP/1.1 403 Forbidden"
2026-09-25 11:01:00,048 [INFO] httpx: HTTP Request: POST http://test/api/v1/auth/register "HTTP/1.1 201 Created"
2026-09-25 11:01:00,052 [INFO] httpx: HTTP Request: POST http://test/api/v1/auth/onboarding "HTTP/1.1 200 OK"
2026-09-25 11:01:00,054 [INFO] httpx: HTTP Request: GET http://test/api/v1/users/user-1/skills "HTTP/1.1 403 Forbidden"
2026-09-25 11:01:00,240 [INFO] httpx: HTTP Request: POST http://test/api/v1/auth/register "HTTP/1.1 201 Created"
2026-09-25 11:01:00,244 [INFO] httpx: HTTP Request: POST http://test/api/v1/auth/onboarding "HTTP/1.1 200 OK"
2026-09-25 11:01:00,246 [INFO] httpx: HTTP Request: GET http://test/api/v1/users/user-1/recommendations "HTTP/1.1 403 Forbidden"
2026-09-25 11:01:00,428 [INFO] httpx: HTTP Request: POST http://test/api/v1/auth/register "HTTP/1.1 201 Created"
2026-09-25 11:01:00,432 [INFO] httpx: HTTP Request: POST http://test/api/v1/auth/onboarding "HTTP/1.1 200 OK"
2026-09-25 11:01:00,434 [INFO] httpx: HTTP Request: GET http://test/api/v1/negotiation/progress/user-1 "HTTP/1.1 403 Forbidden"
2026-09-25 11:01:00,505 [INFO] httpx: HTTP Request: POST http://test/api/v1/auth/register "HTTP/1.1 422 Unprocessable Entity"
2026-09-25 11:01:00,565 [INFO] httpx: HTTP Request: POST http://test/api/v1/auth/register "HTTP/1.1 422 Unprocessable Entity"
2026-09-25 11:01:00,633 [INFO] httpx: HTTP Request: POST http://test/api/v1/auth/register "HTTP/1.1 422 Unprocessable Entity"
2026-09-25 11:01:00,683 [INFO] httpx: HTTP Request: POST http://test/api/v1/auth/register "HTTP/1.1 422 Unprocessable Entity"
2026-09-25 11:01:00,868 [INFO] httpx: HTTP Request: POST http://test/api/v1/auth/register "HTTP/1.1 201 Created"
2026-09-25 11:01:01,056 [INFO] httpx: HTTP Request: POST http://test/api/v1/auth/register "HTTP/1.1 201 Created"
2026-09-25 11:01:01,237 [INFO] httpx: HTTP Request: POST http://test/api/v1/auth/register "HTTP/1.1 201 Created"
2026-09-25 11:01:01,248 [INFO] httpx: HTTP Request: POST http://test/api/v1/auth/register/admin "HTTP/1.1 422 Unprocessable Entity"
2026-09-25 11:01:01,440 [INFO] httpx: HTTP Request: POST http://test/api/v1/auth/register/admin "HTTP/1.1 201 Created"
2026-09-25 11:01:01,455 [INFO] httpx: HTTP Request: GET http://test/api/v1/negotiation/progress/user-1 "HTTP/1.1 200 OK"
2026-09-25 11:01:01,482 [INFO] httpx: HTTP Request: POST http://test/api/v1/negotiation/start "HTTP/1.1 200 OK"
2026-09-25 11:01:01,487 [INFO] httpx: HTTP Request: POST http://test/api/v1/negotiation/message "HTTP/1.1 200 OK"
2026-09-25 11:01:01,496 [INFO] httpx: HTTP Request: POST http://test/api/v1/negotiation/end?session_id=a8bd98e4-6e3f-4144-9c4b-d037089c960f "HTTP/1.1 200 OK"
2026-09-25 11:01:01,499 [INFO] httpx: HTTP Request: GET http://test/api/v1/negotiation/progress/user-1 "HTTP/1.1 200 OK"
2026-09-25 11:01:01,518 [INFO] httpx: HTTP Request: POST http://test/api/v1/negotiation/start "HTTP/1.1 200 OK"
2026-09-25 11:01:01,522 [INFO] httpx: HTTP Request: POST http://test/api/v1/negotiation/message "HTTP/1.1 200 OK"
2026-09-25 11:01:01,531 [INFO] httpx: HTTP Request: POST http://test/api/v1/negotiation/end?session_id=9f17e825-639c-42bf-aa72-2bbd4543ac47 "HTTP/1.1 200 OK"
2026-09-25 11:01:01,534 [INFO] httpx: HTTP Request: POST http://test/api/v1/negotiation/start "HTTP/1.1 200 OK"
2026-09-25 11:01:01,537 [INFO] httpx: HTTP Request: POST http://test/api/v1/negotiation/message "HTTP/1.1 200 OK"
2026-09-25 11:01:01,543 [INFO] httpx: HTTP Request: POST http://test/api/v1/negotiation/end?session_id=33fedce7-6e44-4ddc-873d-d213f27a7ccc "HTTP/1.1 200 OK"
2026-09-25 11:01:01,545 [INFO] httpx: HTTP Request: GET http://test/api/v1/negotiation/progress/user-1 "HTTP/1.1 200 OK"
2026-09-25 11:01:01,558 [INFO] httpx: HTTP Request: GET http://test/api/v1/negotiation/progress/user-1 "HTTP/1.1 401 Unauthorized"
2026-09-25 11:01:01,738 [INFO] httpx: HTTP Request: POST http://test/api/v1/auth/register/admin "HTTP/1.1 201 Created"
2026-09-25 11:01:01,740 [INFO] httpx: HTTP Request: GET http://test/api/v1/negotiation/progress/user-1 "HTTP/1.1 403 Forbidden"
2026-09-25 11:01:01,752 [INFO] httpx: HTTP Request: GET http://test/api/v1/scenarios/ "HTTP/1.1 200 OK"
2026-09-25 11:01:01,765 [INFO] httpx: HTTP Request: GET http://test/api/v1/scenarios/ "HTTP/1.1 200 OK"
2026-09-25 11:01:01,779 [INFO] httpx: HTTP Request: GET http://test/api/v1/scenarios/scenario-1 "HTTP/1.1 200 OK"
2026-09-25 11:01:01,792 [INFO] httpx: HTTP Request: GET http://test/api/v1/scenarios/nonexistent "HTTP/1.1 404 Not Found"
2026-09-25 11:01:01,969 [INFO] httpx: HTTP Request: POST http://test/api/v1/auth/register/admin "HTTP/1.1 201 Created"
2026-09-25 11:01:01,973 [INFO] httpx: HTTP Request: POST http://test/api/v1/scenarios/ "HTTP/1.1 201 Created"
2026-09-25 11:01:01,975 [INFO] httpx: HTTP Request: GET http://test/api/v1/scenarios/secret-draft "HTTP/1.1 404 Not Found"
2026-09-25 11:01:02,155 [INFO] httpx: HTTP Request: POST http://test/api/v1/auth/register/admin "HTTP/1.1 201 Created"
2026-09-25 11:01:02,160 [INFO] httpx: HTTP Request: POST http://test/api/v1/scenarios/ "HTTP/1.1 201 Created"
2026-09-25 11:01:02,162 [INFO] httpx: HTTP Request: GET http://test/api/v1/scenarios/admin-view/admin "HTTP/1.1 200 OK"
2026-09-25 11:01:02,214 [INFO] app.services.voice_service: [VOICE] Recognized: Hello world
2026-09-25 11:01:02,312 [INFO] httpx: HTTP Request: POST http://test/api/v1/negotiation/start "HTTP/1.1 200 OK"
2026-09-25 11:01:02,319 [INFO] httpx: HTTP Request: POST http://test/api/v1/negotiation/message "HTTP/1.1 200 OK"
2026-09-25 11:01:02,330 [INFO] httpx: HTTP Request: POST http://test/api/v1/negotiation/end?session_id=cdbe24bd-540b-4a06-84d9-1ba5da46cfa0 "HTTP/1.1 200 OK"
2026-09-25 11:01:02,332 [INFO] httpx: HTTP Request: GET http://test/api/v1/users/user-1/skills "HTTP/1.1 200 OK"
2026-09-25 11:01:02,347 [INFO] httpx: HTTP Request: GET http://test/api/v1/users/user-1/skills "HTTP/1.1 200 OK"
2026-09-25 11:01:02,361 [INFO] httpx: HTTP Request: GET http://test/api/v1/users/user-1/skills "HTTP/1.1 401 Unauthorized"
2026-09-25 11:01:02,544 [INFO] httpx: HTTP Request: POST http://test/api/v1/auth/register/admin "HTTP/1.1 201 Created"
2026-09-25 11:01:02,546 [INFO] httpx: HTTP Request: GET http://test/api/v1/users/user-1/skills "HTTP/1.1 403 Forbidden"
2026-09-25 11:01:02,577 [INFO] httpx: HTTP Request: POST http://test/api/v1/negotiation/start "HTTP/1.1 200 OK"
2026-09-25 11:01:02,584 [INFO] httpx: HTTP Request: POST http://test/api/v1/negotiation/message "HTTP/1.1 200 OK"
2026-09-25 11:01:02,587 [INFO] httpx: HTTP Request: POST http://test/api/v1/negotiation/message "HTTP/1.1 200 OK"
2026-09-25 11:01:02,590 [INFO] httpx: HTTP Request: POST http://test/api/v1/negotiation/message "HTTP/1.1 200 OK"
2026-09-25 11:01:02,599 [INFO] httpx: HTTP Request: POST http://test/api/v1/negotiation/end?session_id=6373fa86-9aa2-4da2-8c5c-2d291c1f5c55 "HTTP/1.1 200 OK"
2026-09-25 11:01:02,617 [INFO] httpx: HTTP Request: POST http://test/api/v1/negotiation/start "HTTP/1.1 200 OK"
2026-09-25 11:01:02,621 [INFO] httpx: HTTP Request: POST http://test/api/v1/negotiation/message "HTTP/1.1 200 OK"
2026-09-25 11:01:02,624 [INFO] httpx: HTTP Request: POST http://test/api/v1/negotiation/message "HTTP/1.1 200 OK"
2026-09-25 11:01:02,633 [INFO] httpx: HTTP Request: POST http://test/api/v1/negotiation/end?session_id=429c3c4c-3c3e-4e50-a0a7-39099e78c885 "HTTP/1.1 200 OK"
2026-09-25 11:01:02,649 [INFO] httpx: HTTP Request: POST http://test/api/v1/negotiation/start "HTTP/1.1 200 OK"
2026-09-25 11:01:02,653 [INFO] httpx: HTTP Request: POST http://test/api/v1/negotiation/message "HTTP/1.1 200 OK"
2026-09-25 11:01:02,656 [INFO] httpx: HTTP Request: POST http://test/api/v1/negotiation/message "HTTP/1.1 200 OK"
2026-09-25 11:01:02,659 [INFO] httpx: HTTP Request: POST http://test/api/v1/negotiation/message "HTTP/1.1 200 OK"
2026-09-25 11:01:02,668 [INFO] httpx: HTTP Request: POST http://test/api/v1/negotiation/end?session_id=d0f36215-aa74-471e-99fe-72e767e75c88 "HTTP/1.1 200 OK"
2026-09-25 11:01:02,670 [INFO] httpx: HTTP Request: GET http://test/api/v1/negotiation/analysis/d0f36215-aa74-471e-99fe-72e767e75c88 "HTTP/1.1 200 OK"
2026-09-25 11:01:02,687 [INFO] httpx: HTTP Request: POST http://test/api/v1/negotiation/start "HTTP/1.1 200 OK"
2026-09-25 11:01:02,691 [INFO] httpx: HTTP Request: POST http://test/api/v1/negotiation/message "HTTP/1.1 200 OK"
2026-09-25 11:01:02,699 [INFO] httpx: HTTP Request: POST http://test/api/v1/negotiation/end?session_id=75662431-32f1-4025-a81e-dad36e420bd9 "HTTP/1.1 200 OK"
2026-09-25 11:01:02,716 [INFO] httpx: HTTP Request: POST http://test/api/v1/negotiation/start "HTTP/1.1 200 OK"
2026-09-25 11:01:02,720 [INFO] httpx: HTTP Request: POST http://test/api/v1/negotiation/voice "HTTP/1.1 200 OK"
2026-09-25 11:01:02,736 [INFO] httpx: HTTP Request: POST http://test/api/v1/negotiation/voice "HTTP/1.1 404 Not Found"
2026-09-25 11:01:02,748 [INFO] httpx: HTTP Request: POST http://test/api/v1/negotiation/voice "HTTP/1.1 401 Unauthorized"
2026-09-25 11:01:02,931 [INFO] httpx: HTTP Request: POST http://test/api/v1/auth/register/admin "HTTP/1.1 201 Created"
2026-09-25 11:01:02,934 [INFO] httpx: HTTP Request: POST http://test/api/v1/negotiation/voice "HTTP/1.1 403 Forbidden"
2026-09-25 11:01:02,955 [INFO] httpx: HTTP Request: POST http://test/api/v1/negotiation/start "HTTP/1.1 200 OK"
2026-09-25 11:01:02,959 [INFO] httpx: HTTP Request: POST http://test/api/v1/negotiation/message "HTTP/1.1 200 OK"
2026-09-25 11:01:02,970 [INFO] httpx: HTTP Request: POST http://test/api/v1/negotiation/end?session_id=63f426cb-0830-4659-b073-2ef545ecfeb2 "HTTP/1.1 200 OK"
2026-09-25 11:01:02,987 [INFO] httpx: HTTP Request: POST http://test/api/v1/negotiation/start "HTTP/1.1 200 OK"
2026-09-25 11:01:02,991 [INFO] httpx: HTTP Request: POST http://test/api/v1/negotiation/message "HTTP/1.1 200 OK"
2026-09-25 11:01:03,000 [INFO] httpx: HTTP Request: POST http://test/api/v1/negotiation/end?session_id=a09d1a23-0c25-4d99-9eca-5d257821d251 "HTTP/1.1 200 OK"
2026-09-25 11:01:03,001 [INFO] httpx: HTTP Request: GET http://test/api/v1/auth/me "HTTP/1.1 200 OK"
2026-09-25 11:06:51,503 [INFO] httpx: HTTP Request: POST http://test/api/v1/auth/register/admin "HTTP/1.1 201 Created"
2026-09-25 11:06:51,667 [INFO] httpx: HTTP Request: POST http://test/api/v1/auth/register/admin "HTTP/1.1 201 Created"
2026-09-25 11:06:51,833 [INFO] httpx: HTTP Request: POST http://test/api/v1/auth/register/admin "HTTP/1.1 201 Created"
2026-09-25 11:06:51,995 [INFO] httpx: HTTP Request: POST http://test/api/v1/auth/register/admin "HTTP/1.1 201 Created"
2026-09-25 11:06:52,161 [INFO] httpx: HTTP Request: POST http://test/api/v1/auth/register/admin "HTTP/1.1 201 Created"
2026-09-25 11:06:52,336 [INFO] httpx: HTTP Request: POST http://test/api/v1/auth/register/admin "HTTP/1.1 201 Created"
2026-09-25 11:06:52,497 [INFO] httpx: HTTP Request: POST http://test/api/v1/auth/register/admin "HTTP/1.1 201 Created"
2026-09-25 11:06:52,663 [INFO] httpx: HTTP Request: POST http://test/api/v1/auth/register/admin "HTTP/1.1 201 Created"
2026-09-25 11:06:52,826 [INFO] httpx: HTTP Request: POST http://test/api/v1/auth/register/admin "HTTP/1.1 201 Created"
2026-09-25 11:06:52,987 [INFO] httpx: HTTP Request: POST http://test/api/v1/auth/register/admin "HTTP/1.1 201 Created"
2026-09-25 11:06:52,987 [INFO] httpx: HTTP Request: POST http://test/api/v1/auth/register/admin "HTTP/1.1 429 Too Many Requests"
2026-09-25 11:06:53,013 [INFO] httpx: HTTP Request: POST http://test/api/v1/auth/register/admin "HTTP/1.1 403 Forbidden"
2026-09-25 11:06:53,059 [INFO] httpx: HTTP Request: POST http://test/api/v1/auth/register/admin "HTTP/1.1 403 Forbidden"
2026-09-25 11:06:53,061 [INFO] httpx: HTTP Request: POST http://test/api/v1/auth/register/admin "HTTP/1.1 403 Forbidden"
2026-09-25 11:06:53,255 [INFO] httpx: HTTP Request: POST http://test/api/v1/auth/register/admin "HTTP/1.1 201 Created"
2026-09-25 11:06:53,438 [INFO] httpx: HTTP Request: POST http://test/api/v1/auth/register/admin "HTTP/1.1 201 Created"
2026-09-25 11:06:53,444 [INFO] httpx: HTTP Request: POST http://test/api/v1/scenarios/ "HTTP/1.1 201 Created"
2026-09-25 11:06:53,623 [INFO] httpx: HTTP Request: POST http://test/api/v1/auth/register "HTTP/1.1 201 Created"
2026-09-25 11:06:53,626 [INFO] httpx: HTTP Request: POST http://test/api/v1/auth/onboarding "HTTP/1.1 200 OK"
2026-09-25 11:06:53,628 [INFO] httpx: HTTP Request: POST http://test/api/v1/scenarios/ "HTTP/1.1 403 Forbidden"
2026-09-25 11:06:53,808 [INFO] httpx: HTTP Request: POST http://test/api/v1/auth/register/admin "HTTP/1.1 201 Created"
2026-09-25 11:06:53,811 [INFO] httpx: HTTP Request: GET http://test/api/v1/scenarios/my "HTTP/1.1 200 OK"
2026-09-25 11:06:53,987 [INFO] httpx: HTTP Request: POST http://test/api/v1/auth/register/admin "HTTP/1.1 201 Created"
2026-09-25 11:06:54,150 [INFO] httpx: HTTP Request: POST http://test/api/v1/auth/register/admin "HTTP/1.1 201 Created"
2026-09-25 11:06:54,155 [INFO] httpx: HTTP Request: POST http://test/api/v1/scenarios/ "HTTP/1.1 201 Created"
2026-09-25 11:06:54,158 [INFO] httpx: HTTP Request: POST http://test/api/v1/scenarios/ "HTTP/1.1 201 Created"
2026-09-25 11:06:54,161 [INFO] httpx: HTTP Request: GET http://test/api/v1/scenarios/my "HTTP/1.1 200 OK"
2026-09-25 11:06:54,339 [INFO] httpx: HTTP Request: POST http://test/api/v1/auth/register/admin "HTTP/1.1 201 Created"
2026-09-25 11:06:54,344 [INFO] httpx: HTTP Request: POST http://test/api/v1/scenarios/ "HTTP/1.1 201 Created"
2026-09-25 11:06:54,346 [INFO] httpx: HTTP Request: POST http://test/api/v1/scenarios/pub-case/publish "HTTP/1.1 400 Bad Request"
2026-09-25 11:06:54,522 [INFO] httpx: HTTP Request: POST http://test/api/v1/auth/register/admin "HTTP/1.1 201 Created"
2026-09-25 11:06:54,527 [INFO] httpx: HTTP Request: POST http://test/api/v1/scenarios/ "HTTP/1.1 201 Created"
2026-09-25 11:06:54,529 [INFO] httpx: HTTP Request: POST http://test/api/v1/scenarios/pub-mid/publish "HTTP/1.1 400 Bad Request"
2026-09-25 11:06:54,703 [INFO] httpx: HTTP Request: POST http://test/api/v1/auth/register/admin "HTTP/1.1 201 Created"
2026-09-25 11:06:54,708 [INFO] httpx: HTTP Request: POST http://test/api/v1/scenarios/ "HTTP/1.1 201 Created"
2026-09-25 11:06:54,711 [INFO] httpx: HTTP Request: POST http://test/api/v1/scenarios/ready-case/publish "HTTP/1.1 200 OK"
2026-09-25 11:06:54,892 [INFO] httpx: HTTP Request: POST http://test/api/v1/auth/register/admin "HTTP/1.1 201 Created"
2026-09-25 11:06:55,054 [INFO] httpx: HTTP Request: POST http://test/api/v1/auth/register/admin "HTTP/1.1 201 Created"
2026-09-25 11:06:55,059 [INFO] httpx: HTTP Request: POST http://test/api/v1/scenarios/ "HTTP/1.1 201 Created"
2026-09-25 11:06:55,061 [INFO] httpx: HTTP Request: POST http://test/api/v1/scenarios/owner-case/publish "HTTP/1.1 403 Forbidden"
2026-09-25 11:06:55,236 [INFO] httpx: HTTP Request: POST http://test/api/v1/auth/register/admin "HTTP/1.1 201 Created"
2026-09-25 11:06:55,241 [INFO] httpx: HTTP Request: POST http://test/api/v1/scenarios/ "HTTP/1.1 201 Created"
2026-09-25 11:06:55,244 [INFO] httpx: HTTP Request: POST http://test/api/v1/scenarios/arch-case/publish "HTTP/1.1 200 OK"
2026-09-25 11:06:55,246 [INFO] httpx: HTTP Request: POST http://test/api/v1/scenarios/arch-case/archive "HTTP/1.1 200 OK"
2026-09-25 11:06:55,423 [INFO] httpx: HTTP Request: POST http://test/api/v1/auth/register/admin "HTTP/1.1 201 Created"
2026-09-25 11:06:55,428 [INFO] httpx: HTTP Request: POST http://test/api/v1/scenarios/ "HTTP/1.1 201 Created"
2026-09-25 11:06:55,431 [INFO] httpx: HTTP Request: POST http://test/api/v1/scenarios/hidden-case/publish "HTTP/1.1 200 OK"
2026-09-25 11:06:55,432 [INFO] httpx: HTTP Request: GET http://test/api/v1/scenarios/ "HTTP/1.1 200 OK"
2026-09-25 11:06:55,608 [INFO] httpx: HTTP Request: POST http://test/api/v1/auth/register/admin "HTTP/1.1 201 Created"
2026-09-25 11:06:55,614 [INFO] httpx: HTTP Request: POST http://test/api/v1/scenarios/ "HTTP/1.1 201 Created"
2026-09-25 11:06:55,617 [INFO] httpx: HTTP Request: PUT http://test/api/v1/scenarios/upd-case "HTTP/1.1 200 OK"
2026-09-25 11:06:55,792 [INFO] httpx: HTTP Request: POST http://test/api/v1/auth/register/admin "HTTP/1.1 201 Created"
2026-09-25 11:06:55,955 [INFO] httpx: HTTP Request: POST http://test/api/v1/auth/register/admin "HTTP/1.1 201 Created"
2026-09-25 11:06:55,960 [INFO] httpx: HTTP Request: POST http://test/api/v1/scenarios/ "HTTP/1.1 201 Created"
2026-09-25 11:06:55,961 [INFO] httpx: HTTP Request: PUT http://test/api/v1/scenarios/protected-case "HTTP/1.1 403 Forbidden"
2026-09-25 11:06:55,982 [INFO] httpx: HTTP Request: POST http://test/api/v1/negotiation/start "HTTP/1.1 200 OK"
2026-09-25 11:06:55,986 [INFO] httpx: HTTP Request: POST http://test/api/v1/negotiation/message "HTTP/1.1 200 OK"
2026-09-25 11:06:55,998 [INFO] httpx: HTTP Request: POST http://test/api/v1/negotiation/end?session_id=9f1270d5-88cc-46f6-a0f8-6dcfe981b005 "HTTP/1.1 200 OK"
2026-09-25 11:06:56,045 [INFO] httpx: HTTP Request: POST http://test/api/v1/negotiation/start "HTTP/1.1 200 OK"
2026-09-25 11:06:56,049 [INFO] httpx: HTTP Request: POST http://test/api/v1/negotiation/message "HTTP/1.1 200 OK"
2026-09-25 11:06:56,058 [INFO] httpx: HTTP Request: POST http://test/api/v1/negotiation/end?session_id=f03e93ad-72fb-419f-99a8-bc24ef471635 "HTTP/1.1 200 OK"
2026-09-25 11:06:56,060 [INFO] httpx: HTTP Request: GET http://test/api/v1/negotiation/analysis/f03e93ad-72fb-419f-99a8-bc24ef471635 "HTTP/1.1 200 OK"
2026-09-25 11:06:56,084 [INFO] httpx: HTTP Request: POST http://test/api/v1/negotiation/start "HTTP/1.1 200 OK"
2026-09-25 11:06:56,089 [INFO] httpx: HTTP Request: POST http://test/api/v1/negotiation/message "HTTP/1.1 200 OK"
2026-09-25 11:06:56,097 [INFO] httpx: HTTP Request: POST http://test/api/v1/negotiation/end?session_id=22cc4966-a0a3-4011-9cf0-dd110e9bcf5b "HTTP/1.1 200 OK"
2026-09-25 11:06:56,294 [INFO] httpx: HTTP Request: POST http://test/api/v1/auth/register "HTTP/1.1 201 Created"
2026-09-25 11:06:56,306 [INFO] httpx: HTTP Request: POST http://test/api/v1/auth/register "HTTP/1.1 422 Unprocessable Entity"
2026-09-25 11:06:56,335 [INFO] httpx: HTTP Request: POST http://test/api/v1/auth/register "HTTP/1.1 400 Bad Request"
2026-09-25 11:06:56,515 [INFO] httpx: HTTP Request: POST http://test/api/v1/auth/register "HTTP/1.1 201 Created"
2026-09-25 11:06:56,693 [INFO] httpx: HTTP Request: POST http://test/api/v1/auth/register "HTTP/1.1 201 Created"
2026-09-25 11:06:56,855 [INFO] httpx: HTTP Request: POST http://test/api/v1/auth/login "HTTP/1.1 200 OK"
2026-09-25 11:06:57,047 [INFO] httpx: HTTP Request: POST http://test/api/v1/auth/register "HTTP/1.1 201 Created"
2026-09-25 11:06:57,209 [INFO] httpx: HTTP Request: POST http://test/api/v1/auth/login "HTTP/1.1 401 Unauthorized"
2026-09-25 11:06:57,394 [INFO] httpx: HTTP Request: POST http://test/api/v1/auth/register "HTTP/1.1 201 Created"
2026-09-25 11:06:57,397 [INFO] httpx: HTTP Request: POST http://test/api/v1/auth/onboarding "HTTP/1.1 200 OK"
2026-09-25 11:06:57,575 [INFO] httpx: HTTP Request: POST http://test/api/v1/auth/register "HTTP/1.1 201 Created"
2026-09-25 11:06:57,577 [INFO] httpx: HTTP Request: POST http://test/api/v1/auth/onboarding "HTTP/1.1 400 Bad Request"
2026-09-25 11:06:57,756 [INFO] httpx: HTTP Request: POST http://test/api/v1/auth/register "HTTP/1.1 201 Created"
2026-09-25 11:06:57,758 [INFO] httpx: HTTP Request: POST http://test/api/v1/auth/onboarding "HTTP/1.1 422 Unprocessable Entity"
2026-09-25 11:06:57,936 [INFO] httpx: HTTP Request: POST http://test/api/v1/auth/register/admin "HTTP/1.1 201 Created"
2026-09-25 11:06:57,957 [INFO] httpx: HTTP Request: POST http://test/api/v1/auth/register/admin "HTTP/1.1 422 Unprocessable Entity"
2026-09-25 11:06:57,973 [INFO] httpx: HTTP Request: POST http://test/api/v1/auth/register/admin "HTTP/1.1 400 Bad Request"
2026-09-25 11:06:58,151 [INFO] httpx: HTTP Request: POST http://test/api/v1/auth/register/admin "HTTP/1.1 201 Created"
2026-09-25 11:06:58,317 [INFO] httpx: HTTP Request: POST http://test/api/v1/auth/login/admin "HTTP/1.1 200 OK"
2026-09-25 11:06:58,492 [INFO] httpx: HTTP Request: POST http://test/api/v1/auth/register "HTTP/1.1 201 Created"
2026-09-25 11:06:58,653 [INFO] httpx: HTTP Request: POST http://test/api/v1/auth/login/admin "HTTP/1.1 403 Forbidden"
2026-09-25 11:06:58,830 [INFO] httpx: HTTP Request: POST http://test/api/v1/auth/register/admin "HTTP/1.1 201 Created"
2026-09-25 11:06:58,994 [INFO] httpx: HTTP Request: POST http://test/api/v1/auth/login/admin "HTTP/1.1 401 Unauthorized"
2026-09-25 11:06:59,172 [INFO] httpx: HTTP Request: POST http://test/api/v1/auth/register "HTTP/1.1 201 Created"
2026-09-25 11:06:59,174 [INFO] httpx: HTTP Request: GET http://test/api/v1/auth/me "HTTP/1.1 200 OK"
2026-09-25 11:06:59,185 [INFO] httpx: HTTP Request: GET http://test/api/v1/auth/me "HTTP/1.1 401 Unauthorized"
2026-09-25 11:06:59,362 [INFO] httpx: HTTP Request: POST http://test/api/v1/auth/register/admin "HTTP/1.1 201 Created"
2026-09-25 11:06:59,364 [INFO] httpx: HTTP Request: GET http://test/api/v1/auth/me "HTTP/1.1 200 OK"
2026-09-25 11:06:59,539 [INFO] httpx: HTTP Request: POST http://test/api/v1/auth/register/admin "HTTP/1.1 201 Created"
2026-09-25 11:06:59,542 [INFO] httpx: HTTP Request: POST http://test/api/v1/auth/onboarding "HTTP/1.1 403 Forbidden"
2026-09-25 11:06:59,557 [INFO] httpx: HTTP Request: GET http://test/api/v1/auth/me "HTTP/1.1 200 OK"
2026-09-25 11:06:59,739 [INFO] httpx: HTTP Request: POST http://test/api/v1/auth/register "HTTP/1.1 201 Created"
2026-09-25 11:06:59,741 [INFO] httpx: HTTP Request: GET http://test/api/v1/auth/me "HTTP/1.1 200 OK"
2026-09-25 11:06:59,766 [INFO] httpx: HTTP Request: GET http://test/api/v1/negotiation/briefing/scenario-1 "HTTP/1.1 200 OK"
2026-09-25 11:06:59,781 [INFO] httpx: HTTP Request: GET http://test/api/v1/negotiation/briefing/scenario-1 "HTTP/1.1 200 OK"
2026-09-25 11:06:59,796 [INFO] httpx: HTTP Request: GET http://test/api/v1/negotiation/briefing/ghost "HTTP/1.1 404 Not Found"
2026-09-25 11:06:59,809 [INFO] httpx: HTTP Request: GET http://test/api/v1/negotiation/briefing/scenario-1 "HTTP/1.1 401 Unauthorized"
2026-09-25 11:06:59,988 [INFO] httpx: HTTP Request: POST http://test/api/v1/auth/register/admin "HTTP/1.1 201 Created"
2026-09-25 11:06:59,990 [INFO] httpx: HTTP Request: GET http://test/api/v1/negotiation/briefing/scenario-1 "HTTP/1.1 403 Forbidden"
2026-09-25 11:07:00,002 [INFO] httpx: HTTP Request: POST http://test/api/v1/auth/register "HTTP/1.1 400 Bad Request"
2026-09-25 11:07:00,182 [INFO] httpx: HTTP Request: POST http://test/api/v1/auth/register "HTTP/1.1 201 Created"
2026-09-25 11:07:00,195 [INFO] httpx: HTTP Request: POST http://test/api/v1/auth/register "HTTP/1.1 422 Unprocessable Entity"
2026-09-25 11:07:00,373 [INFO] httpx: HTTP Request: POST http://test/api/v1/auth/register "HTTP/1.1 201 Created"
2026-09-25 11:07:00,375 [INFO] httpx: HTTP Request: GET http://test/api/v1/auth/me "HTTP/1.1 200 OK"
2026-09-25 11:07:00,386 [INFO] httpx: HTTP Request: POST http://test/api/v1/auth/register/admin "HTTP/1.1 400 Bad Request"
2026-09-25 11:07:00,398 [INFO] httpx: HTTP Request: POST http://test/api/v1/auth/register/admin "HTTP/1.1 422 Unprocessable Entity"
2026-09-25 11:07:00,576 [INFO] httpx: HTTP Request: POST http://test/api/v1/auth/register/admin "HTTP/1.1 201 Created"
2026-09-25 11:07:00,581 [INFO] httpx: HTTP Request: POST http://test/api/v1/scenarios/ "HTTP/1.1 201 Created"
2026-09-25 11:07:00,585 [INFO] httpx: HTTP Request: DELETE http://test/api/v1/scenarios/to-delete "HTTP/1.1 204 No Content"
2026-09-25 11:07:00,586 [INFO] httpx: HTTP Request: GET http://test/api/v1/scenarios/to-delete "HTTP/1.1 404 Not Found"
2026-09-25 11:07:00,765 [INFO] httpx: HTTP Request: POST http://test/api/v1/auth/register/admin "HTTP/1.1 201 Created"
2026-09-25 11:07:00,934 [INFO] httpx: HTTP Request: POST http://test/api/v1/auth/register/admin "HTTP/1.1 201 Created"
2026-09-25 11:07:00,939 [INFO] httpx: HTTP Request: POST http://test/api/v1/scenarios/ "HTTP/1.1 201 Created"
2026-09-25 11:07:00,940 [INFO] httpx: HTTP Request: DELETE http://test/api/v1/scenarios/protected-del "HTTP/1.1 403 Forbidden"
2026-09-25 11:07:01,114 [INFO] httpx: HTTP Request: POST http://test/api/v1/auth/register/admin "HTTP/1.1 201 Created"
2026-09-25 11:07:01,117 [INFO] httpx: HTTP Request: DELETE http://test/api/v1/scenarios/ghost "HTTP/1.1 404 Not Found"
2026-09-25 11:07:01,298 [INFO] httpx: HTTP Request: POST http://test/api/v1/auth/register/admin "HTTP/1.1 201 Created"
2026-09-25 11:07:01,302 [INFO] httpx: HTTP Request: POST http://test/api/v1/scenarios/ "HTTP/1.1 201 Created"
2026-09-25 11:07:01,305 [INFO] httpx: HTTP Request: POST http://test/api/v1/scenarios/detach-case/publish "HTTP/1.1 200 OK"
2026-09-25 11:07:01,309 [INFO] httpx: HTTP Request: POST http://test/api/v1/negotiation/start "HTTP/1.1 200 OK"
2026-09-25 11:07:01,313 [INFO] httpx: HTTP Request: DELETE http://test/api/v1/scenarios/detach-case "HTTP/1.1 204 No Content"
2026-09-25 11:07:01,316 [INFO] httpx: HTTP Request: GET http://test/api/v1/negotiation/sessions/user-1 "HTTP/1.1 200 OK"
2026-09-25 11:07:01,496 [INFO] httpx: HTTP Request: POST http://test/api/v1/auth/register/admin "HTTP/1.1 201 Created"
2026-09-25 11:07:01,500 [INFO] httpx: HTTP Request: POST http://test/api/v1/scenarios/ "HTTP/1.1 201 Created"
2026-09-25 11:07:01,503 [INFO] httpx: HTTP Request: POST http://test/api/v1/scenarios/fk-case/publish "HTTP/1.1 200 OK"
2026-09-25 11:07:01,511 [INFO] httpx: HTTP Request: POST http://test/api/v1/invite/DDhIZ6FofDkkqEsQ "HTTP/1.1 200 OK"
2026-09-25 11:07:01,514 [INFO] httpx: HTTP Request: GET http://test/api/v1/users/user-1/added-cases "HTTP/1.1 200 OK"
2026-09-25 11:07:01,517 [INFO] httpx: HTTP Request: DELETE http://test/api/v1/scenarios/fk-case "HTTP/1.1 204 No Content"
2026-09-25 11:07:01,519 [INFO] httpx: HTTP Request: GET http://test/api/v1/users/user-1/added-cases "HTTP/1.1 200 OK"
2026-09-25 11:07:01,531 [INFO] httpx: HTTP Request: GET http://test/api/v1/health/ "HTTP/1.1 200 OK"
2026-09-25 11:07:01,548 [INFO] httpx: HTTP Request: GET http://test/ "HTTP/1.1 200 OK"
2026-09-25 11:07:01,559 [INFO] httpx: HTTP Request: GET http://test/api/v1/health/ "HTTP/1.1 200 OK"
2026-09-25 11:07:01,577 [INFO] httpx: HTTP Request: GET http://test/api/v1/negotiation/sessions/user-1 "HTTP/1.1 200 OK"
2026-09-25 11:07:01,595 [INFO] httpx: HTTP Request: POST http://test/api/v1/negotiation/start "HTTP/1.1 200 OK"
2026-09-25 11:07:01,597 [INFO] httpx: HTTP Request: GET http://test/api/v1/negotiation/sessions/user-1 "HTTP/1.1 200 OK"
2026-09-25 11:07:01,616 [INFO] httpx: HTTP Request: POST http://test/api/v1/negotiation/start "HTTP/1.1 200 OK"
2026-09-25 11:07:01,620 [INFO] httpx: HTTP Request: POST http://test/api/v1/negotiation/message "HTTP/1.1 200 OK"
2026-09-25 11:07:01,623 [INFO] httpx: HTTP Request: GET http://test/api/v1/negotiation/sessions/2f2f06c8-c1bc-4d7d-bc31-0814202a9078/messages "HTTP/1.1 200 OK"
2026-09-25 11:07:01,654 [INFO] httpx: HTTP Request: POST http://test/api/v1/negotiation/start "HTTP/1.1 200 OK"
2026-09-25 11:07:01,658 [INFO] httpx: HTTP Request: POST http://test/api/v1/negotiation/10fb51c8-9803-4e72-a5b8-4c80c1016e89/interrupt "HTTP/1.1 200 OK"
2026-09-25 11:07:01,676 [INFO] httpx: HTTP Request: POST http://test/api/v1/negotiation/start "HTTP/1.1 200 OK"
2026-09-25 11:07:01,680 [INFO] httpx: HTTP Request: POST http://test/api/v1/negotiation/2a2287bc-ee5a-4b90-8707-91b054427986/interrupt "HTTP/1.1 200 OK"
2026-09-25 11:07:01,682 [INFO] httpx: HTTP Request: POST http://test/api/v1/negotiation/2a2287bc-ee5a-4b90-8707-91b054427986/interrupt "HTTP/1.1 200 OK"
2026-09-25 11:07:01,700 [INFO] httpx: HTTP Request: POST http://test/api/v1/negotiation/start "HTTP/1.1 200 OK"
2026-09-25 11:07:01,704 [INFO] httpx: HTTP Request: POST http://test/api/v1/negotiation/message "HTTP/1.1 200 OK"
2026-09-25 11:07:01,713 [INFO] httpx: HTTP Request: POST http://test/api/v1/negotiation/end?session_id=d1576b45-5948-4da0-8944-7808cb6ccd12 "HTTP/1.1 200 OK"
2026-09-25 11:07:01,715 [INFO] httpx: HTTP Request: POST http://test/api/v1/negotiation/d1576b45-5948-4da0-8944-7808cb6ccd12/interrupt "HTTP/1.1 400 Bad Request"
2026-09-25 11:07:01,731 [INFO] httpx: HTTP Request: POST http://test/api/v1/negotiation/ghost-session/interrupt "HTTP/1.1 404 Not Found"
2026-09-25 11:07:01,750 [INFO] httpx: HTTP Request: POST http://test/api/v1/negotiation/start "HTTP/1.1 200 OK"
2026-09-25 11:07:01,753 [INFO] httpx: HTTP Request: POST http://test/api/v1/negotiation/07fcb84e-7b4e-452f-8fdd-98fbe90309ec/interrupt "HTTP/1.1 200 OK"
2026-09-25 11:07:01,755 [INFO] httpx: HTTP Request: POST http://test/api/v1/negotiation/message "HTTP/1.1 400 Bad Request"
2026-09-25 11:07:01,773 [INFO] httpx: HTTP Request: POST http://test/api/v1/negotiation/start "HTTP/1.1 200 OK"
2026-09-25 11:07:01,776 [INFO] httpx: HTTP Request: POST http://test/api/v1/negotiation/30f29d5e-a6c7-4169-95ea-d16ff14f403c/interrupt "HTTP/1.1 200 OK"
2026-09-25 11:07:01,778 [INFO] httpx: HTTP Request: POST http://test/api/v1/negotiation/end?session_id=30f29d5e-a6c7-4169-95ea-d16ff14f403c "HTTP/1.1 400 Bad Request"
2026-09-25 11:07:01,794 [INFO] httpx: HTTP Request: GET http://test/api/v1/users/user-1/interrupted-session "HTTP/1.1 200 OK"
2026-09-25 11:07:01,812 [INFO] httpx: HTTP Request: POST http://test/api/v1/negotiation/start "HTTP/1.1 200 OK"
2026-09-25 11:07:01,815 [INFO] httpx: HTTP Request: POST http://test/api/v1/negotiation/start "HTTP/1.1 200 OK"
2026-09-25 11:07:01,819 [INFO] httpx: HTTP Request: POST http://test/api/v1/negotiation/e22c0fcf-d19c-4292-8e59-12c55881dc42/interrupt "HTTP/1.1 200 OK"
2026-09-25 11:07:01,821 [INFO] httpx: HTTP Request: POST http://test/api/v1/negotiation/d58d04bf-dca1-4088-9f5f-9cbbafeddb3d/interrupt "HTTP/1.1 200 OK"
2026-09-25 11:07:01,825 [INFO] httpx: HTTP Request: GET http://test/api/v1/users/user-1/interrupted-session "HTTP/1.1 200 OK"
2026-09-25 11:07:01,838 [INFO] httpx: HTTP Request: GET http://test/api/v1/users/user-1/interrupted-session "HTTP/1.1 401 Unauthorized"
2026-09-25 11:07:02,015 [INFO] httpx: HTTP Request: POST http://test/api/v1/auth/register/admin "HTTP/1.1 201 Created"
2026-09-25 11:07:02,019 [INFO] httpx: HTTP Request: POST http://test/api/v1/scenarios/ "HTTP/1.1 201 Created"
2026-09-25 11:07:02,022 [INFO] httpx: HTTP Request: POST http://test/api/v1/scenarios/prev-case/publish "HTTP/1.1 200 OK"
2026-09-25 11:07:02,026 [INFO] httpx: HTTP Request: GET http://test/api/v1/invite/onOryXe4-w8ZlUDO "HTTP/1.1 200 OK"
2026-09-25 11:07:02,038 [INFO] httpx: HTTP Request: GET http://test/api/v1/invite/nonexistent-code-xyz "HTTP/1.1 404 Not Found"
2026-09-25 11:07:02,213 [INFO] httpx: HTTP Request: POST http://test/api/v1/auth/register/admin "HTTP/1.1 201 Created"
2026-09-25 11:07:02,218 [INFO] httpx: HTTP Request: POST http://test/api/v1/scenarios/ "HTTP/1.1 201 Created"
2026-09-25 11:07:02,221 [INFO] httpx: HTTP Request: POST http://test/api/v1/scenarios/arch-prev-case/publish "HTTP/1.1 200 OK"
2026-09-25 11:07:02,224 [INFO] httpx: HTTP Request: POST http://test/api/v1/scenarios/arch-prev-case/archive "HTTP/1.1 200 OK"
2026-09-25 11:07:02,226 [INFO] httpx: HTTP Request: GET http://test/api/v1/invite/SVT9kpH86Dw16LiU "HTTP/1.1 410 Gone"
2026-09-25 11:07:02,405 [INFO] httpx: HTTP Request: POST http://test/api/v1/auth/register/admin "HTTP/1.1 201 Created"
2026-09-25 11:07:02,409 [INFO] httpx: HTTP Request: POST http://test/api/v1/scenarios/ "HTTP/1.1 201 Created"
2026-09-25 11:07:02,411 [INFO] httpx: HTTP Request: POST http://test/api/v1/scenarios/accept-case/publish "HTTP/1.1 200 OK"
2026-09-25 11:07:02,415 [INFO] httpx: HTTP Request: POST http://test/api/v1/invite/GqS8CrLcNaczgzSi "HTTP/1.1 200 OK"
2026-09-25 11:07:02,591 [INFO] httpx: HTTP Request: POST http://test/api/v1/auth/register/admin "HTTP/1.1 201 Created"
2026-09-25 11:07:02,595 [INFO] httpx: HTTP Request: POST http://test/api/v1/scenarios/ "HTTP/1.1 201 Created"
2026-09-25 11:07:02,597 [INFO] httpx: HTTP Request: POST http://test/api/v1/scenarios/idem-case/publish "HTTP/1.1 200 OK"
2026-09-25 11:07:02,601 [INFO] httpx: HTTP Request: POST http://test/api/v1/invite/zQU4lpH5a5NoUXQQ "HTTP/1.1 200 OK"
2026-09-25 11:07:02,602 [INFO] httpx: HTTP Request: POST http://test/api/v1/invite/zQU4lpH5a5NoUXQQ "HTTP/1.1 200 OK"
2026-09-25 11:07:02,784 [INFO] httpx: HTTP Request: POST http://test/api/v1/auth/register/admin "HTTP/1.1 201 Created"
2026-09-25 11:07:02,790 [INFO] httpx: HTTP Request: POST http://test/api/v1/scenarios/ "HTTP/1.1 201 Created"
2026-09-25 11:07:02,792 [INFO] httpx: HTTP Request: POST http://test/api/v1/scenarios/noauth-case/publish "HTTP/1.1 200 OK"
2026-09-25 11:07:02,793 [INFO] httpx: HTTP Request: POST http://test/api/v1/invite/7KxalRGlNfUdE7bp "HTTP/1.1 401 Unauthorized"
2026-09-25 11:07:02,978 [INFO] httpx: HTTP Request: POST http://test/api/v1/auth/register/admin "HTTP/1.1 201 Created"
2026-09-25 11:07:03,143 [INFO] httpx: HTTP Request: POST http://test/api/v1/auth/register/admin "HTTP/1.1 201 Created"
2026-09-25 11:07:03,148 [INFO] httpx: HTTP Request: POST http://test/api/v1/scenarios/ "HTTP/1.1 201 Created"
2026-09-25 11:07:03,152 [INFO] httpx: HTTP Request: POST http://test/api/v1/scenarios/admin-inv-case/publish "HTTP/1.1 200 OK"
2026-09-25 11:07:03,153 [INFO] httpx: HTTP Request: POST http://test/api/v1/invite/NmBqFsPt3wvTtpFG "HTTP/1.1 403 Forbidden"
2026-09-25 11:07:03,168 [INFO] httpx: HTTP Request: GET http://test/api/v1/users/user-1/added-cases "HTTP/1.1 200 OK"
2026-09-25 11:07:03,346 [INFO] httpx: HTTP Request: POST http://test/api/v1/auth/register/admin "HTTP/1.1 201 Created"
2026-09-25 11:07:03,350 [INFO] httpx: HTTP Request: POST http://test/api/v1/scenarios/ "HTTP/1.1 201 Created"
2026-09-25 11:07:03,353 [INFO] httpx: HTTP Request: POST http://test/api/v1/scenarios/list-add-case/publish "HTTP/1.1 200 OK"
2026-09-25 11:07:03,357 [INFO] httpx: HTTP Request: POST http://test/api/v1/invite/f9cotbVFs_9QhwEP "HTTP/1.1 200 OK"
2026-09-25 11:07:03,359 [INFO] httpx: HTTP Request: GET http://test/api/v1/users/user-1/added-cases "HTTP/1.1 200 OK"
2026-09-25 11:07:03,539 [INFO] httpx: HTTP Request: POST http://test/api/v1/auth/register "HTTP/1.1 201 Created"
2026-09-25 11:07:03,542 [INFO] httpx: HTTP Request: POST http://test/api/v1/auth/onboarding "HTTP/1.1 200 OK"
2026-09-25 11:07:03,548 [INFO] httpx: HTTP Request: POST http://test/api/v1/negotiation/start "HTTP/1.1 200 OK"
2026-09-25 11:07:03,736 [INFO] httpx: HTTP Request: POST http://test/api/v1/auth/register "HTTP/1.1 201 Created"
2026-09-25 11:07:03,739 [INFO] httpx: HTTP Request: POST http://test/api/v1/auth/onboarding "HTTP/1.1 200 OK"
2026-09-25 11:07:03,742 [INFO] httpx: HTTP Request: POST http://test/api/v1/negotiation/start "HTTP/1.1 404 Not Found"
2026-09-25 11:07:03,920 [INFO] httpx: HTTP Request: POST http://test/api/v1/auth/register "HTTP/1.1 201 Created"
2026-09-25 11:07:03,923 [INFO] httpx: HTTP Request: POST http://test/api/v1/auth/onboarding "HTTP/1.1 200 OK"
2026-09-25 11:07:03,929 [INFO] httpx: HTTP Request: POST http://test/api/v1/negotiation/start "HTTP/1.1 200 OK"
2026-09-25 11:07:03,934 [INFO] httpx: HTTP Request: POST http://test/api/v1/negotiation/message "HTTP/1.1 200 OK"
2026-09-25 11:07:04,126 [INFO] httpx: HTTP Request: POST http://test/api/v1/auth/register "HTTP/1.1 201 Created"
2026-09-25 11:07:04,130 [INFO] httpx: HTTP Request: POST http://test/api/v1/auth/onboarding "HTTP/1.1 200 OK"
2026-09-25 11:07:04,134 [INFO] httpx: HTTP Request: POST http://test/api/v1/negotiation/message "HTTP/1.1 404 Not Found"
2026-09-25 11:07:04,315 [INFO] httpx: HTTP Request: POST http://test/api/v1/auth/register "HTTP/1.1 201 Created"
2026-09-25 11:07:04,318 [INFO] httpx: HTTP Request: POST http://test/api/v1/auth/onboarding "HTTP/1.1 200 OK"
2026-09-25 11:07:04,324 [INFO] httpx: HTTP Request: POST http://test/api/v1/negotiation/start "HTTP/1.1 200 OK"
2026-09-25 11:07:04,328 [INFO] httpx: HTTP Request: POST http://test/api/v1/negotiation/message "HTTP/1.1 200 OK"
2026-09-25 11:07:04,336 [INFO] httpx: HTTP Request: POST http://test/api/v1/negotiation/end?session_id=2996e0d4-2b4c-4e03-81f7-0407d760366d "HTTP/1.1 200 OK"
2026-09-25 11:07:04,517 [INFO] httpx: HTTP Request: POST http://test/api/v1/auth/register "HTTP/1.1 201 Created"
2026-09-25 11:07:04,521 [INFO] httpx: HTTP Request: POST http://test/api/v1/auth/onboarding "HTTP/1.1 200 OK"
2026-09-25 11:07:04,526 [INFO] httpx: HTTP Request: POST http://test/api/v1/negotiation/start "HTTP/1.1 200 OK"
2026-09-25 11:07:04,530 [INFO] httpx: HTTP Request: POST http://test/api/v1/negotiation/message "HTTP/1.1 200 OK"
2026-09-25 11:07:04,539 [INFO] httpx: HTTP Request: POST http://test/api/v1/negotiation/end?session_id=edf888c5-fb3d-4b67-b81a-7be8db4de055 "HTTP/1.1 200 OK"
2026-09-25 11:07:04,542 [INFO] httpx: HTTP Request: GET http://test/api/v1/negotiation/analysis/edf888c5-fb3d-4b67-b81a-7be8db4de055 "HTTP/1.1 200 OK"
2026-09-25 11:07:04,756 [INFO] httpx: HTTP Request: POST http://test/api/v1/auth/register "HTTP/1.1 201 Created"
2026-09-25 11:07:04,760 [INFO] httpx: HTTP Request: POST http://test/api/v1/auth/onboarding "HTTP/1.1 200 OK"
2026-09-25 11:07:04,766 [INFO] httpx: HTTP Request: POST http://test/api/v1/negotiation/start "HTTP/1.1 200 OK"
2026-09-25 11:07:04,771 [INFO] httpx: HTTP Request: POST http://test/api/v1/negotiation/message "HTTP/1.1 200 OK"
2026-09-25 11:07:04,782 [INFO] httpx: HTTP Request: POST http://test/api/v1/negotiation/end?session_id=bbbaaec6-a1da-4630-a718-82b3c2d35e98 "HTTP/1.1 200 OK"
2026-09-25 11:07:04,784 [INFO] httpx: HTTP Request: POST http://test/api/v1/negotiation/message "HTTP/1.1 400 Bad Request"
2026-09-25 11:07:04,973 [INFO] httpx: HTTP Request: POST http://test/api/v1/auth/register/admin "HTTP/1.1 201 Created"
2026-09-25 11:07:04,975 [INFO] httpx: HTTP Request: POST http://test/api/v1/negotiation/start "HTTP/1.1 403 Forbidden"
2026-09-25 11:07:04,999 [INFO] httpx: HTTP Request: POST http://test/api/v1/negotiation/start "HTTP/1.1 401 Unauthorized"
2026-09-25 11:07:05,204 [INFO] httpx: HTTP Request: POST http://test/api/v1/auth/register "HTTP/1.1 201 Created"
2026-09-25 11:07:05,207 [INFO] httpx: HTTP Request: POST http://test/api/v1/auth/onboarding "HTTP/1.1 200 OK"
2026-09-25 11:07:05,212 [INFO] httpx: HTTP Request: POST http://test/api/v1/negotiation/start "HTTP/1.1 200 OK"
2026-09-25 11:07:05,216 [INFO] httpx: HTTP Request: POST http://test/api/v1/negotiation/message "HTTP/1.1 200 OK"
2026-09-25 11:07:05,225 [INFO] httpx: HTTP Request: POST http://test/api/v1/negotiation/end?session_id=fd680bbd-1ce2-4351-b237-0a01626a9dde "HTTP/1.1 200 OK"
2026-09-25 11:07:05,226 [INFO] httpx: HTTP Request: GET http://test/api/v1/negotiation/analysis/fd680bbd-1ce2-4351-b237-0a01626a9dde "HTTP/1.1 403 Forbidden"
2026-09-25 11:07:05,406 [INFO] httpx: HTTP Request: POST http://test/api/v1/auth/register "HTTP/1.1 201 Created"
2026-09-25 11:07:05,409 [INFO] httpx: HTTP Request: POST http://test/api/v1/auth/onboarding "HTTP/1.1 200 OK"
2026-09-25 11:07:05,414 [INFO] httpx: HTTP Request: POST http://test/api/v1/negotiation/start "HTTP/1.1 200 OK"
2026-09-25 11:07:05,416 [INFO] httpx: HTTP Request: POST http://test/api/v1/negotiation/message "HTTP/1.1 403 Forbidden"
2026-09-25 11:07:05,601 [INFO] httpx: HTTP Request: POST http://test/api/v1/auth/register "HTTP/1.1 201 Created"
2026-09-25 11:07:05,604 [INFO] httpx: HTTP Request: POST http://test/api/v1/auth/onboarding "HTTP/1.1 200 OK"
2026-09-25 11:07:05,609 [INFO] httpx: HTTP Request: POST http://test/api/v1/negotiation/start "HTTP/1.1 200 OK"
2026-09-25 11:07:05,612 [INFO] httpx: HTTP Request: POST http://test/api/v1/negotiation/bcb4e057-2c95-48a0-ba1d-84e8030e29cf/interrupt "HTTP/1.1 403 Forbidden"
2026-09-25 11:07:05,791 [INFO] httpx: HTTP Request: POST http://test/api/v1/auth/register "HTTP/1.1 201 Created"
2026-09-25 11:07:05,794 [INFO] httpx: HTTP Request: POST http://test/api/v1/auth/onboarding "HTTP/1.1 200 OK"
2026-09-25 11:07:05,799 [INFO] httpx: HTTP Request: POST http://test/api/v1/negotiation/start "HTTP/1.1 200 OK"
2026-09-25 11:07:05,801 [INFO] httpx: HTTP Request: POST http://test/api/v1/negotiation/end?session_id=98ac38ee-cd07-4712-93d6-6f83fda90fab "HTTP/1.1 403 Forbidden"
2026-09-25 11:07:05,982 [INFO] httpx: HTTP Request: POST http://test/api/v1/auth/register "HTTP/1.1 201 Created"
2026-09-25 11:07:05,985 [INFO] httpx: HTTP Request: POST http://test/api/v1/auth/onboarding "HTTP/1.1 200 OK"
2026-09-25 11:07:05,987 [INFO] httpx: HTTP Request: GET http://test/api/v1/negotiation/sessions/user-1 "HTTP/1.1 403 Forbidden"
2026-09-25 11:07:06,171 [INFO] httpx: HTTP Request: POST http://test/api/v1/auth/register "HTTP/1.1 201 Created"
2026-09-25 11:07:06,174 [INFO] httpx: HTTP Request: POST http://test/api/v1/auth/onboarding "HTTP/1.1 200 OK"
2026-09-25 11:07:06,176 [INFO] httpx: HTTP Request: GET http://test/api/v1/users/user-1/skills "HTTP/1.1 403 Forbidden"
2026-09-25 11:07:06,356 [INFO] httpx: HTTP Request: POST http://test/api/v1/auth/register "HTTP/1.1 201 Created"
2026-09-25 11:07:06,359 [INFO] httpx: HTTP Request: POST http://test/api/v1/auth/onboarding "HTTP/1.1 200 OK"
2026-09-25 11:07:06,362 [INFO] httpx: HTTP Request: GET http://test/api/v1/users/user-1/recommendations "HTTP/1.1 403 Forbidden"
2026-09-25 11:07:06,565 [INFO] httpx: HTTP Request: POST http://test/api/v1/auth/register "HTTP/1.1 201 Created"
2026-09-25 11:07:06,569 [INFO] httpx: HTTP Request: POST http://test/api/v1/auth/onboarding "HTTP/1.1 200 OK"
2026-09-25 11:07:06,572 [INFO] httpx: HTTP Request: GET http://test/api/v1/negotiation/progress/user-1 "HTTP/1.1 403 Forbidden"
2026-09-25 11:07:06,590 [INFO] httpx: HTTP Request: POST http://test/api/v1/auth/register "HTTP/1.1 422 Unprocessable Entity"
2026-09-25 11:07:06,603 [INFO] httpx: HTTP Request: POST http://test/api/v1/auth/register "HTTP/1.1 422 Unprocessable Entity"
2026-09-25 11:07:06,616 [INFO] httpx: HTTP Request: POST http://test/api/v1/auth/register "HTTP/1.1 422 Unprocessable Entity"
2026-09-25 11:07:06,627 [INFO] httpx: HTTP Request: POST http://test/api/v1/auth/register "HTTP/1.1 422 Unprocessable Entity"
2026-09-25 11:07:06,805 [INFO] httpx: HTTP Request: POST http://test/api/v1/auth/register "HTTP/1.1 201 Created"
2026-09-25 11:07:06,982 [INFO] httpx: HTTP Request: POST http://test/api/v1/auth/register "HTTP/1.1 201 Created"
2026-09-25 11:07:07,166 [INFO] httpx: HTTP Request: POST http://test/api/v1/auth/register "HTTP/1.1 201 Created"
2026-09-25 11:07:07,179 [INFO] httpx: HTTP Request: POST http://test/api/v1/auth/register/admin "HTTP/1.1 422 Unprocessable Entity"
2026-09-25 11:07:07,366 [INFO] httpx: HTTP Request: POST http://test/api/v1/auth/register/admin "HTTP/1.1 201 Created"
2026-09-25 11:07:07,383 [INFO] httpx: HTTP Request: GET http://test/api/v1/negotiation/progress/user-1 "HTTP/1.1 200 OK"
2026-09-25 11:07:07,402 [INFO] httpx: HTTP Request: POST http://test/api/v1/negotiation/start "HTTP/1.1 200 OK"
2026-09-25 11:07:07,406 [INFO] httpx: HTTP Request: POST http://test/api/v1/negotiation/message "HTTP/1.1 200 OK"
2026-09-25 11:07:07,414 [INFO] httpx: HTTP Request: POST http://test/api/v1/negotiation/end?session_id=bac03ae6-d025-4445-9316-567138b4f49b "HTTP/1.1 200 OK"
2026-09-25 11:07:07,417 [INFO] httpx: HTTP Request: GET http://test/api/v1/negotiation/progress/user-1 "HTTP/1.1 200 OK"
2026-09-25 11:07:07,436 [INFO] httpx: HTTP Request: POST http://test/api/v1/negotiation/start "HTTP/1.1 200 OK"
2026-09-25 11:07:07,440 [INFO] httpx: HTTP Request: POST http://test/api/v1/negotiation/message "HTTP/1.1 200 OK"
2026-09-25 11:07:07,449 [INFO] httpx: HTTP Request: POST http://test/api/v1/negotiation/end?session_id=27010063-a1f5-45a2-b37c-62472da47be2 "HTTP/1.1 200 OK"
2026-09-25 11:07:07,452 [INFO] httpx: HTTP Request: POST http://test/api/v1/negotiation/start "HTTP/1.1 200 OK"
2026-09-25 11:07:07,455 [INFO] httpx: HTTP Request: POST http://test/api/v1/negotiation/message "HTTP/1.1 200 OK"
2026-09-25 11:07:07,461 [INFO] httpx: HTTP Request: POST http://test/api/v1/negotiation/end?session_id=6944665e-e8d4-4c1b-bb5a-8c5f5086cbec "HTTP/1.1 200 OK"
2026-09-25 11:07:07,464 [INFO] httpx: HTTP Request: GET http://test/api/v1/negotiation/progress/user-1 "HTTP/1.1 200 OK"
2026-09-25 11:07:07,476 [INFO] httpx: HTTP Request: GET http://test/api/v1/negotiation/progress/user-1 "HTTP/1.1 401 Unauthorized"
2026-09-25 11:07:07,659 [INFO] httpx: HTTP Request: POST http://test/api/v1/auth/register/admin "HTTP/1.1 201 Created"
2026-09-25 11:07:07,661 [INFO] httpx: HTTP Request: GET http://test/api/v1/negotiation/progress/user-1 "HTTP/1.1 403 Forbidden"
2026-09-25 11:07:07,674 [INFO] httpx: HTTP Request: GET http://test/api/v1/scenarios/ "HTTP/1.1 200 OK"
2026-09-25 11:07:07,689 [INFO] httpx: HTTP Request: GET http://test/api/v1/scenarios/ "HTTP/1.1 200 OK"
2026-09-25 11:07:07,703 [INFO] httpx: HTTP Request: GET http://test/api/v1/scenarios/scenario-1 "HTTP/1.1 200 OK"
2026-09-25 11:07:07,717 [INFO] httpx: HTTP Request: GET http://test/api/v1/scenarios/nonexistent "HTTP/1.1 404 Not Found"
2026-09-25 11:07:07,903 [INFO] httpx: HTTP Request: POST http://test/api/v1/auth/register/admin "HTTP/1.1 201 Created"
2026-09-25 11:07:07,908 [INFO] httpx: HTTP Request: POST http://test/api/v1/scenarios/ "HTTP/1.1 201 Created"
2026-09-25 11:07:07,910 [INFO] httpx: HTTP Request: GET http://test/api/v1/scenarios/secret-draft "HTTP/1.1 404 Not Found"
2026-09-25 11:07:08,090 [INFO] httpx: HTTP Request: POST http://test/api/v1/auth/register/admin "HTTP/1.1 201 Created"
2026-09-25 11:07:08,095 [INFO] httpx: HTTP Request: POST http://test/api/v1/scenarios/ "HTTP/1.1 201 Created"
2026-09-25 11:07:08,097 [INFO] httpx: HTTP Request: GET http://test/api/v1/scenarios/admin-view/admin "HTTP/1.1 200 OK"
2026-09-25 11:07:08,139 [INFO] app.services.voice_service: [VOICE] Recognized: Hello world
2026-09-25 11:07:08,357 [INFO] httpx: HTTP Request: POST http://test/api/v1/negotiation/start "HTTP/1.1 200 OK"
2026-09-25 11:07:08,361 [INFO] httpx: HTTP Request: POST http://test/api/v1/negotiation/message "HTTP/1.1 200 OK"
2026-09-25 11:07:08,374 [INFO] httpx: HTTP Request: POST http://test/api/v1/negotiation/end?session_id=19944266-6317-4af6-b344-df301a170435 "HTTP/1.1 200 OK"
2026-09-25 11:07:08,377 [INFO] httpx: HTTP Request: GET http://test/api/v1/users/user-1/skills "HTTP/1.1 200 OK"
2026-09-25 11:07:08,393 [INFO] httpx: HTTP Request: GET http://test/api/v1/users/user-1/skills "HTTP/1.1 200 OK"
2026-09-25 11:07:08,408 [INFO] httpx: HTTP Request: GET http://test/api/v1/users/user-1/skills "HTTP/1.1 401 Unauthorized"
2026-09-25 11:07:08,596 [INFO] httpx: HTTP Request: POST http://test/api/v1/auth/register/admin "HTTP/1.1 201 Created"
2026-09-25 11:07:08,598 [INFO] httpx: HTTP Request: GET http://test/api/v1/users/user-1/skills "HTTP/1.1 403 Forbidden"
2026-09-25 11:07:08,616 [INFO] httpx: HTTP Request: POST http://test/api/v1/negotiation/start "HTTP/1.1 200 OK"
2026-09-25 11:07:08,620 [INFO] httpx: HTTP Request: POST http://test/api/v1/negotiation/message "HTTP/1.1 200 OK"
2026-09-25 11:07:08,623 [INFO] httpx: HTTP Request: POST http://test/api/v1/negotiation/message "HTTP/1.1 200 OK"
2026-09-25 11:07:08,626 [INFO] httpx: HTTP Request: POST http://test/api/v1/negotiation/message "HTTP/1.1 200 OK"
2026-09-25 11:07:08,635 [INFO] httpx: HTTP Request: POST http://test/api/v1/negotiation/end?session_id=5342e23f-7a24-46b8-ae4a-132a7289fcb0 "HTTP/1.1 200 OK"
2026-09-25 11:07:08,653 [INFO] httpx: HTTP Request: POST http://test/api/v1/negotiation/start "HTTP/1.1 200 OK"
2026-09-25 11:07:08,658 [INFO] httpx: HTTP Request: POST http://test/api/v1/negotiation/message "HTTP/1.1 200 OK"
2026-09-25 11:07:08,661 [INFO] httpx: HTTP Request: POST http://test/api/v1/negotiation/message "HTTP/1.1 200 OK"
2026-09-25 11:07:08,669 [INFO] httpx: HTTP Request: POST http://test/api/v1/negotiation/end?session_id=0e8a2064-abcf-4f31-a267-2cc4b5efbdef "HTTP/1.1 200 OK"
2026-09-25 11:07:08,687 [INFO] httpx: HTTP Request: POST http://test/api/v1/negotiation/start "HTTP/1.1 200 OK"
2026-09-25 11:07:08,691 [INFO] httpx: HTTP Request: POST http://test/api/v1/negotiation/message "HTTP/1.1 200 OK"
2026-09-25 11:07:08,694 [INFO] httpx: HTTP Request: POST http://test/api/v1/negotiation/message "HTTP/1.1 200 OK"
2026-09-25 11:07:08,697 [INFO] httpx: HTTP Request: POST http://test/api/v1/negotiation/message "HTTP/1.1 200 OK"
2026-09-25 11:07:08,706 [INFO] httpx: HTTP Request: POST http://test/api/v1/negotiation/end?session_id=28d6da9c-a80a-4330-ab5b-c7cea23b2728 "HTTP/1.1 200 OK"
2026-09-25 11:07:08,708 [INFO] httpx: HTTP Request: GET http://test/api/v1/negotiation/analysis/28d6da9c-a80a-4330-ab5b-c7cea23b2728 "HTTP/1.1 200 OK"
2026-09-25 11:07:08,725 [INFO] httpx: HTTP Request: POST http://test/api/v1/negotiation/start "HTTP/1.1 200 OK"
2026-09-25 11:07:08,729 [INFO] httpx: HTTP Request: POST http://test/api/v1/negotiation/message "HTTP/1.1 200 OK"
2026-09-25 11:07:08,738 [INFO] httpx: HTTP Request: POST http://test/api/v1/negotiation/end?session_id=c1fbe4f2-37ab-455f-95bb-91a08a4fd83e "HTTP/1.1 200 OK"
2026-09-25 11:07:08,756 [INFO] httpx: HTTP Request: POST http://test/api/v1/negotiation/start "HTTP/1.1 200 OK"
2026-09-25 11:07:08,760 [INFO] httpx: HTTP Request: POST http://test/api/v1/negotiation/voice "HTTP/1.1 200 OK"
2026-09-25 11:07:08,780 [INFO] httpx: HTTP Request: POST http://test/api/v1/negotiation/voice "HTTP/1.1 404 Not Found"
2026-09-25 11:07:08,795 [INFO] httpx: HTTP Request: POST http://test/api/v1/negotiation/voice "HTTP/1.1 401 Unauthorized"
2026-09-25 11:07:08,976 [INFO] httpx: HTTP Request: POST http://test/api/v1/auth/register/admin "HTTP/1.1 201 Created"
2026-09-25 11:07:08,979 [INFO] httpx: HTTP Request: POST http://test/api/v1/negotiation/voice "HTTP/1.1 403 Forbidden"
2026-09-25 11:07:09,004 [INFO] httpx: HTTP Request: POST http://test/api/v1/negotiation/start "HTTP/1.1 200 OK"
2026-09-25 11:07:09,009 [INFO] httpx: HTTP Request: POST http://test/api/v1/negotiation/message "HTTP/1.1 200 OK"
2026-09-25 11:07:09,019 [INFO] httpx: HTTP Request: POST http://test/api/v1/negotiation/end?session_id=a8fb7714-a811-4997-94e8-9ee0260a6dd0 "HTTP/1.1 200 OK"
2026-09-25 11:07:09,040 [INFO] httpx: HTTP Request: POST http://test/api/v1/negotiation/start "HTTP/1.1 200 OK"
2026-09-25 11:07:09,045 [INFO] httpx: HTTP Request: POST http://test/api/v1/negotiation/message "HTTP/1.1 200 OK"
2026-09-25 11:07:09,055 [INFO] httpx: HTTP Request: POST http://test/api/v1/negotiation/end?session_id=d0873950-27e5-407b-be74-87a97cc02fda "HTTP/1.1 200 OK"
2026-09-25 11:07:09,057 [INFO] httpx: HTTP Request: GET http://test/api/v1/auth/me "HTTP/1.1 200 OK"
2026-09-25 11:08:50,184 [INFO] httpx: HTTP Request: POST http://test/api/v1/auth/register/admin "HTTP/1.1 201 Created"
2026-09-25 11:08:50,348 [INFO] httpx: HTTP Request: POST http://test/api/v1/auth/register/admin "HTTP/1.1 201 Created"
2026-09-25 11:08:50,510 [INFO] httpx: HTTP Request: POST http://test/api/v1/auth/register/admin "HTTP/1.1 201 Created"
2026-09-25 11:08:50,673 [INFO] httpx: HTTP Request: POST http://test/api/v1/auth/register/admin "HTTP/1.1 201 Created"
2026-09-25 11:08:50,840 [INFO] httpx: HTTP Request: POST http://test/api/v1/auth/register/admin "HTTP/1.1 201 Created"
2026-09-25 11:08:51,015 [INFO] httpx: HTTP Request: POST http://test/api/v1/auth/register/admin "HTTP/1.1 201 Created"
2026-09-25 11:08:51,176 [INFO] httpx: HTTP Request: POST http://test/api/v1/auth/register/admin "HTTP/1.1 201 Created"
2026-09-25 11:08:51,340 [INFO] httpx: HTTP Request: POST http://test/api/v1/auth/register/admin "HTTP/1.1 201 Created"
2026-09-25 11:08:51,503 [INFO] httpx: HTTP Request: POST http://test/api/v1/auth/register/admin "HTTP/1.1 201 Created"
2026-09-25 11:08:51,664 [INFO] httpx: HTTP Request: POST http://test/api/v1/auth/register/admin "HTTP/1.1 201 Created"
2026-09-25 11:08:51,665 [INFO] httpx: HTTP Request: POST http://test/api/v1/auth/register/admin "HTTP/1.1 429 Too Many Requests"
2026-09-25 11:08:51,678 [INFO] httpx: HTTP Request: POST http://test/api/v1/auth/register/admin "HTTP/1.1 403 Forbidden"
2026-09-25 11:08:51,702 [INFO] httpx: HTTP Request: POST http://test/api/v1/auth/register/admin "HTTP/1.1 403 Forbidden"
2026-09-25 11:08:51,703 [INFO] httpx: HTTP Request: POST http://test/api/v1/auth/register/admin "HTTP/1.1 403 Forbidden"
2026-09-25 11:08:51,873 [INFO] httpx: HTTP Request: POST http://test/api/v1/auth/register/admin "HTTP/1.1 201 Created"
2026-09-25 11:08:52,083 [INFO] httpx: HTTP Request: POST http://test/api/v1/auth/register/admin "HTTP/1.1 201 Created"
2026-09-25 11:08:52,089 [INFO] httpx: HTTP Request: POST http://test/api/v1/scenarios/ "HTTP/1.1 201 Created"
2026-09-25 11:08:52,265 [INFO] httpx: HTTP Request: POST http://test/api/v1/auth/register "HTTP/1.1 201 Created"
2026-09-25 11:08:52,268 [INFO] httpx: HTTP Request: POST http://test/api/v1/auth/onboarding "HTTP/1.1 200 OK"
2026-09-25 11:08:52,270 [INFO] httpx: HTTP Request: POST http://test/api/v1/scenarios/ "HTTP/1.1 403 Forbidden"
2026-09-25 11:08:52,447 [INFO] httpx: HTTP Request: POST http://test/api/v1/auth/register/admin "HTTP/1.1 201 Created"
2026-09-25 11:08:52,451 [INFO] httpx: HTTP Request: GET http://test/api/v1/scenarios/my "HTTP/1.1 200 OK"
2026-09-25 11:08:52,627 [INFO] httpx: HTTP Request: POST http://test/api/v1/auth/register/admin "HTTP/1.1 201 Created"
2026-09-25 11:08:52,789 [INFO] httpx: HTTP Request: POST http://test/api/v1/auth/register/admin "HTTP/1.1 201 Created"
2026-09-25 11:08:52,794 [INFO] httpx: HTTP Request: POST http://test/api/v1/scenarios/ "HTTP/1.1 201 Created"
2026-09-25 11:08:52,796 [INFO] httpx: HTTP Request: POST http://test/api/v1/scenarios/ "HTTP/1.1 201 Created"
2026-09-25 11:08:52,798 [INFO] httpx: HTTP Request: GET http://test/api/v1/scenarios/my "HTTP/1.1 200 OK"
2026-09-25 11:08:52,976 [INFO] httpx: HTTP Request: POST http://test/api/v1/auth/register/admin "HTTP/1.1 201 Created"
2026-09-25 11:08:52,980 [INFO] httpx: HTTP Request: POST http://test/api/v1/scenarios/ "HTTP/1.1 201 Created"
2026-09-25 11:08:52,982 [INFO] httpx: HTTP Request: POST http://test/api/v1/scenarios/pub-case/publish "HTTP/1.1 400 Bad Request"
2026-09-25 11:08:53,160 [INFO] httpx: HTTP Request: POST http://test/api/v1/auth/register/admin "HTTP/1.1 201 Created"
2026-09-25 11:08:53,164 [INFO] httpx: HTTP Request: POST http://test/api/v1/scenarios/ "HTTP/1.1 201 Created"
2026-09-25 11:08:53,167 [INFO] httpx: HTTP Request: POST http://test/api/v1/scenarios/pub-mid/publish "HTTP/1.1 400 Bad Request"
2026-09-25 11:08:53,342 [INFO] httpx: HTTP Request: POST http://test/api/v1/auth/register/admin "HTTP/1.1 201 Created"
2026-09-25 11:08:53,347 [INFO] httpx: HTTP Request: POST http://test/api/v1/scenarios/ "HTTP/1.1 201 Created"
2026-09-25 11:08:53,350 [INFO] httpx: HTTP Request: POST http://test/api/v1/scenarios/ready-case/publish "HTTP/1.1 200 OK"
2026-09-25 11:08:53,527 [INFO] httpx: HTTP Request: POST http://test/api/v1/auth/register/admin "HTTP/1.1 201 Created"
2026-09-25 11:08:53,693 [INFO] httpx: HTTP Request: POST http://test/api/v1/auth/register/admin "HTTP/1.1 201 Created"
2026-09-25 11:08:53,698 [INFO] httpx: HTTP Request: POST http://test/api/v1/scenarios/ "HTTP/1.1 201 Created"
2026-09-25 11:08:53,700 [INFO] httpx: HTTP Request: POST http://test/api/v1/scenarios/owner-case/publish "HTTP/1.1 403 Forbidden"
2026-09-25 11:08:53,882 [INFO] httpx: HTTP Request: POST http://test/api/v1/auth/register/admin "HTTP/1.1 201 Created"
2026-09-25 11:08:53,887 [INFO] httpx: HTTP Request: POST http://test/api/v1/scenarios/ "HTTP/1.1 201 Created"
2026-09-25 11:08:53,890 [INFO] httpx: HTTP Request: POST http://test/api/v1/scenarios/arch-case/publish "HTTP/1.1 200 OK"
2026-09-25 11:08:53,893 [INFO] httpx: HTTP Request: POST http://test/api/v1/scenarios/arch-case/archive "HTTP/1.1 200 OK"
2026-09-25 11:08:54,069 [INFO] httpx: HTTP Request: POST http://test/api/v1/auth/register/admin "HTTP/1.1 201 Created"
2026-09-25 11:08:54,074 [INFO] httpx: HTTP Request: POST http://test/api/v1/scenarios/ "HTTP/1.1 201 Created"
2026-09-25 11:08:54,076 [INFO] httpx: HTTP Request: POST http://test/api/v1/scenarios/hidden-case/publish "HTTP/1.1 200 OK"
2026-09-25 11:08:54,078 [INFO] httpx: HTTP Request: GET http://test/api/v1/scenarios/ "HTTP/1.1 200 OK"
2026-09-25 11:08:54,255 [INFO] httpx: HTTP Request: POST http://test/api/v1/auth/register/admin "HTTP/1.1 201 Created"
2026-09-25 11:08:54,260 [INFO] httpx: HTTP Request: POST http://test/api/v1/scenarios/ "HTTP/1.1 201 Created"
2026-09-25 11:08:54,264 [INFO] httpx: HTTP Request: PUT http://test/api/v1/scenarios/upd-case "HTTP/1.1 200 OK"
2026-09-25 11:08:54,463 [INFO] httpx: HTTP Request: POST http://test/api/v1/auth/register/admin "HTTP/1.1 201 Created"
2026-09-25 11:08:54,625 [INFO] httpx: HTTP Request: POST http://test/api/v1/auth/register/admin "HTTP/1.1 201 Created"
2026-09-25 11:08:54,630 [INFO] httpx: HTTP Request: POST http://test/api/v1/scenarios/ "HTTP/1.1 201 Created"
2026-09-25 11:08:54,632 [INFO] httpx: HTTP Request: PUT http://test/api/v1/scenarios/protected-case "HTTP/1.1 403 Forbidden"
2026-09-25 11:08:54,653 [INFO] httpx: HTTP Request: POST http://test/api/v1/negotiation/start "HTTP/1.1 200 OK"
2026-09-25 11:08:54,657 [INFO] httpx: HTTP Request: POST http://test/api/v1/negotiation/message "HTTP/1.1 200 OK"
2026-09-25 11:08:54,669 [INFO] httpx: HTTP Request: POST http://test/api/v1/negotiation/end?session_id=e0f61c46-2a4e-4c18-8d21-b572eb717726 "HTTP/1.1 200 OK"
2026-09-25 11:08:54,715 [INFO] httpx: HTTP Request: POST http://test/api/v1/negotiation/start "HTTP/1.1 200 OK"
2026-09-25 11:08:54,719 [INFO] httpx: HTTP Request: POST http://test/api/v1/negotiation/message "HTTP/1.1 200 OK"
2026-09-25 11:08:54,729 [INFO] httpx: HTTP Request: POST http://test/api/v1/negotiation/end?session_id=b7f09a2c-eee7-4ec3-92a4-3d6d417dc07f "HTTP/1.1 200 OK"
2026-09-25 11:08:54,731 [INFO] httpx: HTTP Request: GET http://test/api/v1/negotiation/analysis/b7f09a2c-eee7-4ec3-92a4-3d6d417dc07f "HTTP/1.1 200 OK"
2026-09-25 11:08:54,749 [INFO] httpx: HTTP Request: POST http://test/api/v1/negotiation/start "HTTP/1.1 200 OK"
2026-09-25 11:08:54,753 [INFO] httpx: HTTP Request: POST http://test/api/v1/negotiation/message "HTTP/1.1 200 OK"
2026-09-25 11:08:54,763 [INFO] httpx: HTTP Request: POST http://test/api/v1/negotiation/end?session_id=d4ec4dd9-ecb4-49fd-8c03-d37557629559 "HTTP/1.1 200 OK"
2026-09-25 11:08:54,940 [INFO] httpx: HTTP Request: POST http://test/api/v1/auth/register "HTTP/1.1 201 Created"
2026-09-25 11:08:54,953 [INFO] httpx: HTTP Request: POST http://test/api/v1/auth/register "HTTP/1.1 422 Unprocessable Entity"
2026-09-25 11:08:54,967 [INFO] httpx: HTTP Request: POST http://test/api/v1/auth/register "HTTP/1.1 400 Bad Request"
2026-09-25 11:08:55,148 [INFO] httpx: HTTP Request: POST http://test/api/v1/auth/register "HTTP/1.1 201 Created"
2026-09-25 11:08:55,349 [INFO] httpx: HTTP Request: POST http://test/api/v1/auth/register "HTTP/1.1 201 Created"
2026-09-25 11:08:55,517 [INFO] httpx: HTTP Request: POST http://test/api/v1/auth/login "HTTP/1.1 200 OK"
2026-09-25 11:08:55,693 [INFO] httpx: HTTP Request: POST http://test/api/v1/auth/register "HTTP/1.1 201 Created"
2026-09-25 11:08:55,861 [INFO] httpx: HTTP Request: POST http://test/api/v1/auth/login "HTTP/1.1 401 Unauthorized"
2026-09-25 11:08:56,047 [INFO] httpx: HTTP Request: POST http://test/api/v1/auth/register "HTTP/1.1 201 Created"
2026-09-25 11:08:56,051 [INFO] httpx: HTTP Request: POST http://test/api/v1/auth/onboarding "HTTP/1.1 200 OK"
2026-09-25 11:08:56,226 [INFO] httpx: HTTP Request: POST http://test/api/v1/auth/register "HTTP/1.1 201 Created"
2026-09-25 11:08:56,229 [INFO] httpx: HTTP Request: POST http://test/api/v1/auth/onboarding "HTTP/1.1 400 Bad Request"
2026-09-25 11:08:56,407 [INFO] httpx: HTTP Request: POST http://test/api/v1/auth/register "HTTP/1.1 201 Created"
2026-09-25 11:08:56,409 [INFO] httpx: HTTP Request: POST http://test/api/v1/auth/onboarding "HTTP/1.1 422 Unprocessable Entity"
2026-09-25 11:08:56,589 [INFO] httpx: HTTP Request: POST http://test/api/v1/auth/register/admin "HTTP/1.1 201 Created"
2026-09-25 11:08:56,603 [INFO] httpx: HTTP Request: POST http://test/api/v1/auth/register/admin "HTTP/1.1 422 Unprocessable Entity"
2026-09-25 11:08:56,620 [INFO] httpx: HTTP Request: POST http://test/api/v1/auth/register/admin "HTTP/1.1 400 Bad Request"
2026-09-25 11:08:56,807 [INFO] httpx: HTTP Request: POST http://test/api/v1/auth/register/admin "HTTP/1.1 201 Created"
2026-09-25 11:08:56,970 [INFO] httpx: HTTP Request: POST http://test/api/v1/auth/login/admin "HTTP/1.1 200 OK"
2026-09-25 11:08:57,178 [INFO] httpx: HTTP Request: POST http://test/api/v1/auth/register "HTTP/1.1 201 Created"
2026-09-25 11:08:57,350 [INFO] httpx: HTTP Request: POST http://test/api/v1/auth/login/admin "HTTP/1.1 403 Forbidden"
2026-09-25 11:08:57,538 [INFO] httpx: HTTP Request: POST http://test/api/v1/auth/register/admin "HTTP/1.1 201 Created"
2026-09-25 11:08:57,710 [INFO] httpx: HTTP Request: POST http://test/api/v1/auth/login/admin "HTTP/1.1 401 Unauthorized"
2026-09-25 11:08:57,907 [INFO] httpx: HTTP Request: POST http://test/api/v1/auth/register "HTTP/1.1 201 Created"
2026-09-25 11:08:57,909 [INFO] httpx: HTTP Request: GET http://test/api/v1/auth/me "HTTP/1.1 200 OK"
2026-09-25 11:08:57,923 [INFO] httpx: HTTP Request: GET http://test/api/v1/auth/me "HTTP/1.1 401 Unauthorized"
2026-09-25 11:08:58,111 [INFO] httpx: HTTP Request: POST http://test/api/v1/auth/register/admin "HTTP/1.1 201 Created"
2026-09-25 11:08:58,113 [INFO] httpx: HTTP Request: GET http://test/api/v1/auth/me "HTTP/1.1 200 OK"
2026-09-25 11:08:58,293 [INFO] httpx: HTTP Request: POST http://test/api/v1/auth/register/admin "HTTP/1.1 201 Created"
2026-09-25 11:08:58,295 [INFO] httpx: HTTP Request: POST http://test/api/v1/auth/onboarding "HTTP/1.1 403 Forbidden"
2026-09-25 11:08:58,311 [INFO] httpx: HTTP Request: GET http://test/api/v1/auth/me "HTTP/1.1 200 OK"
2026-09-25 11:08:58,492 [INFO] httpx: HTTP Request: POST http://test/api/v1/auth/register "HTTP/1.1 201 Created"
2026-09-25 11:08:58,494 [INFO] httpx: HTTP Request: GET http://test/api/v1/auth/me "HTTP/1.1 200 OK"
2026-09-25 11:08:58,516 [INFO] httpx: HTTP Request: GET http://test/api/v1/negotiation/briefing/scenario-1 "HTTP/1.1 200 OK"
2026-09-25 11:08:58,532 [INFO] httpx: HTTP Request: GET http://test/api/v1/negotiation/briefing/scenario-1 "HTTP/1.1 200 OK"
2026-09-25 11:08:58,547 [INFO] httpx: HTTP Request: GET http://test/api/v1/negotiation/briefing/ghost "HTTP/1.1 404 Not Found"
2026-09-25 11:08:58,576 [INFO] httpx: HTTP Request: GET http://test/api/v1/negotiation/briefing/scenario-1 "HTTP/1.1 401 Unauthorized"
2026-09-25 11:08:58,758 [INFO] httpx: HTTP Request: POST http://test/api/v1/auth/register/admin "HTTP/1.1 201 Created"
2026-09-25 11:08:58,760 [INFO] httpx: HTTP Request: GET http://test/api/v1/negotiation/briefing/scenario-1 "HTTP/1.1 403 Forbidden"
2026-09-25 11:08:58,776 [INFO] httpx: HTTP Request: POST http://test/api/v1/auth/register "HTTP/1.1 400 Bad Request"
2026-09-25 11:08:58,954 [INFO] httpx: HTTP Request: POST http://test/api/v1/auth/register "HTTP/1.1 201 Created"
2026-09-25 11:08:58,965 [INFO] httpx: HTTP Request: POST http://test/api/v1/auth/register "HTTP/1.1 422 Unprocessable Entity"
2026-09-25 11:08:59,142 [INFO] httpx: HTTP Request: POST http://test/api/v1/auth/register "HTTP/1.1 201 Created"
2026-09-25 11:08:59,144 [INFO] httpx: HTTP Request: GET http://test/api/v1/auth/me "HTTP/1.1 200 OK"
2026-09-25 11:08:59,156 [INFO] httpx: HTTP Request: POST http://test/api/v1/auth/register/admin "HTTP/1.1 400 Bad Request"
2026-09-25 11:08:59,168 [INFO] httpx: HTTP Request: POST http://test/api/v1/auth/register/admin "HTTP/1.1 422 Unprocessable Entity"
2026-09-25 11:08:59,343 [INFO] httpx: HTTP Request: POST http://test/api/v1/auth/register/admin "HTTP/1.1 201 Created"
2026-09-25 11:08:59,347 [INFO] httpx: HTTP Request: POST http://test/api/v1/scenarios/ "HTTP/1.1 201 Created"
2026-09-25 11:08:59,352 [INFO] httpx: HTTP Request: DELETE http://test/api/v1/scenarios/to-delete "HTTP/1.1 204 No Content"
2026-09-25 11:08:59,353 [INFO] httpx: HTTP Request: GET http://test/api/v1/scenarios/to-delete "HTTP/1.1 404 Not Found"
2026-09-25 11:08:59,531 [INFO] httpx: HTTP Request: POST http://test/api/v1/auth/register/admin "HTTP/1.1 201 Created"
2026-09-25 11:08:59,696 [INFO] httpx: HTTP Request: POST http://test/api/v1/auth/register/admin "HTTP/1.1 201 Created"
2026-09-25 11:08:59,702 [INFO] httpx: HTTP Request: POST http://test/api/v1/scenarios/ "HTTP/1.1 201 Created"
2026-09-25 11:08:59,704 [INFO] httpx: HTTP Request: DELETE http://test/api/v1/scenarios/protected-del "HTTP/1.1 403 Forbidden"
2026-09-25 11:08:59,879 [INFO] httpx: HTTP Request: POST http://test/api/v1/auth/register/admin "HTTP/1.1 201 Created"
2026-09-25 11:08:59,881 [INFO] httpx: HTTP Request: DELETE http://test/api/v1/scenarios/ghost "HTTP/1.1 404 Not Found"
2026-09-25 11:09:00,065 [INFO] httpx: HTTP Request: POST http://test/api/v1/auth/register/admin "HTTP/1.1 201 Created"
2026-09-25 11:09:00,069 [INFO] httpx: HTTP Request: POST http://test/api/v1/scenarios/ "HTTP/1.1 201 Created"
2026-09-25 11:09:00,072 [INFO] httpx: HTTP Request: POST http://test/api/v1/scenarios/detach-case/publish "HTTP/1.1 200 OK"
2026-09-25 11:09:00,076 [INFO] httpx: HTTP Request: POST http://test/api/v1/negotiation/start "HTTP/1.1 200 OK"
2026-09-25 11:09:00,080 [INFO] httpx: HTTP Request: DELETE http://test/api/v1/scenarios/detach-case "HTTP/1.1 204 No Content"
2026-09-25 11:09:00,083 [INFO] httpx: HTTP Request: GET http://test/api/v1/negotiation/sessions/user-1 "HTTP/1.1 200 OK"
2026-09-25 11:09:00,260 [INFO] httpx: HTTP Request: POST http://test/api/v1/auth/register/admin "HTTP/1.1 201 Created"
2026-09-25 11:09:00,264 [INFO] httpx: HTTP Request: POST http://test/api/v1/scenarios/ "HTTP/1.1 201 Created"
2026-09-25 11:09:00,267 [INFO] httpx: HTTP Request: POST http://test/api/v1/scenarios/fk-case/publish "HTTP/1.1 200 OK"
2026-09-25 11:09:00,274 [INFO] httpx: HTTP Request: POST http://test/api/v1/invite/iRWIaujk7gYwA1gP "HTTP/1.1 200 OK"
2026-09-25 11:09:00,277 [INFO] httpx: HTTP Request: GET http://test/api/v1/users/user-1/added-cases "HTTP/1.1 200 OK"
2026-09-25 11:09:00,281 [INFO] httpx: HTTP Request: DELETE http://test/api/v1/scenarios/fk-case "HTTP/1.1 204 No Content"
2026-09-25 11:09:00,283 [INFO] httpx: HTTP Request: GET http://test/api/v1/users/user-1/added-cases "HTTP/1.1 200 OK"
2026-09-25 11:09:00,296 [INFO] httpx: HTTP Request: GET http://test/api/v1/health/ "HTTP/1.1 200 OK"
2026-09-25 11:09:00,307 [INFO] httpx: HTTP Request: GET http://test/ "HTTP/1.1 200 OK"
2026-09-25 11:09:00,321 [INFO] httpx: HTTP Request: GET http://test/api/v1/health/ "HTTP/1.1 200 OK"
2026-09-25 11:09:00,338 [INFO] httpx: HTTP Request: GET http://test/api/v1/negotiation/sessions/user-1 "HTTP/1.1 200 OK"
2026-09-25 11:09:00,356 [INFO] httpx: HTTP Request: POST http://test/api/v1/negotiation/start "HTTP/1.1 200 OK"
2026-09-25 11:09:00,359 [INFO] httpx: HTTP Request: GET http://test/api/v1/negotiation/sessions/user-1 "HTTP/1.1 200 OK"
2026-09-25 11:09:00,377 [INFO] httpx: HTTP Request: POST http://test/api/v1/negotiation/start "HTTP/1.1 200 OK"
2026-09-25 11:09:00,381 [INFO] httpx: HTTP Request: POST http://test/api/v1/negotiation/message "HTTP/1.1 200 OK"
2026-09-25 11:09:00,384 [INFO] httpx: HTTP Request: GET http://test/api/v1/negotiation/sessions/14e1b877-c8bb-45f2-a770-47c61463a4f6/messages "HTTP/1.1 200 OK"
2026-09-25 11:09:00,401 [INFO] httpx: HTTP Request: POST http://test/api/v1/negotiation/start "HTTP/1.1 200 OK"
2026-09-25 11:09:00,404 [INFO] httpx: HTTP Request: POST http://test/api/v1/negotiation/ded6568f-a858-4871-bc9e-22f117cc06f3/interrupt "HTTP/1.1 200 OK"
2026-09-25 11:09:00,422 [INFO] httpx: HTTP Request: POST http://test/api/v1/negotiation/start "HTTP/1.1 200 OK"
2026-09-25 11:09:00,426 [INFO] httpx: HTTP Request: POST http://test/api/v1/negotiation/c0e9457b-054e-4109-98ae-a688b97ef046/interrupt "HTTP/1.1 200 OK"
2026-09-25 11:09:00,428 [INFO] httpx: HTTP Request: POST http://test/api/v1/negotiation/c0e9457b-054e-4109-98ae-a688b97ef046/interrupt "HTTP/1.1 200 OK"
2026-09-25 11:09:00,444 [INFO] httpx: HTTP Request: POST http://test/api/v1/negotiation/start "HTTP/1.1 200 OK"
2026-09-25 11:09:00,448 [INFO] httpx: HTTP Request: POST http://test/api/v1/negotiation/message "HTTP/1.1 200 OK"
2026-09-25 11:09:00,457 [INFO] httpx: HTTP Request: POST http://test/api/v1/negotiation/end?session_id=04a28dea-c19c-434d-996e-27b952db3aa1 "HTTP/1.1 200 OK"
2026-09-25 11:09:00,459 [INFO] httpx: HTTP Request: POST http://test/api/v1/negotiation/04a28dea-c19c-434d-996e-27b952db3aa1/interrupt "HTTP/1.1 400 Bad Request"
2026-09-25 11:09:00,474 [INFO] httpx: HTTP Request: POST http://test/api/v1/negotiation/ghost-session/interrupt "HTTP/1.1 404 Not Found"
2026-09-25 11:09:00,491 [INFO] httpx: HTTP Request: POST http://test/api/v1/negotiation/start "HTTP/1.1 200 OK"
2026-09-25 11:09:00,495 [INFO] httpx: HTTP Request: POST http://test/api/v1/negotiation/ab056b41-5682-4ce8-9b38-646951edd48a/interrupt "HTTP/1.1 200 OK"
2026-09-25 11:09:00,497 [INFO] httpx: HTTP Request: POST http://test/api/v1/negotiation/message "HTTP/1.1 400 Bad Request"
2026-09-25 11:09:00,514 [INFO] httpx: HTTP Request: POST http://test/api/v1/negotiation/start "HTTP/1.1 200 OK"
2026-09-25 11:09:00,518 [INFO] httpx: HTTP Request: POST http://test/api/v1/negotiation/3d542355-6d1e-4e24-9b16-9979ab199026/interrupt "HTTP/1.1 200 OK"
2026-09-25 11:09:00,519 [INFO] httpx: HTTP Request: POST http://test/api/v1/negotiation/end?session_id=3d542355-6d1e-4e24-9b16-9979ab199026 "HTTP/1.1 400 Bad Request"
2026-09-25 11:09:00,535 [INFO] httpx: HTTP Request: GET http://test/api/v1/users/user-1/interrupted-session "HTTP/1.1 200 OK"
2026-09-25 11:09:00,552 [INFO] httpx: HTTP Request: POST http://test/api/v1/negotiation/start "HTTP/1.1 200 OK"
2026-09-25 11:09:00,556 [INFO] httpx: HTTP Request: POST http://test/api/v1/negotiation/start "HTTP/1.1 200 OK"
2026-09-25 11:09:00,559 [INFO] httpx: HTTP Request: POST http://test/api/v1/negotiation/1dd1842a-f210-455e-be7f-8e825cc649da/interrupt "HTTP/1.1 200 OK"
2026-09-25 11:09:00,561 [INFO] httpx: HTTP Request: POST http://test/api/v1/negotiation/17fd087c-1828-4753-a0e0-070222bdcc35/interrupt "HTTP/1.1 200 OK"
2026-09-25 11:09:00,565 [INFO] httpx: HTTP Request: GET http://test/api/v1/users/user-1/interrupted-session "HTTP/1.1 200 OK"
2026-09-25 11:09:00,577 [INFO] httpx: HTTP Request: GET http://test/api/v1/users/user-1/interrupted-session "HTTP/1.1 401 Unauthorized"
2026-09-25 11:09:00,756 [INFO] httpx: HTTP Request: POST http://test/api/v1/auth/register/admin "HTTP/1.1 201 Created"
2026-09-25 11:09:00,761 [INFO] httpx: HTTP Request: POST http://test/api/v1/scenarios/ "HTTP/1.1 201 Created"
2026-09-25 11:09:00,764 [INFO] httpx: HTTP Request: POST http://test/api/v1/scenarios/prev-case/publish "HTTP/1.1 200 OK"
2026-09-25 11:09:00,768 [INFO] httpx: HTTP Request: GET http://test/api/v1/invite/YWvrGrMx3x6YSe51 "HTTP/1.1 200 OK"
2026-09-25 11:09:00,781 [INFO] httpx: HTTP Request: GET http://test/api/v1/invite/nonexistent-code-xyz "HTTP/1.1 404 Not Found"
2026-09-25 11:09:00,957 [INFO] httpx: HTTP Request: POST http://test/api/v1/auth/register/admin "HTTP/1.1 201 Created"
2026-09-25 11:09:00,962 [INFO] httpx: HTTP Request: POST http://test/api/v1/scenarios/ "HTTP/1.1 201 Created"
2026-09-25 11:09:00,965 [INFO] httpx: HTTP Request: POST http://test/api/v1/scenarios/arch-prev-case/publish "HTTP/1.1 200 OK"
2026-09-25 11:09:00,968 [INFO] httpx: HTTP Request: POST http://test/api/v1/scenarios/arch-prev-case/archive "HTTP/1.1 200 OK"
2026-09-25 11:09:00,969 [INFO] httpx: HTTP Request: GET http://test/api/v1/invite/0viP6q3TqJ8DW2Nq "HTTP/1.1 410 Gone"
2026-09-25 11:09:01,148 [INFO] httpx: HTTP Request: POST http://test/api/v1/auth/register/admin "HTTP/1.1 201 Created"
2026-09-25 11:09:01,152 [INFO] httpx: HTTP Request: POST http://test/api/v1/scenarios/ "HTTP/1.1 201 Created"
2026-09-25 11:09:01,155 [INFO] httpx: HTTP Request: POST http://test/api/v1/scenarios/accept-case/publish "HTTP/1.1 200 OK"
2026-09-25 11:09:01,159 [INFO] httpx: HTTP Request: POST http://test/api/v1/invite/KDTECoXq6L_TLoAm "HTTP/1.1 200 OK"
2026-09-25 11:09:01,335 [INFO] httpx: HTTP Request: POST http://test/api/v1/auth/register/admin "HTTP/1.1 201 Created"
2026-09-25 11:09:01,339 [INFO] httpx: HTTP Request: POST http://test/api/v1/scenarios/ "HTTP/1.1 201 Created"
2026-09-25 11:09:01,342 [INFO] httpx: HTTP Request: POST http://test/api/v1/scenarios/idem-case/publish "HTTP/1.1 200 OK"
2026-09-25 11:09:01,345 [INFO] httpx: HTTP Request: POST http://test/api/v1/invite/XCdfIOED59CFRe5H "HTTP/1.1 200 OK"
2026-09-25 11:09:01,347 [INFO] httpx: HTTP Request: POST http://test/api/v1/invite/XCdfIOED59CFRe5H "HTTP/1.1 200 OK"
2026-09-25 11:09:01,525 [INFO] httpx: HTTP Request: POST http://test/api/v1/auth/register/admin "HTTP/1.1 201 Created"
2026-09-25 11:09:01,529 [INFO] httpx: HTTP Request: POST http://test/api/v1/scenarios/ "HTTP/1.1 201 Created"
2026-09-25 11:09:01,533 [INFO] httpx: HTTP Request: POST http://test/api/v1/scenarios/noauth-case/publish "HTTP/1.1 200 OK"
2026-09-25 11:09:01,534 [INFO] httpx: HTTP Request: POST http://test/api/v1/invite/qTNIlI4jy9w-laGK "HTTP/1.1 401 Unauthorized"
2026-09-25 11:09:01,711 [INFO] httpx: HTTP Request: POST http://test/api/v1/auth/register/admin "HTTP/1.1 201 Created"
2026-09-25 11:09:01,876 [INFO] httpx: HTTP Request: POST http://test/api/v1/auth/register/admin "HTTP/1.1 201 Created"
2026-09-25 11:09:01,881 [INFO] httpx: HTTP Request: POST http://test/api/v1/scenarios/ "HTTP/1.1 201 Created"
2026-09-25 11:09:01,884 [INFO] httpx: HTTP Request: POST http://test/api/v1/scenarios/admin-inv-case/publish "HTTP/1.1 200 OK"
2026-09-25 11:09:01,885 [INFO] httpx: HTTP Request: POST http://test/api/v1/invite/2YIYSJ5YIad110qv "HTTP/1.1 403 Forbidden"
2026-09-25 11:09:01,901 [INFO] httpx: HTTP Request: GET http://test/api/v1/users/user-1/added-cases "HTTP/1.1 200 OK"
2026-09-25 11:09:02,078 [INFO] httpx: HTTP Request: POST http://test/api/v1/auth/register/admin "HTTP/1.1 201 Created"
2026-09-25 11:09:02,083 [INFO] httpx: HTTP Request: POST http://test/api/v1/scenarios/ "HTTP/1.1 201 Created"
2026-09-25 11:09:02,086 [INFO] httpx: HTTP Request: POST http://test/api/v1/scenarios/list-add-case/publish "HTTP/1.1 200 OK"
2026-09-25 11:09:02,090 [INFO] httpx: HTTP Request: POST http://test/api/v1/invite/uAcMCmCDot6iIsFS "HTTP/1.1 200 OK"
2026-09-25 11:09:02,092 [INFO] httpx: HTTP Request: GET http://test/api/v1/users/user-1/added-cases "HTTP/1.1 200 OK"
2026-09-25 11:09:02,272 [INFO] httpx: HTTP Request: POST http://test/api/v1/auth/register "HTTP/1.1 201 Created"
2026-09-25 11:09:02,275 [INFO] httpx: HTTP Request: POST http://test/api/v1/auth/onboarding "HTTP/1.1 200 OK"
2026-09-25 11:09:02,280 [INFO] httpx: HTTP Request: POST http://test/api/v1/negotiation/start "HTTP/1.1 200 OK"
2026-09-25 11:09:02,456 [INFO] httpx: HTTP Request: POST http://test/api/v1/auth/register "HTTP/1.1 201 Created"
2026-09-25 11:09:02,459 [INFO] httpx: HTTP Request: POST http://test/api/v1/auth/onboarding "HTTP/1.1 200 OK"
2026-09-25 11:09:02,463 [INFO] httpx: HTTP Request: POST http://test/api/v1/negotiation/start "HTTP/1.1 404 Not Found"
2026-09-25 11:09:02,641 [INFO] httpx: HTTP Request: POST http://test/api/v1/auth/register "HTTP/1.1 201 Created"
2026-09-25 11:09:02,644 [INFO] httpx: HTTP Request: POST http://test/api/v1/auth/onboarding "HTTP/1.1 200 OK"
2026-09-25 11:09:02,649 [INFO] httpx: HTTP Request: POST http://test/api/v1/negotiation/start "HTTP/1.1 200 OK"
2026-09-25 11:09:02,655 [INFO] httpx: HTTP Request: POST http://test/api/v1/negotiation/message "HTTP/1.1 200 OK"
2026-09-25 11:09:02,833 [INFO] httpx: HTTP Request: POST http://test/api/v1/auth/register "HTTP/1.1 201 Created"
2026-09-25 11:09:02,836 [INFO] httpx: HTTP Request: POST http://test/api/v1/auth/onboarding "HTTP/1.1 200 OK"
2026-09-25 11:09:02,840 [INFO] httpx: HTTP Request: POST http://test/api/v1/negotiation/message "HTTP/1.1 404 Not Found"
2026-09-25 11:09:03,020 [INFO] httpx: HTTP Request: POST http://test/api/v1/auth/register "HTTP/1.1 201 Created"
2026-09-25 11:09:03,023 [INFO] httpx: HTTP Request: POST http://test/api/v1/auth/onboarding "HTTP/1.1 200 OK"
2026-09-25 11:09:03,028 [INFO] httpx: HTTP Request: POST http://test/api/v1/negotiation/start "HTTP/1.1 200 OK"
2026-09-25 11:09:03,032 [INFO] httpx: HTTP Request: POST http://test/api/v1/negotiation/message "HTTP/1.1 200 OK"
2026-09-25 11:09:03,040 [INFO] httpx: HTTP Request: POST http://test/api/v1/negotiation/end?session_id=c79b6292-14f2-4e53-92a2-bcafd55074a5 "HTTP/1.1 200 OK"
2026-09-25 11:09:03,218 [INFO] httpx: HTTP Request: POST http://test/api/v1/auth/register "HTTP/1.1 201 Created"
2026-09-25 11:09:03,222 [INFO] httpx: HTTP Request: POST http://test/api/v1/auth/onboarding "HTTP/1.1 200 OK"
2026-09-25 11:09:03,227 [INFO] httpx: HTTP Request: POST http://test/api/v1/negotiation/start "HTTP/1.1 200 OK"
2026-09-25 11:09:03,231 [INFO] httpx: HTTP Request: POST http://test/api/v1/negotiation/message "HTTP/1.1 200 OK"
2026-09-25 11:09:03,239 [INFO] httpx: HTTP Request: POST http://test/api/v1/negotiation/end?session_id=2df4ca53-a104-4352-9825-346b3ff4497e "HTTP/1.1 200 OK"
2026-09-25 11:09:03,242 [INFO] httpx: HTTP Request: GET http://test/api/v1/negotiation/analysis/2df4ca53-a104-4352-9825-346b3ff4497e "HTTP/1.1 200 OK"
2026-09-25 11:09:03,419 [INFO] httpx: HTTP Request: POST http://test/api/v1/auth/register "HTTP/1.1 201 Created"
2026-09-25 11:09:03,422 [INFO] httpx: HTTP Request: POST http://test/api/v1/auth/onboarding "HTTP/1.1 200 OK"
2026-09-25 11:09:03,427 [INFO] httpx: HTTP Request: POST http://test/api/v1/negotiation/start "HTTP/1.1 200 OK"
2026-09-25 11:09:03,431 [INFO] httpx: HTTP Request: POST http://test/api/v1/negotiation/message "HTTP/1.1 200 OK"
2026-09-25 11:09:03,440 [INFO] httpx: HTTP Request: POST http://test/api/v1/negotiation/end?session_id=d0fc7a2b-9ab8-48be-81f4-eb2121e5c340 "HTTP/1.1 200 OK"
2026-09-25 11:09:03,442 [INFO] httpx: HTTP Request: POST http://test/api/v1/negotiation/message "HTTP/1.1 400 Bad Request"
2026-09-25 11:09:03,621 [INFO] httpx: HTTP Request: POST http://test/api/v1/auth/register/admin "HTTP/1.1 201 Created"
2026-09-25 11:09:03,623 [INFO] httpx: HTTP Request: POST http://test/api/v1/negotiation/start "HTTP/1.1 403 Forbidden"
2026-09-25 11:09:03,638 [INFO] httpx: HTTP Request: POST http://test/api/v1/negotiation/start "HTTP/1.1 401 Unauthorized"
2026-09-25 11:09:03,817 [INFO] httpx: HTTP Request: POST http://test/api/v1/auth/register "HTTP/1.1 201 Created"
2026-09-25 11:09:03,820 [INFO] httpx: HTTP Request: POST http://test/api/v1/auth/onboarding "HTTP/1.1 200 OK"
2026-09-25 11:09:03,825 [INFO] httpx: HTTP Request: POST http://test/api/v1/negotiation/start "HTTP/1.1 200 OK"
2026-09-25 11:09:03,829 [INFO] httpx: HTTP Request: POST http://test/api/v1/negotiation/message "HTTP/1.1 200 OK"
2026-09-25 11:09:03,837 [INFO] httpx: HTTP Request: POST http://test/api/v1/negotiation/end?session_id=c965309b-61cc-451f-aeff-f2065a2ce584 "HTTP/1.1 200 OK"
2026-09-25 11:09:03,839 [INFO] httpx: HTTP Request: GET http://test/api/v1/negotiation/analysis/c965309b-61cc-451f-aeff-f2065a2ce584 "HTTP/1.1 403 Forbidden"
2026-09-25 11:09:04,019 [INFO] httpx: HTTP Request: POST http://test/api/v1/auth/register "HTTP/1.1 201 Created"
2026-09-25 11:09:04,022 [INFO] httpx: HTTP Request: POST http://test/api/v1/auth/onboarding "HTTP/1.1 200 OK"
2026-09-25 11:09:04,027 [INFO] httpx: HTTP Request: POST http://test/api/v1/negotiation/start "HTTP/1.1 200 OK"
2026-09-25 11:09:04,029 [INFO] httpx: HTTP Request: POST http://test/api/v1/negotiation/message "HTTP/1.1 403 Forbidden"
2026-09-25 11:09:04,211 [INFO] httpx: HTTP Request: POST http://test/api/v1/auth/register "HTTP/1.1 201 Created"
2026-09-25 11:09:04,214 [INFO] httpx: HTTP Request: POST http://test/api/v1/auth/onboarding "HTTP/1.1 200 OK"
2026-09-25 11:09:04,219 [INFO] httpx: HTTP Request: POST http://test/api/v1/negotiation/start "HTTP/1.1 200 OK"
2026-09-25 11:09:04,221 [INFO] httpx: HTTP Request: POST http://test/api/v1/negotiation/03da0a10-6cf1-45db-a765-2f156c1020ad/interrupt "HTTP/1.1 403 Forbidden"
2026-09-25 11:09:04,400 [INFO] httpx: HTTP Request: POST http://test/api/v1/auth/register "HTTP/1.1 201 Created"
2026-09-25 11:09:04,403 [INFO] httpx: HTTP Request: POST http://test/api/v1/auth/onboarding "HTTP/1.1 200 OK"
2026-09-25 11:09:04,407 [INFO] httpx: HTTP Request: POST http://test/api/v1/negotiation/start "HTTP/1.1 200 OK"
2026-09-25 11:09:04,410 [INFO] httpx: HTTP Request: POST http://test/api/v1/negotiation/end?session_id=022db3ad-572d-4b70-af66-8c6f5b03d53c "HTTP/1.1 403 Forbidden"
2026-09-25 11:09:04,592 [INFO] httpx: HTTP Request: POST http://test/api/v1/auth/register "HTTP/1.1 201 Created"
2026-09-25 11:09:04,595 [INFO] httpx: HTTP Request: POST http://test/api/v1/auth/onboarding "HTTP/1.1 200 OK"
2026-09-25 11:09:04,597 [INFO] httpx: HTTP Request: GET http://test/api/v1/negotiation/sessions/user-1 "HTTP/1.1 403 Forbidden"
2026-09-25 11:09:04,777 [INFO] httpx: HTTP Request: POST http://test/api/v1/auth/register "HTTP/1.1 201 Created"
2026-09-25 11:09:04,780 [INFO] httpx: HTTP Request: POST http://test/api/v1/auth/onboarding "HTTP/1.1 200 OK"
2026-09-25 11:09:04,783 [INFO] httpx: HTTP Request: GET http://test/api/v1/users/user-1/skills "HTTP/1.1 403 Forbidden"
2026-09-25 11:09:04,962 [INFO] httpx: HTTP Request: POST http://test/api/v1/auth/register "HTTP/1.1 201 Created"
2026-09-25 11:09:04,965 [INFO] httpx: HTTP Request: POST http://test/api/v1/auth/onboarding "HTTP/1.1 200 OK"
2026-09-25 11:09:04,967 [INFO] httpx: HTTP Request: GET http://test/api/v1/users/user-1/recommendations "HTTP/1.1 403 Forbidden"
2026-09-25 11:09:05,144 [INFO] httpx: HTTP Request: POST http://test/api/v1/auth/register "HTTP/1.1 201 Created"
2026-09-25 11:09:05,148 [INFO] httpx: HTTP Request: POST http://test/api/v1/auth/onboarding "HTTP/1.1 200 OK"
2026-09-25 11:09:05,150 [INFO] httpx: HTTP Request: GET http://test/api/v1/negotiation/progress/user-1 "HTTP/1.1 403 Forbidden"
2026-09-25 11:09:05,161 [INFO] httpx: HTTP Request: POST http://test/api/v1/auth/register "HTTP/1.1 422 Unprocessable Entity"
2026-09-25 11:09:05,172 [INFO] httpx: HTTP Request: POST http://test/api/v1/auth/register "HTTP/1.1 422 Unprocessable Entity"
2026-09-25 11:09:05,184 [INFO] httpx: HTTP Request: POST http://test/api/v1/auth/register "HTTP/1.1 422 Unprocessable Entity"
2026-09-25 11:09:05,195 [INFO] httpx: HTTP Request: POST http://test/api/v1/auth/register "HTTP/1.1 422 Unprocessable Entity"
2026-09-25 11:09:05,373 [INFO] httpx: HTTP Request: POST http://test/api/v1/auth/register "HTTP/1.1 201 Created"
2026-09-25 11:09:05,551 [INFO] httpx: HTTP Request: POST http://test/api/v1/auth/register "HTTP/1.1 201 Created"
2026-09-25 11:09:05,738 [INFO] httpx: HTTP Request: POST http://test/api/v1/auth/register "HTTP/1.1 201 Created"
2026-09-25 11:09:05,766 [INFO] httpx: HTTP Request: POST http://test/api/v1/auth/register/admin "HTTP/1.1 422 Unprocessable Entity"
2026-09-25 11:09:05,946 [INFO] httpx: HTTP Request: POST http://test/api/v1/auth/register/admin "HTTP/1.1 201 Created"
2026-09-25 11:09:05,962 [INFO] httpx: HTTP Request: GET http://test/api/v1/negotiation/progress/user-1 "HTTP/1.1 200 OK"
2026-09-25 11:09:05,980 [INFO] httpx: HTTP Request: POST http://test/api/v1/negotiation/start "HTTP/1.1 200 OK"
2026-09-25 11:09:05,984 [INFO] httpx: HTTP Request: POST http://test/api/v1/negotiation/message "HTTP/1.1 200 OK"
2026-09-25 11:09:05,993 [INFO] httpx: HTTP Request: POST http://test/api/v1/negotiation/end?session_id=8cf1f355-d203-4c1c-ba9e-3b33c7e24dad "HTTP/1.1 200 OK"
2026-09-25 11:09:05,995 [INFO] httpx: HTTP Request: GET http://test/api/v1/negotiation/progress/user-1 "HTTP/1.1 200 OK"
2026-09-25 11:09:06,015 [INFO] httpx: HTTP Request: POST http://test/api/v1/negotiation/start "HTTP/1.1 200 OK"
2026-09-25 11:09:06,018 [INFO] httpx: HTTP Request: POST http://test/api/v1/negotiation/message "HTTP/1.1 200 OK"
2026-09-25 11:09:06,027 [INFO] httpx: HTTP Request: POST http://test/api/v1/negotiation/end?session_id=2939d659-be08-46c9-9fc0-224883afc331 "HTTP/1.1 200 OK"
2026-09-25 11:09:06,030 [INFO] httpx: HTTP Request: POST http://test/api/v1/negotiation/start "HTTP/1.1 200 OK"
2026-09-25 11:09:06,033 [INFO] httpx: HTTP Request: POST http://test/api/v1/negotiation/message "HTTP/1.1 200 OK"
2026-09-25 11:09:06,040 [INFO] httpx: HTTP Request: POST http://test/api/v1/negotiation/end?session_id=31ce0370-916e-49ba-8481-9d066a422450 "HTTP/1.1 200 OK"
2026-09-25 11:09:06,042 [INFO] httpx: HTTP Request: GET http://test/api/v1/negotiation/progress/user-1 "HTTP/1.1 200 OK"
2026-09-25 11:09:06,055 [INFO] httpx: HTTP Request: GET http://test/api/v1/negotiation/progress/user-1 "HTTP/1.1 401 Unauthorized"
2026-09-25 11:09:06,233 [INFO] httpx: HTTP Request: POST http://test/api/v1/auth/register/admin "HTTP/1.1 201 Created"
2026-09-25 11:09:06,235 [INFO] httpx: HTTP Request: GET http://test/api/v1/negotiation/progress/user-1 "HTTP/1.1 403 Forbidden"
2026-09-25 11:09:06,247 [INFO] httpx: HTTP Request: GET http://test/api/v1/scenarios/ "HTTP/1.1 200 OK"
2026-09-25 11:09:06,262 [INFO] httpx: HTTP Request: GET http://test/api/v1/scenarios/ "HTTP/1.1 200 OK"
2026-09-25 11:09:06,276 [INFO] httpx: HTTP Request: GET http://test/api/v1/scenarios/scenario-1 "HTTP/1.1 200 OK"
2026-09-25 11:09:06,288 [INFO] httpx: HTTP Request: GET http://test/api/v1/scenarios/nonexistent "HTTP/1.1 404 Not Found"
2026-09-25 11:09:06,467 [INFO] httpx: HTTP Request: POST http://test/api/v1/auth/register/admin "HTTP/1.1 201 Created"
2026-09-25 11:09:06,472 [INFO] httpx: HTTP Request: POST http://test/api/v1/scenarios/ "HTTP/1.1 201 Created"
2026-09-25 11:09:06,473 [INFO] httpx: HTTP Request: GET http://test/api/v1/scenarios/secret-draft "HTTP/1.1 404 Not Found"
2026-09-25 11:09:06,650 [INFO] httpx: HTTP Request: POST http://test/api/v1/auth/register/admin "HTTP/1.1 201 Created"
2026-09-25 11:09:06,655 [INFO] httpx: HTTP Request: POST http://test/api/v1/scenarios/ "HTTP/1.1 201 Created"
2026-09-25 11:09:06,657 [INFO] httpx: HTTP Request: GET http://test/api/v1/scenarios/admin-view/admin "HTTP/1.1 200 OK"
2026-09-25 11:09:06,701 [INFO] app.services.voice_service: [VOICE] Recognized: Hello world
2026-09-25 11:09:06,804 [INFO] httpx: HTTP Request: POST http://test/api/v1/negotiation/start "HTTP/1.1 200 OK"
2026-09-25 11:09:06,809 [INFO] httpx: HTTP Request: POST http://test/api/v1/negotiation/message "HTTP/1.1 200 OK"
2026-09-25 11:09:06,820 [INFO] httpx: HTTP Request: POST http://test/api/v1/negotiation/end?session_id=847dda48-85fe-44bb-a2c8-376aeb284b7a "HTTP/1.1 200 OK"
2026-09-25 11:09:06,822 [INFO] httpx: HTTP Request: GET http://test/api/v1/users/user-1/skills "HTTP/1.1 200 OK"
2026-09-25 11:09:06,837 [INFO] httpx: HTTP Request: GET http://test/api/v1/users/user-1/skills "HTTP/1.1 200 OK"
2026-09-25 11:09:06,850 [INFO] httpx: HTTP Request: GET http://test/api/v1/users/user-1/skills "HTTP/1.1 401 Unauthorized"
2026-09-25 11:09:07,029 [INFO] httpx: HTTP Request: POST http://test/api/v1/auth/register/admin "HTTP/1.1 201 Created"
2026-09-25 11:09:07,031 [INFO] httpx: HTTP Request: GET http://test/api/v1/users/user-1/skills "HTTP/1.1 403 Forbidden"
2026-09-25 11:09:07,049 [INFO] httpx: HTTP Request: POST http://test/api/v1/negotiation/start "HTTP/1.1 200 OK"
2026-09-25 11:09:07,053 [INFO] httpx: HTTP Request: POST http://test/api/v1/negotiation/message "HTTP/1.1 200 OK"
2026-09-25 11:09:07,056 [INFO] httpx: HTTP Request: POST http://test/api/v1/negotiation/message "HTTP/1.1 200 OK"
2026-09-25 11:09:07,059 [INFO] httpx: HTTP Request: POST http://test/api/v1/negotiation/message "HTTP/1.1 200 OK"
2026-09-25 11:09:07,068 [INFO] httpx: HTTP Request: POST http://test/api/v1/negotiation/end?session_id=dc70a7e8-3645-4e0e-b2a7-f788554e326d "HTTP/1.1 200 OK"
2026-09-25 11:09:07,087 [INFO] httpx: HTTP Request: POST http://test/api/v1/negotiation/start "HTTP/1.1 200 OK"
2026-09-25 11:09:07,091 [INFO] httpx: HTTP Request: POST http://test/api/v1/negotiation/message "HTTP/1.1 200 OK"
2026-09-25 11:09:07,094 [INFO] httpx: HTTP Request: POST http://test/api/v1/negotiation/message "HTTP/1.1 200 OK"
2026-09-25 11:09:07,103 [INFO] httpx: HTTP Request: POST http://test/api/v1/negotiation/end?session_id=6653c6cd-8f42-4fe7-beec-c873ffdaf992 "HTTP/1.1 200 OK"
2026-09-25 11:09:07,121 [INFO] httpx: HTTP Request: POST http://test/api/v1/negotiation/start "HTTP/1.1 200 OK"
2026-09-25 11:09:07,125 [INFO] httpx: HTTP Request: POST http://test/api/v1/negotiation/message "HTTP/1.1 200 OK"
2026-09-25 11:09:07,128 [INFO] httpx: HTTP Request: POST http://test/api/v1/negotiation/message "HTTP/1.1 200 OK"
2026-09-25 11:09:07,131 [INFO] httpx: HTTP Request: POST http://test/api/v1/negotiation/message "HTTP/1.1 200 OK"
2026-09-25 11:09:07,140 [INFO] httpx: HTTP Request: POST http://test/api/v1/negotiation/end?session_id=9fedd03a-d944-4088-b82e-b2a0ac2b8f57 "HTTP/1.1 200 OK"
2026-09-25 11:09:07,142 [INFO] httpx: HTTP Request: GET http://test/api/v1/negotiation/analysis/9fedd03a-d944-4088-b82e-b2a0ac2b8f57 "HTTP/1.1 200 OK"
2026-09-25 11:09:07,160 [INFO] httpx: HTTP Request: POST http://test/api/v1/negotiation/start "HTTP/1.1 200 OK"
2026-09-25 11:09:07,164 [INFO] httpx: HTTP Request: POST http://test/api/v1/negotiation/message "HTTP/1.1 200 OK"
2026-09-25 11:09:07,172 [INFO] httpx: HTTP Request: POST http://test/api/v1/negotiation/end?session_id=a314fa02-5eaf-41fe-99a9-e24edc82c907 "HTTP/1.1 200 OK"
2026-09-25 11:09:07,191 [INFO] httpx: HTTP Request: POST http://test/api/v1/negotiation/start "HTTP/1.1 200 OK"
2026-09-25 11:09:07,196 [INFO] httpx: HTTP Request: POST http://test/api/v1/negotiation/voice "HTTP/1.1 200 OK"
2026-09-25 11:09:07,212 [INFO] httpx: HTTP Request: POST http://test/api/v1/negotiation/voice "HTTP/1.1 404 Not Found"
2026-09-25 11:09:07,226 [INFO] httpx: HTTP Request: POST http://test/api/v1/negotiation/voice "HTTP/1.1 401 Unauthorized"
2026-09-25 11:09:07,407 [INFO] httpx: HTTP Request: POST http://test/api/v1/auth/register/admin "HTTP/1.1 201 Created"
2026-09-25 11:09:07,409 [INFO] httpx: HTTP Request: POST http://test/api/v1/negotiation/voice "HTTP/1.1 403 Forbidden"
2026-09-25 11:09:07,433 [INFO] httpx: HTTP Request: POST http://test/api/v1/negotiation/start "HTTP/1.1 200 OK"
2026-09-25 11:09:07,437 [INFO] httpx: HTTP Request: POST http://test/api/v1/negotiation/message "HTTP/1.1 200 OK"
2026-09-25 11:09:07,446 [INFO] httpx: HTTP Request: POST http://test/api/v1/negotiation/end?session_id=e46e2610-f0ef-4b25-81d2-9ec49f7db676 "HTTP/1.1 200 OK"
2026-09-25 11:09:07,464 [INFO] httpx: HTTP Request: POST http://test/api/v1/negotiation/start "HTTP/1.1 200 OK"
2026-09-25 11:09:07,468 [INFO] httpx: HTTP Request: POST http://test/api/v1/negotiation/message "HTTP/1.1 200 OK"
2026-09-25 11:09:07,476 [INFO] httpx: HTTP Request: POST http://test/api/v1/negotiation/end?session_id=c22628c8-f28c-4c34-8ed0-e29a379838fa "HTTP/1.1 200 OK"
2026-09-25 11:09:07,477 [INFO] httpx: HTTP Request: GET http://test/api/v1/auth/me "HTTP/1.1 200 OK"
