2026-09-22 23:07:48,324 [INFO] httpx: HTTP Request: POST http://test/api/v1/auth/register/admin "HTTP/1.1 201 Created"
2026-09-22 23:07:48,332 [INFO] httpx: HTTP Request: POST http://test/api/v1/scenarios/ "HTTP/1.1 201 Created"
2026-09-22 23:07:48,559 [INFO] httpx: HTTP Request: POST http://test/api/v1/auth/register "HTTP/1.1 201 Created"
2026-09-22 23:07:48,562 [INFO] httpx: HTTP Request: POST http://test/api/v1/scenarios/ "HTTP/1.1 403 Forbidden"
2026-09-22 23:07:48,767 [INFO] httpx: HTTP Request: POST http://test/api/v1/auth/register/admin "HTTP/1.1 201 Created"
2026-09-22 23:07:48,772 [INFO] httpx: HTTP Request: GET http://test/api/v1/scenarios/my "HTTP/1.1 200 OK"
2026-09-22 23:07:48,997 [INFO] httpx: HTTP Request: POST http://test/api/v1/auth/register/admin "HTTP/1.1 201 Created"
2026-09-22 23:07:49,186 [INFO] httpx: HTTP Request: POST http://test/api/v1/auth/register/admin "HTTP/1.1 201 Created"
2026-09-22 23:07:49,194 [INFO] httpx: HTTP Request: POST http://test/api/v1/scenarios/ "HTTP/1.1 201 Created"
2026-09-22 23:07:49,197 [INFO] httpx: HTTP Request: POST http://test/api/v1/scenarios/ "HTTP/1.1 201 Created"
2026-09-22 23:07:49,201 [INFO] httpx: HTTP Request: GET http://test/api/v1/scenarios/my "HTTP/1.1 200 OK"
2026-09-22 23:07:49,413 [INFO] httpx: HTTP Request: POST http://test/api/v1/auth/register/admin "HTTP/1.1 201 Created"
2026-09-22 23:07:49,421 [INFO] httpx: HTTP Request: POST http://test/api/v1/scenarios/ "HTTP/1.1 201 Created"
2026-09-22 23:07:49,425 [INFO] httpx: HTTP Request: POST http://test/api/v1/scenarios/pub-case/publish "HTTP/1.1 400 Bad Request"
2026-09-22 23:07:49,642 [INFO] httpx: HTTP Request: POST http://test/api/v1/auth/register/admin "HTTP/1.1 201 Created"
2026-09-22 23:07:49,649 [INFO] httpx: HTTP Request: POST http://test/api/v1/scenarios/ "HTTP/1.1 201 Created"
2026-09-22 23:07:49,653 [INFO] httpx: HTTP Request: POST http://test/api/v1/scenarios/ready-case/publish "HTTP/1.1 200 OK"
2026-09-22 23:07:49,860 [INFO] httpx: HTTP Request: POST http://test/api/v1/auth/register/admin "HTTP/1.1 201 Created"
2026-09-22 23:07:50,045 [INFO] httpx: HTTP Request: POST http://test/api/v1/auth/register/admin "HTTP/1.1 201 Created"
2026-09-22 23:07:50,052 [INFO] httpx: HTTP Request: POST http://test/api/v1/scenarios/ "HTTP/1.1 201 Created"
2026-09-22 23:07:50,054 [INFO] httpx: HTTP Request: POST http://test/api/v1/scenarios/owner-case/publish "HTTP/1.1 403 Forbidden"
2026-09-22 23:07:50,264 [INFO] httpx: HTTP Request: POST http://test/api/v1/auth/register/admin "HTTP/1.1 201 Created"
2026-09-22 23:07:50,271 [INFO] httpx: HTTP Request: POST http://test/api/v1/scenarios/ "HTTP/1.1 201 Created"
2026-09-22 23:07:50,275 [INFO] httpx: HTTP Request: POST http://test/api/v1/scenarios/arch-case/publish "HTTP/1.1 200 OK"
2026-09-22 23:07:50,279 [INFO] httpx: HTTP Request: POST http://test/api/v1/scenarios/arch-case/archive "HTTP/1.1 200 OK"
2026-09-22 23:07:50,489 [INFO] httpx: HTTP Request: POST http://test/api/v1/auth/register/admin "HTTP/1.1 201 Created"
2026-09-22 23:07:50,495 [INFO] httpx: HTTP Request: POST http://test/api/v1/scenarios/ "HTTP/1.1 201 Created"
2026-09-22 23:07:50,499 [INFO] httpx: HTTP Request: POST http://test/api/v1/scenarios/hidden-case/publish "HTTP/1.1 200 OK"
2026-09-22 23:07:50,501 [INFO] httpx: HTTP Request: GET http://test/api/v1/scenarios/ "HTTP/1.1 200 OK"
2026-09-22 23:07:50,710 [INFO] httpx: HTTP Request: POST http://test/api/v1/auth/register/admin "HTTP/1.1 201 Created"
2026-09-22 23:07:50,716 [INFO] httpx: HTTP Request: POST http://test/api/v1/scenarios/ "HTTP/1.1 201 Created"
2026-09-22 23:07:50,722 [INFO] httpx: HTTP Request: PUT http://test/api/v1/scenarios/upd-case "HTTP/1.1 200 OK"
2026-09-22 23:07:50,926 [INFO] httpx: HTTP Request: POST http://test/api/v1/auth/register/admin "HTTP/1.1 201 Created"
2026-09-22 23:07:51,113 [INFO] httpx: HTTP Request: POST http://test/api/v1/auth/register/admin "HTTP/1.1 201 Created"
2026-09-22 23:07:51,119 [INFO] httpx: HTTP Request: POST http://test/api/v1/scenarios/ "HTTP/1.1 201 Created"
2026-09-22 23:07:51,122 [INFO] httpx: HTTP Request: PUT http://test/api/v1/scenarios/protected-case "HTTP/1.1 403 Forbidden"
2026-09-22 23:07:51,148 [INFO] httpx: HTTP Request: POST http://test/api/v1/negotiation/start "HTTP/1.1 200 OK"
2026-09-22 23:07:51,153 [INFO] httpx: HTTP Request: POST http://test/api/v1/negotiation/message "HTTP/1.1 200 OK"
2026-09-22 23:07:51,167 [INFO] httpx: HTTP Request: POST http://test/api/v1/negotiation/end?session_id=a4881d10-d13d-4b1e-aa66-8c0a888974a8 "HTTP/1.1 200 OK"
2026-09-22 23:07:51,194 [INFO] httpx: HTTP Request: POST http://test/api/v1/negotiation/start "HTTP/1.1 200 OK"
2026-09-22 23:07:51,200 [INFO] httpx: HTTP Request: POST http://test/api/v1/negotiation/message "HTTP/1.1 200 OK"
2026-09-22 23:07:51,213 [INFO] httpx: HTTP Request: POST http://test/api/v1/negotiation/end?session_id=fb60c2a8-ca96-491f-87e4-f98b207c733a "HTTP/1.1 200 OK"
2026-09-22 23:07:51,216 [INFO] httpx: HTTP Request: GET http://test/api/v1/negotiation/analysis/fb60c2a8-ca96-491f-87e4-f98b207c733a "HTTP/1.1 200 OK"
2026-09-22 23:07:51,239 [INFO] httpx: HTTP Request: POST http://test/api/v1/negotiation/start "HTTP/1.1 200 OK"
2026-09-22 23:07:51,245 [INFO] httpx: HTTP Request: POST http://test/api/v1/negotiation/message "HTTP/1.1 200 OK"
2026-09-22 23:07:51,256 [INFO] httpx: HTTP Request: POST http://test/api/v1/negotiation/end?session_id=8e6ab17e-9ee0-4fd2-91af-ff23d3dab317 "HTTP/1.1 200 OK"
2026-09-22 23:07:51,461 [INFO] httpx: HTTP Request: POST http://test/api/v1/auth/register "HTTP/1.1 201 Created"
2026-09-22 23:07:51,481 [INFO] httpx: HTTP Request: POST http://test/api/v1/auth/register "HTTP/1.1 422 Unprocessable Entity"
2026-09-22 23:07:51,504 [INFO] httpx: HTTP Request: POST http://test/api/v1/auth/register "HTTP/1.1 400 Bad Request"
2026-09-22 23:07:51,713 [INFO] httpx: HTTP Request: POST http://test/api/v1/auth/register "HTTP/1.1 201 Created"
2026-09-22 23:07:51,924 [INFO] httpx: HTTP Request: POST http://test/api/v1/auth/register "HTTP/1.1 201 Created"
2026-09-22 23:07:52,118 [INFO] httpx: HTTP Request: POST http://test/api/v1/auth/login "HTTP/1.1 200 OK"
2026-09-22 23:07:52,328 [INFO] httpx: HTTP Request: POST http://test/api/v1/auth/register "HTTP/1.1 201 Created"
2026-09-22 23:07:52,524 [INFO] httpx: HTTP Request: POST http://test/api/v1/auth/login "HTTP/1.1 401 Unauthorized"
2026-09-22 23:07:52,740 [INFO] httpx: HTTP Request: POST http://test/api/v1/auth/register "HTTP/1.1 201 Created"
2026-09-22 23:07:52,745 [INFO] httpx: HTTP Request: POST http://test/api/v1/auth/onboarding "HTTP/1.1 200 OK"
2026-09-22 23:07:52,948 [INFO] httpx: HTTP Request: POST http://test/api/v1/auth/register "HTTP/1.1 201 Created"
2026-09-22 23:07:52,951 [INFO] httpx: HTTP Request: POST http://test/api/v1/auth/onboarding "HTTP/1.1 400 Bad Request"
2026-09-22 23:07:53,158 [INFO] httpx: HTTP Request: POST http://test/api/v1/auth/register "HTTP/1.1 201 Created"
2026-09-22 23:07:53,161 [INFO] httpx: HTTP Request: POST http://test/api/v1/auth/onboarding "HTTP/1.1 422 Unprocessable Entity"
2026-09-22 23:07:53,363 [INFO] httpx: HTTP Request: POST http://test/api/v1/auth/register/admin "HTTP/1.1 201 Created"
2026-09-22 23:07:53,380 [INFO] httpx: HTTP Request: POST http://test/api/v1/auth/register/admin "HTTP/1.1 422 Unprocessable Entity"
2026-09-22 23:07:53,402 [INFO] httpx: HTTP Request: POST http://test/api/v1/auth/register/admin "HTTP/1.1 400 Bad Request"
2026-09-22 23:07:53,605 [INFO] httpx: HTTP Request: POST http://test/api/v1/auth/register/admin "HTTP/1.1 201 Created"
2026-09-22 23:07:53,795 [INFO] httpx: HTTP Request: POST http://test/api/v1/auth/login/admin "HTTP/1.1 200 OK"
2026-09-22 23:07:54,007 [INFO] httpx: HTTP Request: POST http://test/api/v1/auth/register "HTTP/1.1 201 Created"
2026-09-22 23:07:54,197 [INFO] httpx: HTTP Request: POST http://test/api/v1/auth/login/admin "HTTP/1.1 403 Forbidden"
2026-09-22 23:07:54,403 [INFO] httpx: HTTP Request: POST http://test/api/v1/auth/register/admin "HTTP/1.1 201 Created"
2026-09-22 23:07:54,594 [INFO] httpx: HTTP Request: POST http://test/api/v1/auth/login/admin "HTTP/1.1 401 Unauthorized"
2026-09-22 23:07:54,819 [INFO] httpx: HTTP Request: POST http://test/api/v1/auth/register "HTTP/1.1 201 Created"
2026-09-22 23:07:54,822 [INFO] httpx: HTTP Request: GET http://test/api/v1/auth/me "HTTP/1.1 200 OK"
2026-09-22 23:07:54,842 [INFO] httpx: HTTP Request: GET http://test/api/v1/auth/me "HTTP/1.1 401 Unauthorized"
2026-09-22 23:07:55,058 [INFO] httpx: HTTP Request: POST http://test/api/v1/auth/register/admin "HTTP/1.1 201 Created"
2026-09-22 23:07:55,060 [INFO] httpx: HTTP Request: GET http://test/api/v1/auth/me "HTTP/1.1 403 Forbidden"
2026-09-22 23:07:55,272 [INFO] httpx: HTTP Request: POST http://test/api/v1/auth/register/admin "HTTP/1.1 201 Created"
2026-09-22 23:07:55,275 [INFO] httpx: HTTP Request: POST http://test/api/v1/auth/onboarding "HTTP/1.1 403 Forbidden"
2026-09-22 23:07:55,301 [INFO] httpx: HTTP Request: GET http://test/api/v1/auth/me "HTTP/1.1 200 OK"
2026-09-22 23:07:55,512 [INFO] httpx: HTTP Request: POST http://test/api/v1/auth/register "HTTP/1.1 201 Created"
2026-09-22 23:07:55,515 [INFO] httpx: HTTP Request: GET http://test/api/v1/auth/me "HTTP/1.1 200 OK"
2026-09-22 23:07:55,548 [INFO] httpx: HTTP Request: GET http://test/api/v1/negotiation/briefing/scenario-1 "HTTP/1.1 200 OK"
2026-09-22 23:07:55,570 [INFO] httpx: HTTP Request: GET http://test/api/v1/negotiation/briefing/scenario-1 "HTTP/1.1 200 OK"
2026-09-22 23:07:55,592 [INFO] httpx: HTTP Request: GET http://test/api/v1/negotiation/briefing/ghost "HTTP/1.1 404 Not Found"
2026-09-22 23:07:55,611 [INFO] httpx: HTTP Request: GET http://test/api/v1/negotiation/briefing/scenario-1 "HTTP/1.1 401 Unauthorized"
2026-09-22 23:07:55,822 [INFO] httpx: HTTP Request: POST http://test/api/v1/auth/register/admin "HTTP/1.1 201 Created"
2026-09-22 23:07:55,825 [INFO] httpx: HTTP Request: GET http://test/api/v1/negotiation/briefing/scenario-1 "HTTP/1.1 403 Forbidden"
2026-09-22 23:07:55,844 [INFO] httpx: HTTP Request: POST http://test/api/v1/auth/register "HTTP/1.1 400 Bad Request"
2026-09-22 23:07:56,088 [INFO] httpx: HTTP Request: POST http://test/api/v1/auth/register "HTTP/1.1 201 Created"
2026-09-22 23:07:56,297 [INFO] httpx: HTTP Request: POST http://test/api/v1/auth/register "HTTP/1.1 201 Created"
2026-09-22 23:07:56,501 [INFO] httpx: HTTP Request: POST http://test/api/v1/auth/register "HTTP/1.1 201 Created"
2026-09-22 23:07:56,503 [INFO] httpx: HTTP Request: GET http://test/api/v1/auth/me "HTTP/1.1 200 OK"
2026-09-22 23:07:56,519 [INFO] httpx: HTTP Request: POST http://test/api/v1/auth/register/admin "HTTP/1.1 400 Bad Request"
2026-09-22 23:07:56,723 [INFO] httpx: HTTP Request: POST http://test/api/v1/auth/register/admin "HTTP/1.1 201 Created"
2026-09-22 23:07:56,728 [INFO] httpx: HTTP Request: POST http://test/api/v1/scenarios/ "HTTP/1.1 201 Created"
2026-09-22 23:07:56,734 [INFO] httpx: HTTP Request: DELETE http://test/api/v1/scenarios/to-delete "HTTP/1.1 204 No Content"
2026-09-22 23:07:56,737 [INFO] httpx: HTTP Request: GET http://test/api/v1/scenarios/to-delete "HTTP/1.1 404 Not Found"
2026-09-22 23:07:56,947 [INFO] httpx: HTTP Request: POST http://test/api/v1/auth/register/admin "HTTP/1.1 201 Created"
2026-09-22 23:07:57,140 [INFO] httpx: HTTP Request: POST http://test/api/v1/auth/register/admin "HTTP/1.1 201 Created"
2026-09-22 23:07:57,146 [INFO] httpx: HTTP Request: POST http://test/api/v1/scenarios/ "HTTP/1.1 201 Created"
2026-09-22 23:07:57,148 [INFO] httpx: HTTP Request: DELETE http://test/api/v1/scenarios/protected-del "HTTP/1.1 403 Forbidden"
2026-09-22 23:07:57,353 [INFO] httpx: HTTP Request: POST http://test/api/v1/auth/register/admin "HTTP/1.1 201 Created"
2026-09-22 23:07:57,358 [INFO] httpx: HTTP Request: DELETE http://test/api/v1/scenarios/ghost "HTTP/1.1 404 Not Found"
2026-09-22 23:07:57,567 [INFO] httpx: HTTP Request: POST http://test/api/v1/auth/register/admin "HTTP/1.1 201 Created"
2026-09-22 23:07:57,572 [INFO] httpx: HTTP Request: POST http://test/api/v1/scenarios/ "HTTP/1.1 201 Created"
2026-09-22 23:07:57,578 [INFO] httpx: HTTP Request: POST http://test/api/v1/negotiation/start "HTTP/1.1 200 OK"
2026-09-22 23:07:57,582 [INFO] httpx: HTTP Request: DELETE http://test/api/v1/scenarios/detach-case "HTTP/1.1 204 No Content"
2026-09-22 23:07:57,586 [INFO] httpx: HTTP Request: GET http://test/api/v1/negotiation/sessions/user-1 "HTTP/1.1 200 OK"
2026-09-22 23:07:57,604 [INFO] httpx: HTTP Request: GET http://test/api/v1/health/ "HTTP/1.1 200 OK"
2026-09-22 23:07:57,624 [INFO] httpx: HTTP Request: GET http://test/ "HTTP/1.1 200 OK"
2026-09-22 23:07:57,641 [INFO] httpx: HTTP Request: GET http://test/api/v1/health/ "HTTP/1.1 200 OK"
2026-09-22 23:07:57,664 [INFO] httpx: HTTP Request: GET http://test/api/v1/negotiation/sessions/user-1 "HTTP/1.1 200 OK"
2026-09-22 23:07:57,688 [INFO] httpx: HTTP Request: POST http://test/api/v1/negotiation/start "HTTP/1.1 200 OK"
2026-09-22 23:07:57,692 [INFO] httpx: HTTP Request: GET http://test/api/v1/negotiation/sessions/user-1 "HTTP/1.1 200 OK"
2026-09-22 23:07:57,718 [INFO] httpx: HTTP Request: POST http://test/api/v1/negotiation/start "HTTP/1.1 200 OK"
2026-09-22 23:07:57,723 [INFO] httpx: HTTP Request: POST http://test/api/v1/negotiation/message "HTTP/1.1 200 OK"
2026-09-22 23:07:57,727 [INFO] httpx: HTTP Request: GET http://test/api/v1/negotiation/sessions/6be805c9-b794-47ff-8f97-4bf3c527fdd4/messages "HTTP/1.1 200 OK"
2026-09-22 23:07:57,756 [INFO] httpx: HTTP Request: POST http://test/api/v1/negotiation/start "HTTP/1.1 200 OK"
2026-09-22 23:07:57,761 [INFO] httpx: HTTP Request: POST http://test/api/v1/negotiation/c70a22c8-6685-4f33-8fed-5f6cfcbf0c3c/interrupt "HTTP/1.1 200 OK"
2026-09-22 23:07:57,790 [INFO] httpx: HTTP Request: POST http://test/api/v1/negotiation/start "HTTP/1.1 200 OK"
2026-09-22 23:07:57,795 [INFO] httpx: HTTP Request: POST http://test/api/v1/negotiation/32345368-c18c-4cb4-9ff7-f3aff501be78/interrupt "HTTP/1.1 200 OK"
2026-09-22 23:07:57,798 [INFO] httpx: HTTP Request: POST http://test/api/v1/negotiation/32345368-c18c-4cb4-9ff7-f3aff501be78/interrupt "HTTP/1.1 200 OK"
2026-09-22 23:07:57,825 [INFO] httpx: HTTP Request: POST http://test/api/v1/negotiation/start "HTTP/1.1 200 OK"
2026-09-22 23:07:57,831 [INFO] httpx: HTTP Request: POST http://test/api/v1/negotiation/message "HTTP/1.1 200 OK"
2026-09-22 23:07:57,843 [INFO] httpx: HTTP Request: POST http://test/api/v1/negotiation/end?session_id=44deb880-e89f-4264-85bb-b0d42bebb193 "HTTP/1.1 200 OK"
2026-09-22 23:07:57,846 [INFO] httpx: HTTP Request: POST http://test/api/v1/negotiation/44deb880-e89f-4264-85bb-b0d42bebb193/interrupt "HTTP/1.1 400 Bad Request"
2026-09-22 23:07:57,869 [INFO] httpx: HTTP Request: POST http://test/api/v1/negotiation/ghost-session/interrupt "HTTP/1.1 404 Not Found"
2026-09-22 23:07:57,895 [INFO] httpx: HTTP Request: POST http://test/api/v1/negotiation/start "HTTP/1.1 200 OK"
2026-09-22 23:07:57,900 [INFO] httpx: HTTP Request: POST http://test/api/v1/negotiation/e6cfddbf-08be-44a2-9aa7-23b1ffd6e1b7/interrupt "HTTP/1.1 200 OK"
2026-09-22 23:07:57,903 [INFO] httpx: HTTP Request: POST http://test/api/v1/negotiation/message "HTTP/1.1 400 Bad Request"
2026-09-22 23:07:57,930 [INFO] httpx: HTTP Request: POST http://test/api/v1/negotiation/start "HTTP/1.1 200 OK"
2026-09-22 23:07:57,935 [INFO] httpx: HTTP Request: POST http://test/api/v1/negotiation/d05a3286-69a8-49a7-9d42-0780e9fe2442/interrupt "HTTP/1.1 200 OK"
2026-09-22 23:07:57,937 [INFO] httpx: HTTP Request: POST http://test/api/v1/negotiation/end?session_id=d05a3286-69a8-49a7-9d42-0780e9fe2442 "HTTP/1.1 400 Bad Request"
2026-09-22 23:07:57,960 [INFO] httpx: HTTP Request: GET http://test/api/v1/users/user-1/interrupted-session "HTTP/1.1 200 OK"
2026-09-22 23:07:57,987 [INFO] httpx: HTTP Request: POST http://test/api/v1/negotiation/start "HTTP/1.1 200 OK"
2026-09-22 23:07:57,992 [INFO] httpx: HTTP Request: POST http://test/api/v1/negotiation/start "HTTP/1.1 200 OK"
2026-09-22 23:07:57,996 [INFO] httpx: HTTP Request: POST http://test/api/v1/negotiation/0bf92286-4b4e-4a5e-ac7e-88f44b8340ca/interrupt "HTTP/1.1 200 OK"
2026-09-22 23:07:58,000 [INFO] httpx: HTTP Request: POST http://test/api/v1/negotiation/3f72c510-12c7-4290-8609-8bd69efc0583/interrupt "HTTP/1.1 200 OK"
2026-09-22 23:07:58,006 [INFO] httpx: HTTP Request: GET http://test/api/v1/users/user-1/interrupted-session "HTTP/1.1 200 OK"
2026-09-22 23:07:58,025 [INFO] httpx: HTTP Request: GET http://test/api/v1/users/user-1/interrupted-session "HTTP/1.1 401 Unauthorized"
2026-09-22 23:07:58,233 [INFO] httpx: HTTP Request: POST http://test/api/v1/auth/register/admin "HTTP/1.1 201 Created"
2026-09-22 23:07:58,240 [INFO] httpx: HTTP Request: POST http://test/api/v1/scenarios/ "HTTP/1.1 201 Created"
2026-09-22 23:07:58,244 [INFO] httpx: HTTP Request: POST http://test/api/v1/scenarios/prev-case/publish "HTTP/1.1 200 OK"
2026-09-22 23:07:58,246 [INFO] httpx: HTTP Request: GET http://test/api/v1/invite/cxLKR2UB5F-wr6to "HTTP/1.1 200 OK"
2026-09-22 23:07:58,266 [INFO] httpx: HTTP Request: GET http://test/api/v1/invite/nonexistent-code-xyz "HTTP/1.1 404 Not Found"
2026-09-22 23:07:58,472 [INFO] httpx: HTTP Request: POST http://test/api/v1/auth/register/admin "HTTP/1.1 201 Created"
2026-09-22 23:07:58,478 [INFO] httpx: HTTP Request: POST http://test/api/v1/scenarios/ "HTTP/1.1 201 Created"
2026-09-22 23:07:58,483 [INFO] httpx: HTTP Request: POST http://test/api/v1/scenarios/arch-prev-case/publish "HTTP/1.1 200 OK"
2026-09-22 23:07:58,486 [INFO] httpx: HTTP Request: POST http://test/api/v1/scenarios/arch-prev-case/archive "HTTP/1.1 200 OK"
2026-09-22 23:07:58,489 [INFO] httpx: HTTP Request: GET http://test/api/v1/invite/qOKcomt1SBloA6rP "HTTP/1.1 410 Gone"
2026-09-22 23:07:58,698 [INFO] httpx: HTTP Request: POST http://test/api/v1/auth/register/admin "HTTP/1.1 201 Created"
2026-09-22 23:07:58,705 [INFO] httpx: HTTP Request: POST http://test/api/v1/scenarios/ "HTTP/1.1 201 Created"
2026-09-22 23:07:58,710 [INFO] httpx: HTTP Request: POST http://test/api/v1/scenarios/accept-case/publish "HTTP/1.1 200 OK"
2026-09-22 23:07:58,716 [INFO] httpx: HTTP Request: POST http://test/api/v1/invite/mBlUWP0G4dFSIXgD "HTTP/1.1 200 OK"
2026-09-22 23:07:58,935 [INFO] httpx: HTTP Request: POST http://test/api/v1/auth/register/admin "HTTP/1.1 201 Created"
2026-09-22 23:07:58,941 [INFO] httpx: HTTP Request: POST http://test/api/v1/scenarios/ "HTTP/1.1 201 Created"
2026-09-22 23:07:58,947 [INFO] httpx: HTTP Request: POST http://test/api/v1/scenarios/idem-case/publish "HTTP/1.1 200 OK"
2026-09-22 23:07:58,953 [INFO] httpx: HTTP Request: POST http://test/api/v1/invite/wi5fJMxp8jXpG-6x "HTTP/1.1 200 OK"
2026-09-22 23:07:58,957 [INFO] httpx: HTTP Request: POST http://test/api/v1/invite/wi5fJMxp8jXpG-6x "HTTP/1.1 200 OK"
2026-09-22 23:07:59,173 [INFO] httpx: HTTP Request: POST http://test/api/v1/auth/register/admin "HTTP/1.1 201 Created"
2026-09-22 23:07:59,180 [INFO] httpx: HTTP Request: POST http://test/api/v1/scenarios/ "HTTP/1.1 201 Created"
2026-09-22 23:07:59,184 [INFO] httpx: HTTP Request: POST http://test/api/v1/scenarios/noauth-case/publish "HTTP/1.1 200 OK"
2026-09-22 23:07:59,186 [INFO] httpx: HTTP Request: POST http://test/api/v1/invite/ETZVLjrJ_lHaqWCR "HTTP/1.1 401 Unauthorized"
2026-09-22 23:07:59,397 [INFO] httpx: HTTP Request: POST http://test/api/v1/auth/register/admin "HTTP/1.1 201 Created"
2026-09-22 23:07:59,586 [INFO] httpx: HTTP Request: POST http://test/api/v1/auth/register/admin "HTTP/1.1 201 Created"
2026-09-22 23:07:59,594 [INFO] httpx: HTTP Request: POST http://test/api/v1/scenarios/ "HTTP/1.1 201 Created"
2026-09-22 23:07:59,598 [INFO] httpx: HTTP Request: POST http://test/api/v1/scenarios/admin-inv-case/publish "HTTP/1.1 200 OK"
2026-09-22 23:07:59,600 [INFO] httpx: HTTP Request: POST http://test/api/v1/invite/6biFPqkq3hPhyOAT "HTTP/1.1 403 Forbidden"
2026-09-22 23:07:59,623 [INFO] httpx: HTTP Request: GET http://test/api/v1/users/user-1/added-cases "HTTP/1.1 200 OK"
2026-09-22 23:07:59,836 [INFO] httpx: HTTP Request: POST http://test/api/v1/auth/register/admin "HTTP/1.1 201 Created"
2026-09-22 23:07:59,842 [INFO] httpx: HTTP Request: POST http://test/api/v1/scenarios/ "HTTP/1.1 201 Created"
2026-09-22 23:07:59,846 [INFO] httpx: HTTP Request: POST http://test/api/v1/scenarios/list-add-case/publish "HTTP/1.1 200 OK"
2026-09-22 23:07:59,851 [INFO] httpx: HTTP Request: POST http://test/api/v1/invite/30NFunSrFXhTLcyi "HTTP/1.1 200 OK"
2026-09-22 23:07:59,855 [INFO] httpx: HTTP Request: GET http://test/api/v1/users/user-1/added-cases "HTTP/1.1 200 OK"
2026-09-22 23:08:00,071 [INFO] httpx: HTTP Request: POST http://test/api/v1/auth/register "HTTP/1.1 201 Created"
2026-09-22 23:08:00,080 [INFO] httpx: HTTP Request: POST http://test/api/v1/negotiation/start "HTTP/1.1 200 OK"
2026-09-22 23:08:00,289 [INFO] httpx: HTTP Request: POST http://test/api/v1/auth/register "HTTP/1.1 201 Created"
2026-09-22 23:08:00,294 [INFO] httpx: HTTP Request: POST http://test/api/v1/negotiation/start "HTTP/1.1 404 Not Found"
2026-09-22 23:08:00,506 [INFO] httpx: HTTP Request: POST http://test/api/v1/auth/register "HTTP/1.1 201 Created"
2026-09-22 23:08:00,516 [INFO] httpx: HTTP Request: POST http://test/api/v1/negotiation/start "HTTP/1.1 200 OK"
2026-09-22 23:08:00,523 [INFO] httpx: HTTP Request: POST http://test/api/v1/negotiation/message "HTTP/1.1 200 OK"
2026-09-22 23:08:00,732 [INFO] httpx: HTTP Request: POST http://test/api/v1/auth/register "HTTP/1.1 201 Created"
2026-09-22 23:08:00,737 [INFO] httpx: HTTP Request: POST http://test/api/v1/negotiation/message "HTTP/1.1 404 Not Found"
2026-09-22 23:08:00,947 [INFO] httpx: HTTP Request: POST http://test/api/v1/auth/register "HTTP/1.1 201 Created"
2026-09-22 23:08:00,955 [INFO] httpx: HTTP Request: POST http://test/api/v1/negotiation/start "HTTP/1.1 200 OK"
2026-09-22 23:08:00,961 [INFO] httpx: HTTP Request: POST http://test/api/v1/negotiation/message "HTTP/1.1 200 OK"
2026-09-22 23:08:00,974 [INFO] httpx: HTTP Request: POST http://test/api/v1/negotiation/end?session_id=d1888c1d-4516-4b49-9ee6-87e2c48d133d "HTTP/1.1 200 OK"
2026-09-22 23:08:01,186 [INFO] httpx: HTTP Request: POST http://test/api/v1/auth/register "HTTP/1.1 201 Created"
2026-09-22 23:08:01,194 [INFO] httpx: HTTP Request: POST http://test/api/v1/negotiation/start "HTTP/1.1 200 OK"
2026-09-22 23:08:01,200 [INFO] httpx: HTTP Request: POST http://test/api/v1/negotiation/message "HTTP/1.1 200 OK"
2026-09-22 23:08:01,212 [INFO] httpx: HTTP Request: POST http://test/api/v1/negotiation/end?session_id=f69c8897-6a14-4710-a7d7-7776813b8e05 "HTTP/1.1 200 OK"
2026-09-22 23:08:01,215 [INFO] httpx: HTTP Request: GET http://test/api/v1/negotiation/analysis/f69c8897-6a14-4710-a7d7-7776813b8e05 "HTTP/1.1 200 OK"
2026-09-22 23:08:01,426 [INFO] httpx: HTTP Request: POST http://test/api/v1/auth/register "HTTP/1.1 201 Created"
2026-09-22 23:08:01,435 [INFO] httpx: HTTP Request: POST http://test/api/v1/negotiation/start "HTTP/1.1 200 OK"
2026-09-22 23:08:01,440 [INFO] httpx: HTTP Request: POST http://test/api/v1/negotiation/message "HTTP/1.1 200 OK"
2026-09-22 23:08:01,453 [INFO] httpx: HTTP Request: POST http://test/api/v1/negotiation/end?session_id=962dc8d4-d261-41f4-95b7-4476f077347d "HTTP/1.1 200 OK"
2026-09-22 23:08:01,456 [INFO] httpx: HTTP Request: POST http://test/api/v1/negotiation/message "HTTP/1.1 400 Bad Request"
2026-09-22 23:08:01,669 [INFO] httpx: HTTP Request: POST http://test/api/v1/auth/register/admin "HTTP/1.1 201 Created"
2026-09-22 23:08:01,671 [INFO] httpx: HTTP Request: POST http://test/api/v1/negotiation/start "HTTP/1.1 403 Forbidden"
2026-09-22 23:08:01,691 [INFO] httpx: HTTP Request: POST http://test/api/v1/negotiation/start "HTTP/1.1 401 Unauthorized"
2026-09-22 23:08:01,902 [INFO] httpx: HTTP Request: POST http://test/api/v1/auth/register "HTTP/1.1 201 Created"
2026-09-22 23:08:01,910 [INFO] httpx: HTTP Request: POST http://test/api/v1/negotiation/start "HTTP/1.1 200 OK"
2026-09-22 23:08:01,916 [INFO] httpx: HTTP Request: POST http://test/api/v1/negotiation/message "HTTP/1.1 200 OK"
2026-09-22 23:08:01,928 [INFO] httpx: HTTP Request: POST http://test/api/v1/negotiation/end?session_id=33e34c5a-6540-44df-a639-6f48f8986454 "HTTP/1.1 200 OK"
2026-09-22 23:08:01,931 [INFO] httpx: HTTP Request: GET http://test/api/v1/negotiation/analysis/33e34c5a-6540-44df-a639-6f48f8986454 "HTTP/1.1 403 Forbidden"
2026-09-22 23:08:02,185 [INFO] httpx: HTTP Request: POST http://test/api/v1/auth/register "HTTP/1.1 201 Created"
2026-09-22 23:08:02,191 [INFO] httpx: HTTP Request: POST http://test/api/v1/negotiation/start "HTTP/1.1 200 OK"
2026-09-22 23:08:02,195 [INFO] httpx: HTTP Request: POST http://test/api/v1/negotiation/message "HTTP/1.1 403 Forbidden"
2026-09-22 23:08:02,405 [INFO] httpx: HTTP Request: POST http://test/api/v1/auth/register "HTTP/1.1 201 Created"
2026-09-22 23:08:02,413 [INFO] httpx: HTTP Request: POST http://test/api/v1/negotiation/start "HTTP/1.1 200 OK"
2026-09-22 23:08:02,418 [INFO] httpx: HTTP Request: POST http://test/api/v1/negotiation/c53213d2-a0db-43aa-be2d-6683d648ba18/interrupt "HTTP/1.1 403 Forbidden"
2026-09-22 23:08:02,625 [INFO] httpx: HTTP Request: POST http://test/api/v1/auth/register "HTTP/1.1 201 Created"
2026-09-22 23:08:02,632 [INFO] httpx: HTTP Request: POST http://test/api/v1/negotiation/start "HTTP/1.1 200 OK"
2026-09-22 23:08:02,635 [INFO] httpx: HTTP Request: POST http://test/api/v1/negotiation/end?session_id=bd27c977-0b56-48b7-8519-83f7373fb1e8 "HTTP/1.1 403 Forbidden"
2026-09-22 23:08:02,844 [INFO] httpx: HTTP Request: POST http://test/api/v1/auth/register "HTTP/1.1 201 Created"
2026-09-22 23:08:02,848 [INFO] httpx: HTTP Request: GET http://test/api/v1/negotiation/sessions/user-1 "HTTP/1.1 403 Forbidden"
2026-09-22 23:08:03,056 [INFO] httpx: HTTP Request: POST http://test/api/v1/auth/register "HTTP/1.1 201 Created"
2026-09-22 23:08:03,060 [INFO] httpx: HTTP Request: GET http://test/api/v1/users/user-1/skills "HTTP/1.1 403 Forbidden"
2026-09-22 23:08:03,271 [INFO] httpx: HTTP Request: POST http://test/api/v1/auth/register "HTTP/1.1 201 Created"
2026-09-22 23:08:03,274 [INFO] httpx: HTTP Request: GET http://test/api/v1/users/user-1/recommendations "HTTP/1.1 403 Forbidden"
2026-09-22 23:08:03,485 [INFO] httpx: HTTP Request: POST http://test/api/v1/auth/register "HTTP/1.1 201 Created"
2026-09-22 23:08:03,489 [INFO] httpx: HTTP Request: GET http://test/api/v1/negotiation/progress/user-1 "HTTP/1.1 403 Forbidden"
2026-09-22 23:08:03,506 [INFO] httpx: HTTP Request: POST http://test/api/v1/auth/register "HTTP/1.1 422 Unprocessable Entity"
2026-09-22 23:08:03,523 [INFO] httpx: HTTP Request: POST http://test/api/v1/auth/register "HTTP/1.1 422 Unprocessable Entity"
2026-09-22 23:08:03,538 [INFO] httpx: HTTP Request: POST http://test/api/v1/auth/register "HTTP/1.1 422 Unprocessable Entity"
2026-09-22 23:08:03,557 [INFO] httpx: HTTP Request: POST http://test/api/v1/auth/register "HTTP/1.1 422 Unprocessable Entity"
2026-09-22 23:08:03,762 [INFO] httpx: HTTP Request: POST http://test/api/v1/auth/register "HTTP/1.1 201 Created"
2026-09-22 23:08:03,968 [INFO] httpx: HTTP Request: POST http://test/api/v1/auth/register "HTTP/1.1 201 Created"
2026-09-22 23:08:04,175 [INFO] httpx: HTTP Request: POST http://test/api/v1/auth/register "HTTP/1.1 201 Created"
2026-09-22 23:08:04,192 [INFO] httpx: HTTP Request: POST http://test/api/v1/auth/register/admin "HTTP/1.1 422 Unprocessable Entity"
2026-09-22 23:08:04,398 [INFO] httpx: HTTP Request: POST http://test/api/v1/auth/register/admin "HTTP/1.1 201 Created"
2026-09-22 23:08:04,420 [INFO] httpx: HTTP Request: GET http://test/api/v1/negotiation/progress/user-1 "HTTP/1.1 200 OK"
2026-09-22 23:08:04,446 [INFO] httpx: HTTP Request: POST http://test/api/v1/negotiation/start "HTTP/1.1 200 OK"
2026-09-22 23:08:04,452 [INFO] httpx: HTTP Request: POST http://test/api/v1/negotiation/message "HTTP/1.1 200 OK"
2026-09-22 23:08:04,463 [INFO] httpx: HTTP Request: POST http://test/api/v1/negotiation/end?session_id=c6367fe0-37da-44c8-8df1-39f022de9ede "HTTP/1.1 200 OK"
2026-09-22 23:08:04,467 [INFO] httpx: HTTP Request: GET http://test/api/v1/negotiation/progress/user-1 "HTTP/1.1 200 OK"
2026-09-22 23:08:04,492 [INFO] httpx: HTTP Request: POST http://test/api/v1/negotiation/start "HTTP/1.1 200 OK"
2026-09-22 23:08:04,498 [INFO] httpx: HTTP Request: POST http://test/api/v1/negotiation/message "HTTP/1.1 200 OK"
2026-09-22 23:08:04,508 [INFO] httpx: HTTP Request: POST http://test/api/v1/negotiation/end?session_id=bd47ca2b-665b-432b-9367-6bd9feea47e1 "HTTP/1.1 200 OK"
2026-09-22 23:08:04,513 [INFO] httpx: HTTP Request: POST http://test/api/v1/negotiation/start "HTTP/1.1 200 OK"
2026-09-22 23:08:04,519 [INFO] httpx: HTTP Request: POST http://test/api/v1/negotiation/message "HTTP/1.1 200 OK"
2026-09-22 23:08:04,529 [INFO] httpx: HTTP Request: POST http://test/api/v1/negotiation/end?session_id=079b70b4-db43-4c16-bade-ef21caba5d4a "HTTP/1.1 200 OK"
2026-09-22 23:08:04,532 [INFO] httpx: HTTP Request: GET http://test/api/v1/negotiation/progress/user-1 "HTTP/1.1 200 OK"
2026-09-22 23:08:04,551 [INFO] httpx: HTTP Request: GET http://test/api/v1/negotiation/progress/user-1 "HTTP/1.1 401 Unauthorized"
2026-09-22 23:08:04,760 [INFO] httpx: HTTP Request: POST http://test/api/v1/auth/register/admin "HTTP/1.1 201 Created"
2026-09-22 23:08:04,762 [INFO] httpx: HTTP Request: GET http://test/api/v1/negotiation/progress/user-1 "HTTP/1.1 403 Forbidden"
2026-09-22 23:08:04,781 [INFO] httpx: HTTP Request: GET http://test/api/v1/scenarios/ "HTTP/1.1 200 OK"
2026-09-22 23:08:04,802 [INFO] httpx: HTTP Request: GET http://test/api/v1/scenarios/ "HTTP/1.1 200 OK"
2026-09-22 23:08:04,826 [INFO] httpx: HTTP Request: GET http://test/api/v1/scenarios/scenario-1 "HTTP/1.1 200 OK"
2026-09-22 23:08:04,844 [INFO] httpx: HTTP Request: GET http://test/api/v1/scenarios/nonexistent "HTTP/1.1 404 Not Found"
2026-09-22 23:08:04,976 [INFO] httpx: HTTP Request: POST http://test/api/v1/negotiation/start "HTTP/1.1 200 OK"
2026-09-22 23:08:04,981 [INFO] httpx: HTTP Request: POST http://test/api/v1/negotiation/message "HTTP/1.1 200 OK"
2026-09-22 23:08:04,994 [INFO] httpx: HTTP Request: POST http://test/api/v1/negotiation/end?session_id=07512a67-f6df-472f-9cd8-3ef3a9f279fe "HTTP/1.1 200 OK"
2026-09-22 23:08:04,997 [INFO] httpx: HTTP Request: GET http://test/api/v1/users/user-1/skills "HTTP/1.1 200 OK"
2026-09-22 23:08:05,018 [INFO] httpx: HTTP Request: GET http://test/api/v1/users/user-1/skills "HTTP/1.1 200 OK"
2026-09-22 23:08:05,037 [INFO] httpx: HTTP Request: GET http://test/api/v1/users/user-1/skills "HTTP/1.1 401 Unauthorized"
2026-09-22 23:08:05,249 [INFO] httpx: HTTP Request: POST http://test/api/v1/auth/register/admin "HTTP/1.1 201 Created"
2026-09-22 23:08:05,252 [INFO] httpx: HTTP Request: GET http://test/api/v1/users/user-1/skills "HTTP/1.1 403 Forbidden"
2026-09-22 23:08:05,278 [INFO] httpx: HTTP Request: POST http://test/api/v1/negotiation/start "HTTP/1.1 200 OK"
2026-09-22 23:08:05,283 [INFO] httpx: HTTP Request: POST http://test/api/v1/negotiation/message "HTTP/1.1 200 OK"
2026-09-22 23:08:05,288 [INFO] httpx: HTTP Request: POST http://test/api/v1/negotiation/message "HTTP/1.1 200 OK"
2026-09-22 23:08:05,293 [INFO] httpx: HTTP Request: POST http://test/api/v1/negotiation/message "HTTP/1.1 200 OK"
2026-09-22 23:08:05,305 [INFO] httpx: HTTP Request: POST http://test/api/v1/negotiation/end?session_id=c2d1f235-83c4-4e74-bed2-662998b69f28 "HTTP/1.1 200 OK"
2026-09-22 23:08:05,330 [INFO] httpx: HTTP Request: POST http://test/api/v1/negotiation/start "HTTP/1.1 200 OK"
2026-09-22 23:08:05,336 [INFO] httpx: HTTP Request: POST http://test/api/v1/negotiation/message "HTTP/1.1 200 OK"
2026-09-22 23:08:05,340 [INFO] httpx: HTTP Request: POST http://test/api/v1/negotiation/message "HTTP/1.1 200 OK"
2026-09-22 23:08:05,353 [INFO] httpx: HTTP Request: POST http://test/api/v1/negotiation/end?session_id=c4b08bd2-3138-49ae-bc93-d3bc487cca0e "HTTP/1.1 200 OK"
2026-09-22 23:08:05,382 [INFO] httpx: HTTP Request: POST http://test/api/v1/negotiation/start "HTTP/1.1 200 OK"
2026-09-22 23:08:05,388 [INFO] httpx: HTTP Request: POST http://test/api/v1/negotiation/message "HTTP/1.1 200 OK"
2026-09-22 23:08:05,393 [INFO] httpx: HTTP Request: POST http://test/api/v1/negotiation/message "HTTP/1.1 200 OK"
2026-09-22 23:08:05,397 [INFO] httpx: HTTP Request: POST http://test/api/v1/negotiation/message "HTTP/1.1 200 OK"
2026-09-22 23:08:05,410 [INFO] httpx: HTTP Request: POST http://test/api/v1/negotiation/end?session_id=611c3472-79f3-415e-baa4-42baf49f513f "HTTP/1.1 200 OK"
2026-09-22 23:08:05,412 [INFO] httpx: HTTP Request: GET http://test/api/v1/negotiation/analysis/611c3472-79f3-415e-baa4-42baf49f513f "HTTP/1.1 200 OK"
2026-09-22 23:08:05,438 [INFO] httpx: HTTP Request: POST http://test/api/v1/negotiation/start "HTTP/1.1 200 OK"
2026-09-22 23:08:05,444 [INFO] httpx: HTTP Request: POST http://test/api/v1/negotiation/message "HTTP/1.1 200 OK"
2026-09-22 23:08:05,456 [INFO] httpx: HTTP Request: POST http://test/api/v1/negotiation/end?session_id=e8fc2f15-7e0c-404a-ae02-85507f20941e "HTTP/1.1 200 OK"
2026-09-22 23:08:05,483 [INFO] httpx: HTTP Request: POST http://test/api/v1/negotiation/start "HTTP/1.1 200 OK"
2026-09-22 23:08:05,489 [INFO] httpx: HTTP Request: POST http://test/api/v1/negotiation/voice "HTTP/1.1 200 OK"
2026-09-22 23:08:05,514 [INFO] httpx: HTTP Request: POST http://test/api/v1/negotiation/voice "HTTP/1.1 404 Not Found"
2026-09-22 23:08:05,536 [INFO] httpx: HTTP Request: POST http://test/api/v1/negotiation/voice "HTTP/1.1 401 Unauthorized"
2026-09-22 23:08:05,747 [INFO] httpx: HTTP Request: POST http://test/api/v1/auth/register/admin "HTTP/1.1 201 Created"
2026-09-22 23:08:05,750 [INFO] httpx: HTTP Request: POST http://test/api/v1/negotiation/voice "HTTP/1.1 403 Forbidden"
2026-09-22 23:08:05,783 [INFO] httpx: HTTP Request: POST http://test/api/v1/negotiation/start "HTTP/1.1 200 OK"
2026-09-22 23:08:05,789 [INFO] httpx: HTTP Request: POST http://test/api/v1/negotiation/message "HTTP/1.1 200 OK"
2026-09-22 23:08:05,801 [INFO] httpx: HTTP Request: POST http://test/api/v1/negotiation/end?session_id=1032fc6d-c370-4928-b8bb-ff7551dac9fa "HTTP/1.1 200 OK"
2026-09-22 23:08:05,827 [INFO] httpx: HTTP Request: POST http://test/api/v1/negotiation/start "HTTP/1.1 200 OK"
2026-09-22 23:08:05,833 [INFO] httpx: HTTP Request: POST http://test/api/v1/negotiation/message "HTTP/1.1 200 OK"
2026-09-22 23:08:05,845 [INFO] httpx: HTTP Request: POST http://test/api/v1/negotiation/end?session_id=83c41a9f-23e9-4891-98e8-5ed169055e00 "HTTP/1.1 200 OK"
2026-09-22 23:08:05,846 [INFO] httpx: HTTP Request: GET http://test/api/v1/auth/me "HTTP/1.1 200 OK"
2026-09-22 23:10:45,671 [INFO] httpx: HTTP Request: POST http://test/api/v1/auth/register/admin "HTTP/1.1 201 Created"
2026-09-22 23:10:45,679 [INFO] httpx: HTTP Request: POST http://test/api/v1/scenarios/ "HTTP/1.1 201 Created"
2026-09-22 23:10:45,883 [INFO] httpx: HTTP Request: POST http://test/api/v1/auth/register "HTTP/1.1 201 Created"
2026-09-22 23:10:45,888 [INFO] httpx: HTTP Request: POST http://test/api/v1/scenarios/ "HTTP/1.1 403 Forbidden"
2026-09-22 23:10:46,091 [INFO] httpx: HTTP Request: POST http://test/api/v1/auth/register/admin "HTTP/1.1 201 Created"
2026-09-22 23:10:46,096 [INFO] httpx: HTTP Request: GET http://test/api/v1/scenarios/my "HTTP/1.1 200 OK"
2026-09-22 23:10:46,324 [INFO] httpx: HTTP Request: POST http://test/api/v1/auth/register/admin "HTTP/1.1 201 Created"
2026-09-22 23:10:46,511 [INFO] httpx: HTTP Request: POST http://test/api/v1/auth/register/admin "HTTP/1.1 201 Created"
2026-09-22 23:10:46,517 [INFO] httpx: HTTP Request: POST http://test/api/v1/scenarios/ "HTTP/1.1 201 Created"
2026-09-22 23:10:46,521 [INFO] httpx: HTTP Request: POST http://test/api/v1/scenarios/ "HTTP/1.1 201 Created"
2026-09-22 23:10:46,524 [INFO] httpx: HTTP Request: GET http://test/api/v1/scenarios/my "HTTP/1.1 200 OK"
2026-09-22 23:10:46,728 [INFO] httpx: HTTP Request: POST http://test/api/v1/auth/register/admin "HTTP/1.1 201 Created"
2026-09-22 23:10:46,733 [INFO] httpx: HTTP Request: POST http://test/api/v1/scenarios/ "HTTP/1.1 201 Created"
2026-09-22 23:10:46,738 [INFO] httpx: HTTP Request: POST http://test/api/v1/scenarios/pub-case/publish "HTTP/1.1 400 Bad Request"
2026-09-22 23:10:46,942 [INFO] httpx: HTTP Request: POST http://test/api/v1/auth/register/admin "HTTP/1.1 201 Created"
2026-09-22 23:10:46,948 [INFO] httpx: HTTP Request: POST http://test/api/v1/scenarios/ "HTTP/1.1 201 Created"
2026-09-22 23:10:46,952 [INFO] httpx: HTTP Request: POST http://test/api/v1/scenarios/ready-case/publish "HTTP/1.1 200 OK"
2026-09-22 23:10:47,158 [INFO] httpx: HTTP Request: POST http://test/api/v1/auth/register/admin "HTTP/1.1 201 Created"
2026-09-22 23:10:47,354 [INFO] httpx: HTTP Request: POST http://test/api/v1/auth/register/admin "HTTP/1.1 201 Created"
2026-09-22 23:10:47,361 [INFO] httpx: HTTP Request: POST http://test/api/v1/scenarios/ "HTTP/1.1 201 Created"
2026-09-22 23:10:47,365 [INFO] httpx: HTTP Request: POST http://test/api/v1/scenarios/owner-case/publish "HTTP/1.1 403 Forbidden"
2026-09-22 23:10:47,576 [INFO] httpx: HTTP Request: POST http://test/api/v1/auth/register/admin "HTTP/1.1 201 Created"
2026-09-22 23:10:47,583 [INFO] httpx: HTTP Request: POST http://test/api/v1/scenarios/ "HTTP/1.1 201 Created"
2026-09-22 23:10:47,588 [INFO] httpx: HTTP Request: POST http://test/api/v1/scenarios/arch-case/publish "HTTP/1.1 200 OK"
2026-09-22 23:10:47,592 [INFO] httpx: HTTP Request: POST http://test/api/v1/scenarios/arch-case/archive "HTTP/1.1 200 OK"
2026-09-22 23:10:47,803 [INFO] httpx: HTTP Request: POST http://test/api/v1/auth/register/admin "HTTP/1.1 201 Created"
2026-09-22 23:10:47,809 [INFO] httpx: HTTP Request: POST http://test/api/v1/scenarios/ "HTTP/1.1 201 Created"
2026-09-22 23:10:47,813 [INFO] httpx: HTTP Request: POST http://test/api/v1/scenarios/hidden-case/publish "HTTP/1.1 200 OK"
2026-09-22 23:10:47,817 [INFO] httpx: HTTP Request: GET http://test/api/v1/scenarios/ "HTTP/1.1 200 OK"
2026-09-22 23:10:48,031 [INFO] httpx: HTTP Request: POST http://test/api/v1/auth/register/admin "HTTP/1.1 201 Created"
2026-09-22 23:10:48,039 [INFO] httpx: HTTP Request: POST http://test/api/v1/scenarios/ "HTTP/1.1 201 Created"
2026-09-22 23:10:48,044 [INFO] httpx: HTTP Request: PUT http://test/api/v1/scenarios/upd-case "HTTP/1.1 200 OK"
2026-09-22 23:10:48,252 [INFO] httpx: HTTP Request: POST http://test/api/v1/auth/register/admin "HTTP/1.1 201 Created"
2026-09-22 23:10:48,446 [INFO] httpx: HTTP Request: POST http://test/api/v1/auth/register/admin "HTTP/1.1 201 Created"
2026-09-22 23:10:48,454 [INFO] httpx: HTTP Request: POST http://test/api/v1/scenarios/ "HTTP/1.1 201 Created"
2026-09-22 23:10:48,457 [INFO] httpx: HTTP Request: PUT http://test/api/v1/scenarios/protected-case "HTTP/1.1 403 Forbidden"
2026-09-22 23:10:48,487 [INFO] httpx: HTTP Request: POST http://test/api/v1/negotiation/start "HTTP/1.1 200 OK"
2026-09-22 23:10:48,493 [INFO] httpx: HTTP Request: POST http://test/api/v1/negotiation/message "HTTP/1.1 200 OK"
2026-09-22 23:10:48,508 [INFO] httpx: HTTP Request: POST http://test/api/v1/negotiation/end?session_id=a7cd7c39-188e-4ac9-b672-aa02bad8d4e4 "HTTP/1.1 200 OK"
2026-09-22 23:10:48,540 [INFO] httpx: HTTP Request: POST http://test/api/v1/negotiation/start "HTTP/1.1 200 OK"
2026-09-22 23:10:48,546 [INFO] httpx: HTTP Request: POST http://test/api/v1/negotiation/message "HTTP/1.1 200 OK"
2026-09-22 23:10:48,560 [INFO] httpx: HTTP Request: POST http://test/api/v1/negotiation/end?session_id=c2b532d5-b0f5-46af-9b17-ec4dc5f17af3 "HTTP/1.1 200 OK"
2026-09-22 23:10:48,563 [INFO] httpx: HTTP Request: GET http://test/api/v1/negotiation/analysis/c2b532d5-b0f5-46af-9b17-ec4dc5f17af3 "HTTP/1.1 200 OK"
2026-09-22 23:10:48,593 [INFO] httpx: HTTP Request: POST http://test/api/v1/negotiation/start "HTTP/1.1 200 OK"
2026-09-22 23:10:48,600 [INFO] httpx: HTTP Request: POST http://test/api/v1/negotiation/message "HTTP/1.1 200 OK"
2026-09-22 23:10:48,613 [INFO] httpx: HTTP Request: POST http://test/api/v1/negotiation/end?session_id=f640a0d9-0aec-4d56-8837-41fa70165b41 "HTTP/1.1 200 OK"
2026-09-22 23:10:48,825 [INFO] httpx: HTTP Request: POST http://test/api/v1/auth/register "HTTP/1.1 201 Created"
2026-09-22 23:10:48,844 [INFO] httpx: HTTP Request: POST http://test/api/v1/auth/register "HTTP/1.1 422 Unprocessable Entity"
2026-09-22 23:10:48,868 [INFO] httpx: HTTP Request: POST http://test/api/v1/auth/register "HTTP/1.1 400 Bad Request"
2026-09-22 23:10:49,076 [INFO] httpx: HTTP Request: POST http://test/api/v1/auth/register "HTTP/1.1 201 Created"
2026-09-22 23:10:49,284 [INFO] httpx: HTTP Request: POST http://test/api/v1/auth/register "HTTP/1.1 201 Created"
2026-09-22 23:10:49,476 [INFO] httpx: HTTP Request: POST http://test/api/v1/auth/login "HTTP/1.1 200 OK"
2026-09-22 23:10:49,691 [INFO] httpx: HTTP Request: POST http://test/api/v1/auth/register "HTTP/1.1 201 Created"
2026-09-22 23:10:49,879 [INFO] httpx: HTTP Request: POST http://test/api/v1/auth/login "HTTP/1.1 401 Unauthorized"
2026-09-22 23:10:50,083 [INFO] httpx: HTTP Request: POST http://test/api/v1/auth/register "HTTP/1.1 201 Created"
2026-09-22 23:10:50,088 [INFO] httpx: HTTP Request: POST http://test/api/v1/auth/onboarding "HTTP/1.1 200 OK"
2026-09-22 23:10:50,297 [INFO] httpx: HTTP Request: POST http://test/api/v1/auth/register "HTTP/1.1 201 Created"
2026-09-22 23:10:50,299 [INFO] httpx: HTTP Request: POST http://test/api/v1/auth/onboarding "HTTP/1.1 400 Bad Request"
2026-09-22 23:10:50,500 [INFO] httpx: HTTP Request: POST http://test/api/v1/auth/register "HTTP/1.1 201 Created"
2026-09-22 23:10:50,502 [INFO] httpx: HTTP Request: POST http://test/api/v1/auth/onboarding "HTTP/1.1 422 Unprocessable Entity"
2026-09-22 23:10:50,705 [INFO] httpx: HTTP Request: POST http://test/api/v1/auth/register/admin "HTTP/1.1 201 Created"
2026-09-22 23:10:50,721 [INFO] httpx: HTTP Request: POST http://test/api/v1/auth/register/admin "HTTP/1.1 422 Unprocessable Entity"
2026-09-22 23:10:50,741 [INFO] httpx: HTTP Request: POST http://test/api/v1/auth/register/admin "HTTP/1.1 400 Bad Request"
2026-09-22 23:10:50,946 [INFO] httpx: HTTP Request: POST http://test/api/v1/auth/register/admin "HTTP/1.1 201 Created"
2026-09-22 23:10:51,136 [INFO] httpx: HTTP Request: POST http://test/api/v1/auth/login/admin "HTTP/1.1 200 OK"
2026-09-22 23:10:51,338 [INFO] httpx: HTTP Request: POST http://test/api/v1/auth/register "HTTP/1.1 201 Created"
2026-09-22 23:10:51,525 [INFO] httpx: HTTP Request: POST http://test/api/v1/auth/login/admin "HTTP/1.1 403 Forbidden"
2026-09-22 23:10:51,733 [INFO] httpx: HTTP Request: POST http://test/api/v1/auth/register/admin "HTTP/1.1 201 Created"
2026-09-22 23:10:51,923 [INFO] httpx: HTTP Request: POST http://test/api/v1/auth/login/admin "HTTP/1.1 401 Unauthorized"
2026-09-22 23:10:52,128 [INFO] httpx: HTTP Request: POST http://test/api/v1/auth/register "HTTP/1.1 201 Created"
2026-09-22 23:10:52,130 [INFO] httpx: HTTP Request: GET http://test/api/v1/auth/me "HTTP/1.1 200 OK"
2026-09-22 23:10:52,148 [INFO] httpx: HTTP Request: GET http://test/api/v1/auth/me "HTTP/1.1 401 Unauthorized"
2026-09-22 23:10:52,356 [INFO] httpx: HTTP Request: POST http://test/api/v1/auth/register/admin "HTTP/1.1 201 Created"
2026-09-22 23:10:52,359 [INFO] httpx: HTTP Request: GET http://test/api/v1/auth/me "HTTP/1.1 403 Forbidden"
2026-09-22 23:10:52,578 [INFO] httpx: HTTP Request: POST http://test/api/v1/auth/register/admin "HTTP/1.1 201 Created"
2026-09-22 23:10:52,581 [INFO] httpx: HTTP Request: POST http://test/api/v1/auth/onboarding "HTTP/1.1 403 Forbidden"
2026-09-22 23:10:52,606 [INFO] httpx: HTTP Request: GET http://test/api/v1/auth/me "HTTP/1.1 200 OK"
2026-09-22 23:10:52,818 [INFO] httpx: HTTP Request: POST http://test/api/v1/auth/register "HTTP/1.1 201 Created"
2026-09-22 23:10:52,819 [INFO] httpx: HTTP Request: GET http://test/api/v1/auth/me "HTTP/1.1 200 OK"
2026-09-22 23:10:52,848 [INFO] httpx: HTTP Request: GET http://test/api/v1/negotiation/briefing/scenario-1 "HTTP/1.1 200 OK"
2026-09-22 23:10:52,871 [INFO] httpx: HTTP Request: GET http://test/api/v1/negotiation/briefing/scenario-1 "HTTP/1.1 200 OK"
2026-09-22 23:10:52,894 [INFO] httpx: HTTP Request: GET http://test/api/v1/negotiation/briefing/ghost "HTTP/1.1 404 Not Found"
2026-09-22 23:10:52,912 [INFO] httpx: HTTP Request: GET http://test/api/v1/negotiation/briefing/scenario-1 "HTTP/1.1 401 Unauthorized"
2026-09-22 23:10:53,131 [INFO] httpx: HTTP Request: POST http://test/api/v1/auth/register/admin "HTTP/1.1 201 Created"
2026-09-22 23:10:53,134 [INFO] httpx: HTTP Request: GET http://test/api/v1/negotiation/briefing/scenario-1 "HTTP/1.1 403 Forbidden"
2026-09-22 23:10:53,158 [INFO] httpx: HTTP Request: POST http://test/api/v1/auth/register "HTTP/1.1 400 Bad Request"
2026-09-22 23:10:53,404 [INFO] httpx: HTTP Request: POST http://test/api/v1/auth/register "HTTP/1.1 201 Created"
2026-09-22 23:10:53,616 [INFO] httpx: HTTP Request: POST http://test/api/v1/auth/register "HTTP/1.1 201 Created"
2026-09-22 23:10:53,823 [INFO] httpx: HTTP Request: POST http://test/api/v1/auth/register "HTTP/1.1 201 Created"
2026-09-22 23:10:53,826 [INFO] httpx: HTTP Request: GET http://test/api/v1/auth/me "HTTP/1.1 200 OK"
2026-09-22 23:10:53,843 [INFO] httpx: HTTP Request: POST http://test/api/v1/auth/register/admin "HTTP/1.1 400 Bad Request"
2026-09-22 23:10:54,049 [INFO] httpx: HTTP Request: POST http://test/api/v1/auth/register/admin "HTTP/1.1 201 Created"
2026-09-22 23:10:54,055 [INFO] httpx: HTTP Request: POST http://test/api/v1/scenarios/ "HTTP/1.1 201 Created"
2026-09-22 23:10:54,059 [INFO] httpx: HTTP Request: DELETE http://test/api/v1/scenarios/to-delete "HTTP/1.1 204 No Content"
2026-09-22 23:10:54,061 [INFO] httpx: HTTP Request: GET http://test/api/v1/scenarios/to-delete "HTTP/1.1 404 Not Found"
2026-09-22 23:10:54,280 [INFO] httpx: HTTP Request: POST http://test/api/v1/auth/register/admin "HTTP/1.1 201 Created"
2026-09-22 23:10:54,468 [INFO] httpx: HTTP Request: POST http://test/api/v1/auth/register/admin "HTTP/1.1 201 Created"
2026-09-22 23:10:54,474 [INFO] httpx: HTTP Request: POST http://test/api/v1/scenarios/ "HTTP/1.1 201 Created"
2026-09-22 23:10:54,477 [INFO] httpx: HTTP Request: DELETE http://test/api/v1/scenarios/protected-del "HTTP/1.1 403 Forbidden"
2026-09-22 23:10:54,683 [INFO] httpx: HTTP Request: POST http://test/api/v1/auth/register/admin "HTTP/1.1 201 Created"
2026-09-22 23:10:54,688 [INFO] httpx: HTTP Request: DELETE http://test/api/v1/scenarios/ghost "HTTP/1.1 404 Not Found"
2026-09-22 23:10:54,898 [INFO] httpx: HTTP Request: POST http://test/api/v1/auth/register/admin "HTTP/1.1 201 Created"
2026-09-22 23:10:54,903 [INFO] httpx: HTTP Request: POST http://test/api/v1/scenarios/ "HTTP/1.1 201 Created"
2026-09-22 23:10:54,909 [INFO] httpx: HTTP Request: POST http://test/api/v1/negotiation/start "HTTP/1.1 200 OK"
2026-09-22 23:10:54,912 [INFO] httpx: HTTP Request: DELETE http://test/api/v1/scenarios/detach-case "HTTP/1.1 204 No Content"
2026-09-22 23:10:54,917 [INFO] httpx: HTTP Request: GET http://test/api/v1/negotiation/sessions/user-1 "HTTP/1.1 200 OK"
2026-09-22 23:10:54,934 [INFO] httpx: HTTP Request: GET http://test/api/v1/health/ "HTTP/1.1 200 OK"
2026-09-22 23:10:54,954 [INFO] httpx: HTTP Request: GET http://test/ "HTTP/1.1 200 OK"
2026-09-22 23:10:54,973 [INFO] httpx: HTTP Request: GET http://test/api/v1/health/ "HTTP/1.1 200 OK"
2026-09-22 23:10:54,994 [INFO] httpx: HTTP Request: GET http://test/api/v1/negotiation/sessions/user-1 "HTTP/1.1 200 OK"
2026-09-22 23:10:55,020 [INFO] httpx: HTTP Request: POST http://test/api/v1/negotiation/start "HTTP/1.1 200 OK"
2026-09-22 23:10:55,024 [INFO] httpx: HTTP Request: GET http://test/api/v1/negotiation/sessions/user-1 "HTTP/1.1 200 OK"
2026-09-22 23:10:55,050 [INFO] httpx: HTTP Request: POST http://test/api/v1/negotiation/start "HTTP/1.1 200 OK"
2026-09-22 23:10:55,056 [INFO] httpx: HTTP Request: POST http://test/api/v1/negotiation/message "HTTP/1.1 200 OK"
2026-09-22 23:10:55,059 [INFO] httpx: HTTP Request: GET http://test/api/v1/negotiation/sessions/bc6b2c7c-97dc-466a-9d4f-98fb7560fc74/messages "HTTP/1.1 200 OK"
2026-09-22 23:10:55,087 [INFO] httpx: HTTP Request: POST http://test/api/v1/negotiation/start "HTTP/1.1 200 OK"
2026-09-22 23:10:55,091 [INFO] httpx: HTTP Request: POST http://test/api/v1/negotiation/ce25c618-0582-46f6-a438-b4621c179287/interrupt "HTTP/1.1 200 OK"
2026-09-22 23:10:55,119 [INFO] httpx: HTTP Request: POST http://test/api/v1/negotiation/start "HTTP/1.1 200 OK"
2026-09-22 23:10:55,125 [INFO] httpx: HTTP Request: POST http://test/api/v1/negotiation/34975a8f-9bc6-4310-b5da-0a50942595cf/interrupt "HTTP/1.1 200 OK"
2026-09-22 23:10:55,128 [INFO] httpx: HTTP Request: POST http://test/api/v1/negotiation/34975a8f-9bc6-4310-b5da-0a50942595cf/interrupt "HTTP/1.1 200 OK"
2026-09-22 23:10:55,153 [INFO] httpx: HTTP Request: POST http://test/api/v1/negotiation/start "HTTP/1.1 200 OK"
2026-09-22 23:10:55,158 [INFO] httpx: HTTP Request: POST http://test/api/v1/negotiation/message "HTTP/1.1 200 OK"
2026-09-22 23:10:55,171 [INFO] httpx: HTTP Request: POST http://test/api/v1/negotiation/end?session_id=1283a0f1-5d02-4c7b-9e8d-05bdec8b6257 "HTTP/1.1 200 OK"
2026-09-22 23:10:55,174 [INFO] httpx: HTTP Request: POST http://test/api/v1/negotiation/1283a0f1-5d02-4c7b-9e8d-05bdec8b6257/interrupt "HTTP/1.1 400 Bad Request"
2026-09-22 23:10:55,195 [INFO] httpx: HTTP Request: POST http://test/api/v1/negotiation/ghost-session/interrupt "HTTP/1.1 404 Not Found"
2026-09-22 23:10:55,221 [INFO] httpx: HTTP Request: POST http://test/api/v1/negotiation/start "HTTP/1.1 200 OK"
2026-09-22 23:10:55,225 [INFO] httpx: HTTP Request: POST http://test/api/v1/negotiation/576b7203-2276-4d9d-a333-42f09d79004f/interrupt "HTTP/1.1 200 OK"
2026-09-22 23:10:55,228 [INFO] httpx: HTTP Request: POST http://test/api/v1/negotiation/message "HTTP/1.1 400 Bad Request"
2026-09-22 23:10:55,252 [INFO] httpx: HTTP Request: POST http://test/api/v1/negotiation/start "HTTP/1.1 200 OK"
2026-09-22 23:10:55,257 [INFO] httpx: HTTP Request: POST http://test/api/v1/negotiation/1b121956-5141-431a-969e-d361e14bdbe0/interrupt "HTTP/1.1 200 OK"
2026-09-22 23:10:55,259 [INFO] httpx: HTTP Request: POST http://test/api/v1/negotiation/end?session_id=1b121956-5141-431a-969e-d361e14bdbe0 "HTTP/1.1 400 Bad Request"
2026-09-22 23:10:55,281 [INFO] httpx: HTTP Request: GET http://test/api/v1/users/user-1/interrupted-session "HTTP/1.1 200 OK"
2026-09-22 23:10:55,305 [INFO] httpx: HTTP Request: POST http://test/api/v1/negotiation/start "HTTP/1.1 200 OK"
2026-09-22 23:10:55,309 [INFO] httpx: HTTP Request: POST http://test/api/v1/negotiation/start "HTTP/1.1 200 OK"
2026-09-22 23:10:55,313 [INFO] httpx: HTTP Request: POST http://test/api/v1/negotiation/280b2a06-f9d5-474b-82ce-70cd56abe9cb/interrupt "HTTP/1.1 200 OK"
2026-09-22 23:10:55,317 [INFO] httpx: HTTP Request: POST http://test/api/v1/negotiation/8fbd61ff-9753-4a09-ae9e-96844c515c46/interrupt "HTTP/1.1 200 OK"
2026-09-22 23:10:55,322 [INFO] httpx: HTTP Request: GET http://test/api/v1/users/user-1/interrupted-session "HTTP/1.1 200 OK"
2026-09-22 23:10:55,341 [INFO] httpx: HTTP Request: GET http://test/api/v1/users/user-1/interrupted-session "HTTP/1.1 401 Unauthorized"
2026-09-22 23:10:55,545 [INFO] httpx: HTTP Request: POST http://test/api/v1/auth/register/admin "HTTP/1.1 201 Created"
2026-09-22 23:10:55,552 [INFO] httpx: HTTP Request: POST http://test/api/v1/scenarios/ "HTTP/1.1 201 Created"
2026-09-22 23:10:55,556 [INFO] httpx: HTTP Request: POST http://test/api/v1/scenarios/prev-case/publish "HTTP/1.1 200 OK"
2026-09-22 23:10:55,558 [INFO] httpx: HTTP Request: GET http://test/api/v1/invite/Zb_fioZzcOkIEyex "HTTP/1.1 200 OK"
2026-09-22 23:10:55,576 [INFO] httpx: HTTP Request: GET http://test/api/v1/invite/nonexistent-code-xyz "HTTP/1.1 404 Not Found"
2026-09-22 23:10:55,789 [INFO] httpx: HTTP Request: POST http://test/api/v1/auth/register/admin "HTTP/1.1 201 Created"
2026-09-22 23:10:55,795 [INFO] httpx: HTTP Request: POST http://test/api/v1/scenarios/ "HTTP/1.1 201 Created"
2026-09-22 23:10:55,800 [INFO] httpx: HTTP Request: POST http://test/api/v1/scenarios/arch-prev-case/publish "HTTP/1.1 200 OK"
2026-09-22 23:10:55,804 [INFO] httpx: HTTP Request: POST http://test/api/v1/scenarios/arch-prev-case/archive "HTTP/1.1 200 OK"
2026-09-22 23:10:55,806 [INFO] httpx: HTTP Request: GET http://test/api/v1/invite/uJ5bW81mdn0dWFkS "HTTP/1.1 410 Gone"
2026-09-22 23:10:56,014 [INFO] httpx: HTTP Request: POST http://test/api/v1/auth/register/admin "HTTP/1.1 201 Created"
2026-09-22 23:10:56,020 [INFO] httpx: HTTP Request: POST http://test/api/v1/scenarios/ "HTTP/1.1 201 Created"
2026-09-22 23:10:56,024 [INFO] httpx: HTTP Request: POST http://test/api/v1/scenarios/accept-case/publish "HTTP/1.1 200 OK"
2026-09-22 23:10:56,029 [INFO] httpx: HTTP Request: POST http://test/api/v1/invite/4sXVSvF7y2lrVi18 "HTTP/1.1 200 OK"
2026-09-22 23:10:56,240 [INFO] httpx: HTTP Request: POST http://test/api/v1/auth/register/admin "HTTP/1.1 201 Created"
2026-09-22 23:10:56,245 [INFO] httpx: HTTP Request: POST http://test/api/v1/scenarios/ "HTTP/1.1 201 Created"
2026-09-22 23:10:56,249 [INFO] httpx: HTTP Request: POST http://test/api/v1/scenarios/idem-case/publish "HTTP/1.1 200 OK"
2026-09-22 23:10:56,253 [INFO] httpx: HTTP Request: POST http://test/api/v1/invite/ub5gGLYqn_3bQAAd "HTTP/1.1 200 OK"
2026-09-22 23:10:56,257 [INFO] httpx: HTTP Request: POST http://test/api/v1/invite/ub5gGLYqn_3bQAAd "HTTP/1.1 200 OK"
2026-09-22 23:10:56,470 [INFO] httpx: HTTP Request: POST http://test/api/v1/auth/register/admin "HTTP/1.1 201 Created"
2026-09-22 23:10:56,477 [INFO] httpx: HTTP Request: POST http://test/api/v1/scenarios/ "HTTP/1.1 201 Created"
2026-09-22 23:10:56,481 [INFO] httpx: HTTP Request: POST http://test/api/v1/scenarios/noauth-case/publish "HTTP/1.1 200 OK"
2026-09-22 23:10:56,483 [INFO] httpx: HTTP Request: POST http://test/api/v1/invite/PpicV0VR3iAAMh-6 "HTTP/1.1 401 Unauthorized"
2026-09-22 23:10:56,703 [INFO] httpx: HTTP Request: POST http://test/api/v1/auth/register/admin "HTTP/1.1 201 Created"
2026-09-22 23:10:56,894 [INFO] httpx: HTTP Request: POST http://test/api/v1/auth/register/admin "HTTP/1.1 201 Created"
2026-09-22 23:10:56,901 [INFO] httpx: HTTP Request: POST http://test/api/v1/scenarios/ "HTTP/1.1 201 Created"
2026-09-22 23:10:56,905 [INFO] httpx: HTTP Request: POST http://test/api/v1/scenarios/admin-inv-case/publish "HTTP/1.1 200 OK"
2026-09-22 23:10:56,906 [INFO] httpx: HTTP Request: POST http://test/api/v1/invite/nW3S5cpNBjk-8iqj "HTTP/1.1 403 Forbidden"
2026-09-22 23:10:56,933 [INFO] httpx: HTTP Request: GET http://test/api/v1/users/user-1/added-cases "HTTP/1.1 200 OK"
2026-09-22 23:10:57,151 [INFO] httpx: HTTP Request: POST http://test/api/v1/auth/register/admin "HTTP/1.1 201 Created"
2026-09-22 23:10:57,158 [INFO] httpx: HTTP Request: POST http://test/api/v1/scenarios/ "HTTP/1.1 201 Created"
2026-09-22 23:10:57,161 [INFO] httpx: HTTP Request: POST http://test/api/v1/scenarios/list-add-case/publish "HTTP/1.1 200 OK"
2026-09-22 23:10:57,167 [INFO] httpx: HTTP Request: POST http://test/api/v1/invite/ddyQpDZId3L9kZq4 "HTTP/1.1 200 OK"
2026-09-22 23:10:57,171 [INFO] httpx: HTTP Request: GET http://test/api/v1/users/user-1/added-cases "HTTP/1.1 200 OK"
2026-09-22 23:10:57,381 [INFO] httpx: HTTP Request: POST http://test/api/v1/auth/register "HTTP/1.1 201 Created"
2026-09-22 23:10:57,389 [INFO] httpx: HTTP Request: POST http://test/api/v1/negotiation/start "HTTP/1.1 200 OK"
2026-09-22 23:10:57,602 [INFO] httpx: HTTP Request: POST http://test/api/v1/auth/register "HTTP/1.1 201 Created"
2026-09-22 23:10:57,607 [INFO] httpx: HTTP Request: POST http://test/api/v1/negotiation/start "HTTP/1.1 404 Not Found"
2026-09-22 23:10:57,821 [INFO] httpx: HTTP Request: POST http://test/api/v1/auth/register "HTTP/1.1 201 Created"
2026-09-22 23:10:57,829 [INFO] httpx: HTTP Request: POST http://test/api/v1/negotiation/start "HTTP/1.1 200 OK"
2026-09-22 23:10:57,836 [INFO] httpx: HTTP Request: POST http://test/api/v1/negotiation/message "HTTP/1.1 200 OK"
2026-09-22 23:10:58,052 [INFO] httpx: HTTP Request: POST http://test/api/v1/auth/register "HTTP/1.1 201 Created"
2026-09-22 23:10:58,058 [INFO] httpx: HTTP Request: POST http://test/api/v1/negotiation/message "HTTP/1.1 404 Not Found"
2026-09-22 23:10:58,275 [INFO] httpx: HTTP Request: POST http://test/api/v1/auth/register "HTTP/1.1 201 Created"
2026-09-22 23:10:58,283 [INFO] httpx: HTTP Request: POST http://test/api/v1/negotiation/start "HTTP/1.1 200 OK"
2026-09-22 23:10:58,288 [INFO] httpx: HTTP Request: POST http://test/api/v1/negotiation/message "HTTP/1.1 200 OK"
2026-09-22 23:10:58,300 [INFO] httpx: HTTP Request: POST http://test/api/v1/negotiation/end?session_id=c41a8ce3-f17e-4e89-a179-b9920fcee91b "HTTP/1.1 200 OK"
2026-09-22 23:10:58,511 [INFO] httpx: HTTP Request: POST http://test/api/v1/auth/register "HTTP/1.1 201 Created"
2026-09-22 23:10:58,518 [INFO] httpx: HTTP Request: POST http://test/api/v1/negotiation/start "HTTP/1.1 200 OK"
2026-09-22 23:10:58,525 [INFO] httpx: HTTP Request: POST http://test/api/v1/negotiation/message "HTTP/1.1 200 OK"
2026-09-22 23:10:58,537 [INFO] httpx: HTTP Request: POST http://test/api/v1/negotiation/end?session_id=d4cd7cf7-5513-4b01-afdd-1ea99b7dac0c "HTTP/1.1 200 OK"
2026-09-22 23:10:58,540 [INFO] httpx: HTTP Request: GET http://test/api/v1/negotiation/analysis/d4cd7cf7-5513-4b01-afdd-1ea99b7dac0c "HTTP/1.1 200 OK"
2026-09-22 23:10:58,750 [INFO] httpx: HTTP Request: POST http://test/api/v1/auth/register "HTTP/1.1 201 Created"
2026-09-22 23:10:58,758 [INFO] httpx: HTTP Request: POST http://test/api/v1/negotiation/start "HTTP/1.1 200 OK"
2026-09-22 23:10:58,763 [INFO] httpx: HTTP Request: POST http://test/api/v1/negotiation/message "HTTP/1.1 200 OK"
2026-09-22 23:10:58,776 [INFO] httpx: HTTP Request: POST http://test/api/v1/negotiation/end?session_id=3a0b5685-2593-4ca3-b1fb-98306e455fca "HTTP/1.1 200 OK"
2026-09-22 23:10:58,778 [INFO] httpx: HTTP Request: POST http://test/api/v1/negotiation/message "HTTP/1.1 400 Bad Request"
2026-09-22 23:10:58,991 [INFO] httpx: HTTP Request: POST http://test/api/v1/auth/register/admin "HTTP/1.1 201 Created"
2026-09-22 23:10:58,993 [INFO] httpx: HTTP Request: POST http://test/api/v1/negotiation/start "HTTP/1.1 403 Forbidden"
2026-09-22 23:10:59,013 [INFO] httpx: HTTP Request: POST http://test/api/v1/negotiation/start "HTTP/1.1 401 Unauthorized"
2026-09-22 23:10:59,223 [INFO] httpx: HTTP Request: POST http://test/api/v1/auth/register "HTTP/1.1 201 Created"
2026-09-22 23:10:59,231 [INFO] httpx: HTTP Request: POST http://test/api/v1/negotiation/start "HTTP/1.1 200 OK"
2026-09-22 23:10:59,236 [INFO] httpx: HTTP Request: POST http://test/api/v1/negotiation/message "HTTP/1.1 200 OK"
2026-09-22 23:10:59,249 [INFO] httpx: HTTP Request: POST http://test/api/v1/negotiation/end?session_id=1d4178da-6046-4de0-b5f3-1c8afb609e82 "HTTP/1.1 200 OK"
2026-09-22 23:10:59,252 [INFO] httpx: HTTP Request: GET http://test/api/v1/negotiation/analysis/1d4178da-6046-4de0-b5f3-1c8afb609e82 "HTTP/1.1 403 Forbidden"
2026-09-22 23:10:59,506 [INFO] httpx: HTTP Request: POST http://test/api/v1/auth/register "HTTP/1.1 201 Created"
2026-09-22 23:10:59,513 [INFO] httpx: HTTP Request: POST http://test/api/v1/negotiation/start "HTTP/1.1 200 OK"
2026-09-22 23:10:59,516 [INFO] httpx: HTTP Request: POST http://test/api/v1/negotiation/message "HTTP/1.1 403 Forbidden"
2026-09-22 23:10:59,728 [INFO] httpx: HTTP Request: POST http://test/api/v1/auth/register "HTTP/1.1 201 Created"
2026-09-22 23:10:59,737 [INFO] httpx: HTTP Request: POST http://test/api/v1/negotiation/start "HTTP/1.1 200 OK"
2026-09-22 23:10:59,739 [INFO] httpx: HTTP Request: POST http://test/api/v1/negotiation/38bffbc7-abcd-47b5-b345-909f5343dc5a/interrupt "HTTP/1.1 403 Forbidden"
2026-09-22 23:10:59,950 [INFO] httpx: HTTP Request: POST http://test/api/v1/auth/register "HTTP/1.1 201 Created"
2026-09-22 23:10:59,957 [INFO] httpx: HTTP Request: POST http://test/api/v1/negotiation/start "HTTP/1.1 200 OK"
2026-09-22 23:10:59,961 [INFO] httpx: HTTP Request: POST http://test/api/v1/negotiation/end?session_id=178da941-d24f-462c-8e4f-c7f8eafb1e73 "HTTP/1.1 403 Forbidden"
2026-09-22 23:11:00,172 [INFO] httpx: HTTP Request: POST http://test/api/v1/auth/register "HTTP/1.1 201 Created"
2026-09-22 23:11:00,175 [INFO] httpx: HTTP Request: GET http://test/api/v1/negotiation/sessions/user-1 "HTTP/1.1 403 Forbidden"
2026-09-22 23:11:00,385 [INFO] httpx: HTTP Request: POST http://test/api/v1/auth/register "HTTP/1.1 201 Created"
2026-09-22 23:11:00,391 [INFO] httpx: HTTP Request: GET http://test/api/v1/users/user-1/skills "HTTP/1.1 403 Forbidden"
2026-09-22 23:11:00,601 [INFO] httpx: HTTP Request: POST http://test/api/v1/auth/register "HTTP/1.1 201 Created"
2026-09-22 23:11:00,605 [INFO] httpx: HTTP Request: GET http://test/api/v1/users/user-1/recommendations "HTTP/1.1 403 Forbidden"
2026-09-22 23:11:00,816 [INFO] httpx: HTTP Request: POST http://test/api/v1/auth/register "HTTP/1.1 201 Created"
2026-09-22 23:11:00,820 [INFO] httpx: HTTP Request: GET http://test/api/v1/negotiation/progress/user-1 "HTTP/1.1 403 Forbidden"
2026-09-22 23:11:00,837 [INFO] httpx: HTTP Request: POST http://test/api/v1/auth/register "HTTP/1.1 422 Unprocessable Entity"
2026-09-22 23:11:00,855 [INFO] httpx: HTTP Request: POST http://test/api/v1/auth/register "HTTP/1.1 422 Unprocessable Entity"
2026-09-22 23:11:00,871 [INFO] httpx: HTTP Request: POST http://test/api/v1/auth/register "HTTP/1.1 422 Unprocessable Entity"
2026-09-22 23:11:00,888 [INFO] httpx: HTTP Request: POST http://test/api/v1/auth/register "HTTP/1.1 422 Unprocessable Entity"
2026-09-22 23:11:01,098 [INFO] httpx: HTTP Request: POST http://test/api/v1/auth/register "HTTP/1.1 201 Created"
2026-09-22 23:11:01,306 [INFO] httpx: HTTP Request: POST http://test/api/v1/auth/register "HTTP/1.1 201 Created"
2026-09-22 23:11:01,517 [INFO] httpx: HTTP Request: POST http://test/api/v1/auth/register "HTTP/1.1 201 Created"
2026-09-22 23:11:01,535 [INFO] httpx: HTTP Request: POST http://test/api/v1/auth/register/admin "HTTP/1.1 422 Unprocessable Entity"
2026-09-22 23:11:01,743 [INFO] httpx: HTTP Request: POST http://test/api/v1/auth/register/admin "HTTP/1.1 201 Created"
2026-09-22 23:11:01,767 [INFO] httpx: HTTP Request: GET http://test/api/v1/negotiation/progress/user-1 "HTTP/1.1 200 OK"
2026-09-22 23:11:01,810 [INFO] httpx: HTTP Request: POST http://test/api/v1/negotiation/start "HTTP/1.1 200 OK"
2026-09-22 23:11:01,815 [INFO] httpx: HTTP Request: POST http://test/api/v1/negotiation/message "HTTP/1.1 200 OK"
2026-09-22 23:11:01,829 [INFO] httpx: HTTP Request: POST http://test/api/v1/negotiation/end?session_id=4375cb61-e4db-46cf-8f82-6f3afb6350fd "HTTP/1.1 200 OK"
2026-09-22 23:11:01,831 [INFO] httpx: HTTP Request: GET http://test/api/v1/negotiation/progress/user-1 "HTTP/1.1 200 OK"
2026-09-22 23:11:01,858 [INFO] httpx: HTTP Request: POST http://test/api/v1/negotiation/start "HTTP/1.1 200 OK"
2026-09-22 23:11:01,864 [INFO] httpx: HTTP Request: POST http://test/api/v1/negotiation/message "HTTP/1.1 200 OK"
2026-09-22 23:11:01,876 [INFO] httpx: HTTP Request: POST http://test/api/v1/negotiation/end?session_id=24b0745d-e6b7-4b93-8b7a-fb7b669cddbb "HTTP/1.1 200 OK"
2026-09-22 23:11:01,881 [INFO] httpx: HTTP Request: POST http://test/api/v1/negotiation/start "HTTP/1.1 200 OK"
2026-09-22 23:11:01,885 [INFO] httpx: HTTP Request: POST http://test/api/v1/negotiation/message "HTTP/1.1 200 OK"
2026-09-22 23:11:01,894 [INFO] httpx: HTTP Request: POST http://test/api/v1/negotiation/end?session_id=1176ce4f-69a2-4b3d-bc94-e118e8b421a7 "HTTP/1.1 200 OK"
2026-09-22 23:11:01,898 [INFO] httpx: HTTP Request: GET http://test/api/v1/negotiation/progress/user-1 "HTTP/1.1 200 OK"
2026-09-22 23:11:01,918 [INFO] httpx: HTTP Request: GET http://test/api/v1/negotiation/progress/user-1 "HTTP/1.1 401 Unauthorized"
2026-09-22 23:11:02,128 [INFO] httpx: HTTP Request: POST http://test/api/v1/auth/register/admin "HTTP/1.1 201 Created"
2026-09-22 23:11:02,132 [INFO] httpx: HTTP Request: GET http://test/api/v1/negotiation/progress/user-1 "HTTP/1.1 403 Forbidden"
2026-09-22 23:11:02,150 [INFO] httpx: HTTP Request: GET http://test/api/v1/scenarios/ "HTTP/1.1 200 OK"
2026-09-22 23:11:02,170 [INFO] httpx: HTTP Request: GET http://test/api/v1/scenarios/ "HTTP/1.1 200 OK"
2026-09-22 23:11:02,192 [INFO] httpx: HTTP Request: GET http://test/api/v1/scenarios/scenario-1 "HTTP/1.1 200 OK"
2026-09-22 23:11:02,211 [INFO] httpx: HTTP Request: GET http://test/api/v1/scenarios/nonexistent "HTTP/1.1 404 Not Found"
2026-09-22 23:11:02,392 [INFO] httpx: HTTP Request: POST http://test/api/v1/negotiation/start "HTTP/1.1 200 OK"
2026-09-22 23:11:02,401 [INFO] httpx: HTTP Request: POST http://test/api/v1/negotiation/message "HTTP/1.1 200 OK"
2026-09-22 23:11:02,418 [INFO] httpx: HTTP Request: POST http://test/api/v1/negotiation/end?session_id=97c02adc-ad44-4fe3-bcfc-1b296de48ff7 "HTTP/1.1 200 OK"
2026-09-22 23:11:02,421 [INFO] httpx: HTTP Request: GET http://test/api/v1/users/user-1/skills "HTTP/1.1 200 OK"
2026-09-22 23:11:02,443 [INFO] httpx: HTTP Request: GET http://test/api/v1/users/user-1/skills "HTTP/1.1 200 OK"
2026-09-22 23:11:02,462 [INFO] httpx: HTTP Request: GET http://test/api/v1/users/user-1/skills "HTTP/1.1 401 Unauthorized"
2026-09-22 23:11:02,672 [INFO] httpx: HTTP Request: POST http://test/api/v1/auth/register/admin "HTTP/1.1 201 Created"
2026-09-22 23:11:02,675 [INFO] httpx: HTTP Request: GET http://test/api/v1/users/user-1/skills "HTTP/1.1 403 Forbidden"
2026-09-22 23:11:02,700 [INFO] httpx: HTTP Request: POST http://test/api/v1/negotiation/start "HTTP/1.1 200 OK"
2026-09-22 23:11:02,707 [INFO] httpx: HTTP Request: POST http://test/api/v1/negotiation/message "HTTP/1.1 200 OK"
2026-09-22 23:11:02,711 [INFO] httpx: HTTP Request: POST http://test/api/v1/negotiation/message "HTTP/1.1 200 OK"
2026-09-22 23:11:02,716 [INFO] httpx: HTTP Request: POST http://test/api/v1/negotiation/message "HTTP/1.1 200 OK"
2026-09-22 23:11:02,728 [INFO] httpx: HTTP Request: POST http://test/api/v1/negotiation/end?session_id=b9cd08db-a03d-4eb2-9e06-33b1a3dfc660 "HTTP/1.1 200 OK"
2026-09-22 23:11:02,753 [INFO] httpx: HTTP Request: POST http://test/api/v1/negotiation/start "HTTP/1.1 200 OK"
2026-09-22 23:11:02,759 [INFO] httpx: HTTP Request: POST http://test/api/v1/negotiation/message "HTTP/1.1 200 OK"
2026-09-22 23:11:02,764 [INFO] httpx: HTTP Request: POST http://test/api/v1/negotiation/message "HTTP/1.1 200 OK"
2026-09-22 23:11:02,776 [INFO] httpx: HTTP Request: POST http://test/api/v1/negotiation/end?session_id=d053fe75-63a8-4c2c-a313-dc4a0954e9ec "HTTP/1.1 200 OK"
2026-09-22 23:11:02,801 [INFO] httpx: HTTP Request: POST http://test/api/v1/negotiation/start "HTTP/1.1 200 OK"
2026-09-22 23:11:02,806 [INFO] httpx: HTTP Request: POST http://test/api/v1/negotiation/message "HTTP/1.1 200 OK"
2026-09-22 23:11:02,811 [INFO] httpx: HTTP Request: POST http://test/api/v1/negotiation/message "HTTP/1.1 200 OK"
2026-09-22 23:11:02,815 [INFO] httpx: HTTP Request: POST http://test/api/v1/negotiation/message "HTTP/1.1 200 OK"
2026-09-22 23:11:02,828 [INFO] httpx: HTTP Request: POST http://test/api/v1/negotiation/end?session_id=082472c7-bb89-44dd-ae4e-95d051aa16f1 "HTTP/1.1 200 OK"
2026-09-22 23:11:02,832 [INFO] httpx: HTTP Request: GET http://test/api/v1/negotiation/analysis/082472c7-bb89-44dd-ae4e-95d051aa16f1 "HTTP/1.1 200 OK"
2026-09-22 23:11:02,879 [INFO] httpx: HTTP Request: POST http://test/api/v1/negotiation/start "HTTP/1.1 200 OK"
2026-09-22 23:11:02,886 [INFO] httpx: HTTP Request: POST http://test/api/v1/negotiation/message "HTTP/1.1 200 OK"
2026-09-22 23:11:02,897 [INFO] httpx: HTTP Request: POST http://test/api/v1/negotiation/end?session_id=c1323ac1-e622-4170-a4b5-2c401f2aba50 "HTTP/1.1 200 OK"
2026-09-22 23:11:02,923 [INFO] httpx: HTTP Request: POST http://test/api/v1/negotiation/start "HTTP/1.1 200 OK"
2026-09-22 23:11:02,929 [INFO] httpx: HTTP Request: POST http://test/api/v1/negotiation/voice "HTTP/1.1 200 OK"
2026-09-22 23:11:02,952 [INFO] httpx: HTTP Request: POST http://test/api/v1/negotiation/voice "HTTP/1.1 404 Not Found"
2026-09-22 23:11:02,972 [INFO] httpx: HTTP Request: POST http://test/api/v1/negotiation/voice "HTTP/1.1 401 Unauthorized"
2026-09-22 23:11:03,179 [INFO] httpx: HTTP Request: POST http://test/api/v1/auth/register/admin "HTTP/1.1 201 Created"
2026-09-22 23:11:03,182 [INFO] httpx: HTTP Request: POST http://test/api/v1/negotiation/voice "HTTP/1.1 403 Forbidden"
2026-09-22 23:11:03,213 [INFO] httpx: HTTP Request: POST http://test/api/v1/negotiation/start "HTTP/1.1 200 OK"
2026-09-22 23:11:03,219 [INFO] httpx: HTTP Request: POST http://test/api/v1/negotiation/message "HTTP/1.1 200 OK"
2026-09-22 23:11:03,231 [INFO] httpx: HTTP Request: POST http://test/api/v1/negotiation/end?session_id=858a7625-48fc-4aeb-bfe0-9ec0f612a3e4 "HTTP/1.1 200 OK"
2026-09-22 23:11:03,270 [INFO] httpx: HTTP Request: POST http://test/api/v1/negotiation/start "HTTP/1.1 200 OK"
2026-09-22 23:11:03,276 [INFO] httpx: HTTP Request: POST http://test/api/v1/negotiation/message "HTTP/1.1 200 OK"
2026-09-22 23:11:03,287 [INFO] httpx: HTTP Request: POST http://test/api/v1/negotiation/end?session_id=42ed31bb-495d-45df-bdef-6c05e20d8e33 "HTTP/1.1 200 OK"
2026-09-22 23:11:03,290 [INFO] httpx: HTTP Request: GET http://test/api/v1/auth/me "HTTP/1.1 200 OK"
2026-09-23 15:01:52,253 [INFO] httpx: HTTP Request: POST http://test/api/v1/auth/register/admin "HTTP/1.1 201 Created"
2026-09-23 15:01:52,281 [INFO] httpx: HTTP Request: POST http://test/api/v1/scenarios/ "HTTP/1.1 201 Created"
2026-09-23 15:01:52,608 [INFO] httpx: HTTP Request: POST http://test/api/v1/auth/register "HTTP/1.1 201 Created"
2026-09-23 15:01:52,612 [INFO] httpx: HTTP Request: POST http://test/api/v1/scenarios/ "HTTP/1.1 403 Forbidden"
2026-09-23 15:01:52,922 [INFO] httpx: HTTP Request: POST http://test/api/v1/auth/register/admin "HTTP/1.1 201 Created"
2026-09-23 15:01:52,929 [INFO] httpx: HTTP Request: GET http://test/api/v1/scenarios/my "HTTP/1.1 200 OK"
2026-09-23 15:01:53,257 [INFO] httpx: HTTP Request: POST http://test/api/v1/auth/register/admin "HTTP/1.1 201 Created"
2026-09-23 15:01:53,541 [INFO] httpx: HTTP Request: POST http://test/api/v1/auth/register/admin "HTTP/1.1 201 Created"
2026-09-23 15:01:53,549 [INFO] httpx: HTTP Request: POST http://test/api/v1/scenarios/ "HTTP/1.1 201 Created"
2026-09-23 15:01:53,554 [INFO] httpx: HTTP Request: POST http://test/api/v1/scenarios/ "HTTP/1.1 201 Created"
2026-09-23 15:01:53,559 [INFO] httpx: HTTP Request: GET http://test/api/v1/scenarios/my "HTTP/1.1 200 OK"
2026-09-23 15:01:53,880 [INFO] httpx: HTTP Request: POST http://test/api/v1/auth/register/admin "HTTP/1.1 201 Created"
2026-09-23 15:01:53,894 [INFO] httpx: HTTP Request: POST http://test/api/v1/scenarios/ "HTTP/1.1 201 Created"
2026-09-23 15:01:53,900 [INFO] httpx: HTTP Request: POST http://test/api/v1/scenarios/pub-case/publish "HTTP/1.1 400 Bad Request"
2026-09-23 15:01:54,275 [INFO] httpx: HTTP Request: POST http://test/api/v1/auth/register/admin "HTTP/1.1 201 Created"
2026-09-23 15:01:54,326 [INFO] httpx: HTTP Request: POST http://test/api/v1/scenarios/ "HTTP/1.1 201 Created"
2026-09-23 15:01:54,332 [INFO] httpx: HTTP Request: POST http://test/api/v1/scenarios/ready-case/publish "HTTP/1.1 200 OK"
2026-09-23 15:01:54,665 [INFO] httpx: HTTP Request: POST http://test/api/v1/auth/register/admin "HTTP/1.1 201 Created"
2026-09-23 15:01:54,954 [INFO] httpx: HTTP Request: POST http://test/api/v1/auth/register/admin "HTTP/1.1 201 Created"
2026-09-23 15:01:54,963 [INFO] httpx: HTTP Request: POST http://test/api/v1/scenarios/ "HTTP/1.1 201 Created"
2026-09-23 15:01:54,966 [INFO] httpx: HTTP Request: POST http://test/api/v1/scenarios/owner-case/publish "HTTP/1.1 403 Forbidden"
2026-09-23 15:01:55,294 [INFO] httpx: HTTP Request: POST http://test/api/v1/auth/register/admin "HTTP/1.1 201 Created"
2026-09-23 15:01:55,307 [INFO] httpx: HTTP Request: POST http://test/api/v1/scenarios/ "HTTP/1.1 201 Created"
2026-09-23 15:01:55,318 [INFO] httpx: HTTP Request: POST http://test/api/v1/scenarios/arch-case/publish "HTTP/1.1 200 OK"
2026-09-23 15:01:55,328 [INFO] httpx: HTTP Request: POST http://test/api/v1/scenarios/arch-case/archive "HTTP/1.1 200 OK"
2026-09-23 15:01:55,707 [INFO] httpx: HTTP Request: POST http://test/api/v1/auth/register/admin "HTTP/1.1 201 Created"
2026-09-23 15:01:55,715 [INFO] httpx: HTTP Request: POST http://test/api/v1/scenarios/ "HTTP/1.1 201 Created"
2026-09-23 15:01:55,720 [INFO] httpx: HTTP Request: POST http://test/api/v1/scenarios/hidden-case/publish "HTTP/1.1 200 OK"
2026-09-23 15:01:55,724 [INFO] httpx: HTTP Request: GET http://test/api/v1/scenarios/ "HTTP/1.1 200 OK"
2026-09-23 15:01:56,038 [INFO] httpx: HTTP Request: POST http://test/api/v1/auth/register/admin "HTTP/1.1 201 Created"
2026-09-23 15:01:56,048 [INFO] httpx: HTTP Request: POST http://test/api/v1/scenarios/ "HTTP/1.1 201 Created"
2026-09-23 15:01:56,056 [INFO] httpx: HTTP Request: PUT http://test/api/v1/scenarios/upd-case "HTTP/1.1 200 OK"
2026-09-23 15:01:56,380 [INFO] httpx: HTTP Request: POST http://test/api/v1/auth/register/admin "HTTP/1.1 201 Created"
2026-09-23 15:01:56,671 [INFO] httpx: HTTP Request: POST http://test/api/v1/auth/register/admin "HTTP/1.1 201 Created"
2026-09-23 15:01:56,680 [INFO] httpx: HTTP Request: POST http://test/api/v1/scenarios/ "HTTP/1.1 201 Created"
2026-09-23 15:01:56,684 [INFO] httpx: HTTP Request: PUT http://test/api/v1/scenarios/protected-case "HTTP/1.1 403 Forbidden"
2026-09-23 15:01:56,720 [INFO] httpx: HTTP Request: POST http://test/api/v1/negotiation/start "HTTP/1.1 200 OK"
2026-09-23 15:01:56,728 [INFO] httpx: HTTP Request: POST http://test/api/v1/negotiation/message "HTTP/1.1 200 OK"
2026-09-23 15:01:56,746 [INFO] httpx: HTTP Request: POST http://test/api/v1/negotiation/end?session_id=83ea9c4f-2c2c-45b0-9e23-77a8bd78f86e "HTTP/1.1 200 OK"
2026-09-23 15:01:56,783 [INFO] httpx: HTTP Request: POST http://test/api/v1/negotiation/start "HTTP/1.1 200 OK"
2026-09-23 15:01:56,792 [INFO] httpx: HTTP Request: POST http://test/api/v1/negotiation/message "HTTP/1.1 200 OK"
2026-09-23 15:01:56,815 [INFO] httpx: HTTP Request: POST http://test/api/v1/negotiation/end?session_id=02996517-a91d-4e02-b835-c995aa64c0bf "HTTP/1.1 200 OK"
2026-09-23 15:01:56,821 [INFO] httpx: HTTP Request: GET http://test/api/v1/negotiation/analysis/02996517-a91d-4e02-b835-c995aa64c0bf "HTTP/1.1 200 OK"
2026-09-23 15:01:56,868 [INFO] httpx: HTTP Request: POST http://test/api/v1/negotiation/start "HTTP/1.1 200 OK"
2026-09-23 15:01:56,879 [INFO] httpx: HTTP Request: POST http://test/api/v1/negotiation/message "HTTP/1.1 200 OK"
2026-09-23 15:01:56,899 [INFO] httpx: HTTP Request: POST http://test/api/v1/negotiation/end?session_id=179a43aa-84f3-4517-91c6-f81092456db6 "HTTP/1.1 200 OK"
2026-09-23 15:01:57,216 [INFO] httpx: HTTP Request: POST http://test/api/v1/auth/register "HTTP/1.1 201 Created"
2026-09-23 15:01:57,275 [INFO] httpx: HTTP Request: POST http://test/api/v1/auth/register "HTTP/1.1 422 Unprocessable Entity"
2026-09-23 15:01:57,365 [INFO] httpx: HTTP Request: POST http://test/api/v1/auth/register "HTTP/1.1 400 Bad Request"
2026-09-23 15:01:57,757 [INFO] httpx: HTTP Request: POST http://test/api/v1/auth/register "HTTP/1.1 201 Created"
2026-09-23 15:01:58,078 [INFO] httpx: HTTP Request: POST http://test/api/v1/auth/register "HTTP/1.1 201 Created"
2026-09-23 15:01:58,383 [INFO] httpx: HTTP Request: POST http://test/api/v1/auth/login "HTTP/1.1 200 OK"
2026-09-23 15:01:58,702 [INFO] httpx: HTTP Request: POST http://test/api/v1/auth/register "HTTP/1.1 201 Created"
2026-09-23 15:01:59,004 [INFO] httpx: HTTP Request: POST http://test/api/v1/auth/login "HTTP/1.1 401 Unauthorized"
2026-09-23 15:01:59,327 [INFO] httpx: HTTP Request: POST http://test/api/v1/auth/register "HTTP/1.1 201 Created"
2026-09-23 15:01:59,335 [INFO] httpx: HTTP Request: POST http://test/api/v1/auth/onboarding "HTTP/1.1 200 OK"
2026-09-23 15:01:59,685 [INFO] httpx: HTTP Request: POST http://test/api/v1/auth/register "HTTP/1.1 201 Created"
2026-09-23 15:01:59,690 [INFO] httpx: HTTP Request: POST http://test/api/v1/auth/onboarding "HTTP/1.1 400 Bad Request"
2026-09-23 15:02:00,026 [INFO] httpx: HTTP Request: POST http://test/api/v1/auth/register "HTTP/1.1 201 Created"
2026-09-23 15:02:00,030 [INFO] httpx: HTTP Request: POST http://test/api/v1/auth/onboarding "HTTP/1.1 422 Unprocessable Entity"
2026-09-23 15:02:00,395 [INFO] httpx: HTTP Request: POST http://test/api/v1/auth/register/admin "HTTP/1.1 201 Created"
2026-09-23 15:02:00,432 [INFO] httpx: HTTP Request: POST http://test/api/v1/auth/register/admin "HTTP/1.1 422 Unprocessable Entity"
2026-09-23 15:02:00,500 [INFO] httpx: HTTP Request: POST http://test/api/v1/auth/register/admin "HTTP/1.1 400 Bad Request"
2026-09-23 15:02:00,846 [INFO] httpx: HTTP Request: POST http://test/api/v1/auth/register/admin "HTTP/1.1 201 Created"
2026-09-23 15:02:01,148 [INFO] httpx: HTTP Request: POST http://test/api/v1/auth/login/admin "HTTP/1.1 200 OK"
2026-09-23 15:02:01,457 [INFO] httpx: HTTP Request: POST http://test/api/v1/auth/register "HTTP/1.1 201 Created"
2026-09-23 15:02:01,734 [INFO] httpx: HTTP Request: POST http://test/api/v1/auth/login/admin "HTTP/1.1 403 Forbidden"
2026-09-23 15:02:02,066 [INFO] httpx: HTTP Request: POST http://test/api/v1/auth/register/admin "HTTP/1.1 201 Created"
2026-09-23 15:02:02,372 [INFO] httpx: HTTP Request: POST http://test/api/v1/auth/login/admin "HTTP/1.1 401 Unauthorized"
2026-09-23 15:02:02,718 [INFO] httpx: HTTP Request: POST http://test/api/v1/auth/register "HTTP/1.1 201 Created"
2026-09-23 15:02:02,723 [INFO] httpx: HTTP Request: GET http://test/api/v1/auth/me "HTTP/1.1 200 OK"
2026-09-23 15:02:02,756 [INFO] httpx: HTTP Request: GET http://test/api/v1/auth/me "HTTP/1.1 401 Unauthorized"
2026-09-23 15:02:03,086 [INFO] httpx: HTTP Request: POST http://test/api/v1/auth/register/admin "HTTP/1.1 201 Created"
2026-09-23 15:02:03,090 [INFO] httpx: HTTP Request: GET http://test/api/v1/auth/me "HTTP/1.1 403 Forbidden"
2026-09-23 15:02:03,410 [INFO] httpx: HTTP Request: POST http://test/api/v1/auth/register/admin "HTTP/1.1 201 Created"
2026-09-23 15:02:03,413 [INFO] httpx: HTTP Request: POST http://test/api/v1/auth/onboarding "HTTP/1.1 403 Forbidden"
2026-09-23 15:02:03,442 [INFO] httpx: HTTP Request: GET http://test/api/v1/auth/me "HTTP/1.1 200 OK"
2026-09-23 15:02:03,766 [INFO] httpx: HTTP Request: POST http://test/api/v1/auth/register "HTTP/1.1 201 Created"
2026-09-23 15:02:03,771 [INFO] httpx: HTTP Request: GET http://test/api/v1/auth/me "HTTP/1.1 200 OK"
2026-09-23 15:02:03,821 [INFO] httpx: HTTP Request: GET http://test/api/v1/negotiation/briefing/scenario-1 "HTTP/1.1 200 OK"
2026-09-23 15:02:03,869 [INFO] httpx: HTTP Request: GET http://test/api/v1/negotiation/briefing/scenario-1 "HTTP/1.1 200 OK"
2026-09-23 15:02:03,930 [INFO] httpx: HTTP Request: GET http://test/api/v1/negotiation/briefing/ghost "HTTP/1.1 404 Not Found"
2026-09-23 15:02:04,025 [INFO] httpx: HTTP Request: GET http://test/api/v1/negotiation/briefing/scenario-1 "HTTP/1.1 401 Unauthorized"
2026-09-23 15:02:04,420 [INFO] httpx: HTTP Request: POST http://test/api/v1/auth/register/admin "HTTP/1.1 201 Created"
2026-09-23 15:02:04,423 [INFO] httpx: HTTP Request: GET http://test/api/v1/negotiation/briefing/scenario-1 "HTTP/1.1 403 Forbidden"
2026-09-23 15:02:04,446 [INFO] httpx: HTTP Request: POST http://test/api/v1/auth/register "HTTP/1.1 400 Bad Request"
2026-09-23 15:02:04,767 [INFO] httpx: HTTP Request: POST http://test/api/v1/auth/register "HTTP/1.1 201 Created"
2026-09-23 15:02:05,086 [INFO] httpx: HTTP Request: POST http://test/api/v1/auth/register "HTTP/1.1 201 Created"
2026-09-23 15:02:05,425 [INFO] httpx: HTTP Request: POST http://test/api/v1/auth/register "HTTP/1.1 201 Created"
2026-09-23 15:02:05,429 [INFO] httpx: HTTP Request: GET http://test/api/v1/auth/me "HTTP/1.1 200 OK"
2026-09-23 15:02:05,452 [INFO] httpx: HTTP Request: POST http://test/api/v1/auth/register/admin "HTTP/1.1 400 Bad Request"
2026-09-23 15:02:05,770 [INFO] httpx: HTTP Request: POST http://test/api/v1/auth/register/admin "HTTP/1.1 201 Created"
2026-09-23 15:02:05,779 [INFO] httpx: HTTP Request: POST http://test/api/v1/scenarios/ "HTTP/1.1 201 Created"
2026-09-23 15:02:05,786 [INFO] httpx: HTTP Request: DELETE http://test/api/v1/scenarios/to-delete "HTTP/1.1 204 No Content"
2026-09-23 15:02:05,788 [INFO] httpx: HTTP Request: GET http://test/api/v1/scenarios/to-delete "HTTP/1.1 404 Not Found"
2026-09-23 15:02:06,106 [INFO] httpx: HTTP Request: POST http://test/api/v1/auth/register/admin "HTTP/1.1 201 Created"
2026-09-23 15:02:06,392 [INFO] httpx: HTTP Request: POST http://test/api/v1/auth/register/admin "HTTP/1.1 201 Created"
2026-09-23 15:02:06,401 [INFO] httpx: HTTP Request: POST http://test/api/v1/scenarios/ "HTTP/1.1 201 Created"
2026-09-23 15:02:06,404 [INFO] httpx: HTTP Request: DELETE http://test/api/v1/scenarios/protected-del "HTTP/1.1 403 Forbidden"
2026-09-23 15:02:06,711 [INFO] httpx: HTTP Request: POST http://test/api/v1/auth/register/admin "HTTP/1.1 201 Created"
2026-09-23 15:02:06,716 [INFO] httpx: HTTP Request: DELETE http://test/api/v1/scenarios/ghost "HTTP/1.1 404 Not Found"
2026-09-23 15:02:07,038 [INFO] httpx: HTTP Request: POST http://test/api/v1/auth/register/admin "HTTP/1.1 201 Created"
2026-09-23 15:02:07,046 [INFO] httpx: HTTP Request: POST http://test/api/v1/scenarios/ "HTTP/1.1 201 Created"
2026-09-23 15:02:07,054 [INFO] httpx: HTTP Request: POST http://test/api/v1/negotiation/start "HTTP/1.1 200 OK"
2026-09-23 15:02:07,061 [INFO] httpx: HTTP Request: DELETE http://test/api/v1/scenarios/detach-case "HTTP/1.1 204 No Content"
2026-09-23 15:02:07,066 [INFO] httpx: HTTP Request: GET http://test/api/v1/negotiation/sessions/user-1 "HTTP/1.1 200 OK"
2026-09-23 15:02:07,094 [INFO] httpx: HTTP Request: GET http://test/api/v1/health/ "HTTP/1.1 200 OK"
2026-09-23 15:02:07,152 [INFO] httpx: HTTP Request: GET http://test/ "HTTP/1.1 200 OK"
2026-09-23 15:02:07,208 [INFO] httpx: HTTP Request: GET http://test/api/v1/health/ "HTTP/1.1 200 OK"
2026-09-23 15:02:07,302 [INFO] httpx: HTTP Request: GET http://test/api/v1/negotiation/sessions/user-1 "HTTP/1.1 200 OK"
2026-09-23 15:02:07,382 [INFO] httpx: HTTP Request: POST http://test/api/v1/negotiation/start "HTTP/1.1 200 OK"
2026-09-23 15:02:07,389 [INFO] httpx: HTTP Request: GET http://test/api/v1/negotiation/sessions/user-1 "HTTP/1.1 200 OK"
2026-09-23 15:02:07,432 [INFO] httpx: HTTP Request: POST http://test/api/v1/negotiation/start "HTTP/1.1 200 OK"
2026-09-23 15:02:07,444 [INFO] httpx: HTTP Request: POST http://test/api/v1/negotiation/message "HTTP/1.1 200 OK"
2026-09-23 15:02:07,452 [INFO] httpx: HTTP Request: GET http://test/api/v1/negotiation/sessions/11750325-33f2-4e03-b9f3-606676cca985/messages "HTTP/1.1 200 OK"
2026-09-23 15:02:07,521 [INFO] httpx: HTTP Request: POST http://test/api/v1/negotiation/start "HTTP/1.1 200 OK"
2026-09-23 15:02:07,534 [INFO] httpx: HTTP Request: POST http://test/api/v1/negotiation/a968627e-693e-4162-b18d-8d4b79b52232/interrupt "HTTP/1.1 200 OK"
2026-09-23 15:02:07,570 [INFO] httpx: HTTP Request: POST http://test/api/v1/negotiation/start "HTTP/1.1 200 OK"
2026-09-23 15:02:07,579 [INFO] httpx: HTTP Request: POST http://test/api/v1/negotiation/ea13577e-aa81-4e8d-bc59-c7337f78ae56/interrupt "HTTP/1.1 200 OK"
2026-09-23 15:02:07,582 [INFO] httpx: HTTP Request: POST http://test/api/v1/negotiation/ea13577e-aa81-4e8d-bc59-c7337f78ae56/interrupt "HTTP/1.1 200 OK"
2026-09-23 15:02:07,640 [INFO] httpx: HTTP Request: POST http://test/api/v1/negotiation/start "HTTP/1.1 200 OK"
2026-09-23 15:02:07,653 [INFO] httpx: HTTP Request: POST http://test/api/v1/negotiation/message "HTTP/1.1 200 OK"
2026-09-23 15:02:07,683 [INFO] httpx: HTTP Request: POST http://test/api/v1/negotiation/end?session_id=39222350-3cd6-4590-8242-24b522e53de8 "HTTP/1.1 200 OK"
2026-09-23 15:02:07,687 [INFO] httpx: HTTP Request: POST http://test/api/v1/negotiation/39222350-3cd6-4590-8242-24b522e53de8/interrupt "HTTP/1.1 400 Bad Request"
2026-09-23 15:02:07,722 [INFO] httpx: HTTP Request: POST http://test/api/v1/negotiation/ghost-session/interrupt "HTTP/1.1 404 Not Found"
2026-09-23 15:02:07,833 [INFO] httpx: HTTP Request: POST http://test/api/v1/negotiation/start "HTTP/1.1 200 OK"
2026-09-23 15:02:07,842 [INFO] httpx: HTTP Request: POST http://test/api/v1/negotiation/efe7e575-1eae-42fb-b988-462f58922fd2/interrupt "HTTP/1.1 200 OK"
2026-09-23 15:02:07,848 [INFO] httpx: HTTP Request: POST http://test/api/v1/negotiation/message "HTTP/1.1 400 Bad Request"
2026-09-23 15:02:07,915 [INFO] httpx: HTTP Request: POST http://test/api/v1/negotiation/start "HTTP/1.1 200 OK"
2026-09-23 15:02:07,925 [INFO] httpx: HTTP Request: POST http://test/api/v1/negotiation/d60e2a22-9725-4b9b-be02-4d527d72f7f8/interrupt "HTTP/1.1 200 OK"
2026-09-23 15:02:07,931 [INFO] httpx: HTTP Request: POST http://test/api/v1/negotiation/end?session_id=d60e2a22-9725-4b9b-be02-4d527d72f7f8 "HTTP/1.1 400 Bad Request"
2026-09-23 15:02:07,994 [INFO] httpx: HTTP Request: GET http://test/api/v1/users/user-1/interrupted-session "HTTP/1.1 200 OK"
2026-09-23 15:02:08,097 [INFO] httpx: HTTP Request: POST http://test/api/v1/negotiation/start "HTTP/1.1 200 OK"
2026-09-23 15:02:08,110 [INFO] httpx: HTTP Request: POST http://test/api/v1/negotiation/start "HTTP/1.1 200 OK"
2026-09-23 15:02:08,122 [INFO] httpx: HTTP Request: POST http://test/api/v1/negotiation/776112bc-7746-4f2f-a98e-8391fccdf288/interrupt "HTTP/1.1 200 OK"
2026-09-23 15:02:08,133 [INFO] httpx: HTTP Request: POST http://test/api/v1/negotiation/6b97e40e-9073-4c2c-b806-7a725b50751c/interrupt "HTTP/1.1 200 OK"
2026-09-23 15:02:08,146 [INFO] httpx: HTTP Request: GET http://test/api/v1/users/user-1/interrupted-session "HTTP/1.1 200 OK"
2026-09-23 15:02:08,238 [INFO] httpx: HTTP Request: GET http://test/api/v1/users/user-1/interrupted-session "HTTP/1.1 401 Unauthorized"
2026-09-23 15:02:08,581 [INFO] httpx: HTTP Request: POST http://test/api/v1/auth/register/admin "HTTP/1.1 201 Created"
2026-09-23 15:02:08,591 [INFO] httpx: HTTP Request: POST http://test/api/v1/scenarios/ "HTTP/1.1 201 Created"
2026-09-23 15:02:08,597 [INFO] httpx: HTTP Request: POST http://test/api/v1/scenarios/prev-case/publish "HTTP/1.1 200 OK"
2026-09-23 15:02:08,601 [INFO] httpx: HTTP Request: GET http://test/api/v1/invite/4NSea8QdhfHRRoHS "HTTP/1.1 200 OK"
2026-09-23 15:02:08,625 [INFO] httpx: HTTP Request: GET http://test/api/v1/invite/nonexistent-code-xyz "HTTP/1.1 404 Not Found"
2026-09-23 15:02:08,949 [INFO] httpx: HTTP Request: POST http://test/api/v1/auth/register/admin "HTTP/1.1 201 Created"
2026-09-23 15:02:08,958 [INFO] httpx: HTTP Request: POST http://test/api/v1/scenarios/ "HTTP/1.1 201 Created"
2026-09-23 15:02:08,964 [INFO] httpx: HTTP Request: POST http://test/api/v1/scenarios/arch-prev-case/publish "HTTP/1.1 200 OK"
2026-09-23 15:02:08,969 [INFO] httpx: HTTP Request: POST http://test/api/v1/scenarios/arch-prev-case/archive "HTTP/1.1 200 OK"
2026-09-23 15:02:08,972 [INFO] httpx: HTTP Request: GET http://test/api/v1/invite/jEE0Q8c-4l_Yr_7Q "HTTP/1.1 410 Gone"
2026-09-23 15:02:09,305 [INFO] httpx: HTTP Request: POST http://test/api/v1/auth/register/admin "HTTP/1.1 201 Created"
2026-09-23 15:02:09,314 [INFO] httpx: HTTP Request: POST http://test/api/v1/scenarios/ "HTTP/1.1 201 Created"
2026-09-23 15:02:09,319 [INFO] httpx: HTTP Request: POST http://test/api/v1/scenarios/accept-case/publish "HTTP/1.1 200 OK"
2026-09-23 15:02:09,327 [INFO] httpx: HTTP Request: POST http://test/api/v1/invite/k8WFHqgbudRyj3Qy "HTTP/1.1 200 OK"
2026-09-23 15:02:09,653 [INFO] httpx: HTTP Request: POST http://test/api/v1/auth/register/admin "HTTP/1.1 201 Created"
2026-09-23 15:02:09,662 [INFO] httpx: HTTP Request: POST http://test/api/v1/scenarios/ "HTTP/1.1 201 Created"
2026-09-23 15:02:09,667 [INFO] httpx: HTTP Request: POST http://test/api/v1/scenarios/idem-case/publish "HTTP/1.1 200 OK"
2026-09-23 15:02:09,674 [INFO] httpx: HTTP Request: POST http://test/api/v1/invite/iIzbxmAS2NMTEFyH "HTTP/1.1 200 OK"
2026-09-23 15:02:09,679 [INFO] httpx: HTTP Request: POST http://test/api/v1/invite/iIzbxmAS2NMTEFyH "HTTP/1.1 200 OK"
2026-09-23 15:02:10,014 [INFO] httpx: HTTP Request: POST http://test/api/v1/auth/register/admin "HTTP/1.1 201 Created"
2026-09-23 15:02:10,023 [INFO] httpx: HTTP Request: POST http://test/api/v1/scenarios/ "HTTP/1.1 201 Created"
2026-09-23 15:02:10,029 [INFO] httpx: HTTP Request: POST http://test/api/v1/scenarios/noauth-case/publish "HTTP/1.1 200 OK"
2026-09-23 15:02:10,031 [INFO] httpx: HTTP Request: POST http://test/api/v1/invite/XUK0tL0lnrY8ZTHV "HTTP/1.1 401 Unauthorized"
2026-09-23 15:02:10,339 [INFO] httpx: HTTP Request: POST http://test/api/v1/auth/register/admin "HTTP/1.1 201 Created"
2026-09-23 15:02:10,620 [INFO] httpx: HTTP Request: POST http://test/api/v1/auth/register/admin "HTTP/1.1 201 Created"
2026-09-23 15:02:10,631 [INFO] httpx: HTTP Request: POST http://test/api/v1/scenarios/ "HTTP/1.1 201 Created"
2026-09-23 15:02:10,637 [INFO] httpx: HTTP Request: POST http://test/api/v1/scenarios/admin-inv-case/publish "HTTP/1.1 200 OK"
2026-09-23 15:02:10,640 [INFO] httpx: HTTP Request: POST http://test/api/v1/invite/-uQTml5Brv07VhDR "HTTP/1.1 403 Forbidden"
2026-09-23 15:02:10,674 [INFO] httpx: HTTP Request: GET http://test/api/v1/users/user-1/added-cases "HTTP/1.1 200 OK"
2026-09-23 15:02:10,999 [INFO] httpx: HTTP Request: POST http://test/api/v1/auth/register/admin "HTTP/1.1 201 Created"
2026-09-23 15:02:11,009 [INFO] httpx: HTTP Request: POST http://test/api/v1/scenarios/ "HTTP/1.1 201 Created"
2026-09-23 15:02:11,016 [INFO] httpx: HTTP Request: POST http://test/api/v1/scenarios/list-add-case/publish "HTTP/1.1 200 OK"
2026-09-23 15:02:11,024 [INFO] httpx: HTTP Request: POST http://test/api/v1/invite/ZfdPcAecHqcanJHj "HTTP/1.1 200 OK"
2026-09-23 15:02:11,031 [INFO] httpx: HTTP Request: GET http://test/api/v1/users/user-1/added-cases "HTTP/1.1 200 OK"
2026-09-23 15:02:11,350 [INFO] httpx: HTTP Request: POST http://test/api/v1/auth/register "HTTP/1.1 201 Created"
2026-09-23 15:02:11,360 [INFO] httpx: HTTP Request: POST http://test/api/v1/negotiation/start "HTTP/1.1 200 OK"
2026-09-23 15:02:11,675 [INFO] httpx: HTTP Request: POST http://test/api/v1/auth/register "HTTP/1.1 201 Created"
2026-09-23 15:02:11,681 [INFO] httpx: HTTP Request: POST http://test/api/v1/negotiation/start "HTTP/1.1 404 Not Found"
2026-09-23 15:02:12,015 [INFO] httpx: HTTP Request: POST http://test/api/v1/auth/register "HTTP/1.1 201 Created"
2026-09-23 15:02:12,026 [INFO] httpx: HTTP Request: POST http://test/api/v1/negotiation/start "HTTP/1.1 200 OK"
2026-09-23 15:02:12,034 [INFO] httpx: HTTP Request: POST http://test/api/v1/negotiation/message "HTTP/1.1 200 OK"
2026-09-23 15:02:12,339 [INFO] httpx: HTTP Request: POST http://test/api/v1/auth/register "HTTP/1.1 201 Created"
2026-09-23 15:02:12,345 [INFO] httpx: HTTP Request: POST http://test/api/v1/negotiation/message "HTTP/1.1 404 Not Found"
2026-09-23 15:02:12,660 [INFO] httpx: HTTP Request: POST http://test/api/v1/auth/register "HTTP/1.1 201 Created"
2026-09-23 15:02:12,670 [INFO] httpx: HTTP Request: POST http://test/api/v1/negotiation/start "HTTP/1.1 200 OK"
2026-09-23 15:02:12,678 [INFO] httpx: HTTP Request: POST http://test/api/v1/negotiation/message "HTTP/1.1 200 OK"
2026-09-23 15:02:12,696 [INFO] httpx: HTTP Request: POST http://test/api/v1/negotiation/end?session_id=2149c43b-6028-44b8-82f1-c7865a8d1050 "HTTP/1.1 200 OK"
2026-09-23 15:02:13,093 [INFO] httpx: HTTP Request: POST http://test/api/v1/auth/register "HTTP/1.1 201 Created"
2026-09-23 15:02:13,103 [INFO] httpx: HTTP Request: POST http://test/api/v1/negotiation/start "HTTP/1.1 200 OK"
2026-09-23 15:02:13,112 [INFO] httpx: HTTP Request: POST http://test/api/v1/negotiation/message "HTTP/1.1 200 OK"
2026-09-23 15:02:13,129 [INFO] httpx: HTTP Request: POST http://test/api/v1/negotiation/end?session_id=6d5370ed-f3e9-41ca-97b8-66725d20c157 "HTTP/1.1 200 OK"
2026-09-23 15:02:13,134 [INFO] httpx: HTTP Request: GET http://test/api/v1/negotiation/analysis/6d5370ed-f3e9-41ca-97b8-66725d20c157 "HTTP/1.1 200 OK"
2026-09-23 15:02:13,450 [INFO] httpx: HTTP Request: POST http://test/api/v1/auth/register "HTTP/1.1 201 Created"
2026-09-23 15:02:13,462 [INFO] httpx: HTTP Request: POST http://test/api/v1/negotiation/start "HTTP/1.1 200 OK"
2026-09-23 15:02:13,470 [INFO] httpx: HTTP Request: POST http://test/api/v1/negotiation/message "HTTP/1.1 200 OK"
2026-09-23 15:02:13,488 [INFO] httpx: HTTP Request: POST http://test/api/v1/negotiation/end?session_id=f00e6fcb-c15f-430d-8be7-4959d487518c "HTTP/1.1 200 OK"
2026-09-23 15:02:13,492 [INFO] httpx: HTTP Request: POST http://test/api/v1/negotiation/message "HTTP/1.1 400 Bad Request"
2026-09-23 15:02:13,826 [INFO] httpx: HTTP Request: POST http://test/api/v1/auth/register/admin "HTTP/1.1 201 Created"
2026-09-23 15:02:13,830 [INFO] httpx: HTTP Request: POST http://test/api/v1/negotiation/start "HTTP/1.1 403 Forbidden"
2026-09-23 15:02:13,861 [INFO] httpx: HTTP Request: POST http://test/api/v1/negotiation/start "HTTP/1.1 401 Unauthorized"
2026-09-23 15:02:14,257 [INFO] httpx: HTTP Request: POST http://test/api/v1/auth/register "HTTP/1.1 201 Created"
2026-09-23 15:02:14,268 [INFO] httpx: HTTP Request: POST http://test/api/v1/negotiation/start "HTTP/1.1 200 OK"
2026-09-23 15:02:14,277 [INFO] httpx: HTTP Request: POST http://test/api/v1/negotiation/message "HTTP/1.1 200 OK"
2026-09-23 15:02:14,294 [INFO] httpx: HTTP Request: POST http://test/api/v1/negotiation/end?session_id=6b96a577-6966-42b3-8a8c-25595466d6fa "HTTP/1.1 200 OK"
2026-09-23 15:02:14,298 [INFO] httpx: HTTP Request: GET http://test/api/v1/negotiation/analysis/6b96a577-6966-42b3-8a8c-25595466d6fa "HTTP/1.1 403 Forbidden"
2026-09-23 15:02:14,608 [INFO] httpx: HTTP Request: POST http://test/api/v1/auth/register "HTTP/1.1 201 Created"
2026-09-23 15:02:14,617 [INFO] httpx: HTTP Request: POST http://test/api/v1/negotiation/start "HTTP/1.1 200 OK"
2026-09-23 15:02:14,622 [INFO] httpx: HTTP Request: POST http://test/api/v1/negotiation/message "HTTP/1.1 403 Forbidden"
2026-09-23 15:02:14,940 [INFO] httpx: HTTP Request: POST http://test/api/v1/auth/register "HTTP/1.1 201 Created"
2026-09-23 15:02:14,950 [INFO] httpx: HTTP Request: POST http://test/api/v1/negotiation/start "HTTP/1.1 200 OK"
2026-09-23 15:02:14,955 [INFO] httpx: HTTP Request: POST http://test/api/v1/negotiation/f3d2321b-34df-4da5-8b44-75af82ad05f4/interrupt "HTTP/1.1 403 Forbidden"
2026-09-23 15:02:15,278 [INFO] httpx: HTTP Request: POST http://test/api/v1/auth/register "HTTP/1.1 201 Created"
2026-09-23 15:02:15,289 [INFO] httpx: HTTP Request: POST http://test/api/v1/negotiation/start "HTTP/1.1 200 OK"
2026-09-23 15:02:15,293 [INFO] httpx: HTTP Request: POST http://test/api/v1/negotiation/end?session_id=35098399-6881-470c-83d0-37c9560c0018 "HTTP/1.1 403 Forbidden"
2026-09-23 15:02:15,601 [INFO] httpx: HTTP Request: POST http://test/api/v1/auth/register "HTTP/1.1 201 Created"
2026-09-23 15:02:15,606 [INFO] httpx: HTTP Request: GET http://test/api/v1/negotiation/sessions/user-1 "HTTP/1.1 403 Forbidden"
2026-09-23 15:02:15,934 [INFO] httpx: HTTP Request: POST http://test/api/v1/auth/register "HTTP/1.1 201 Created"
2026-09-23 15:02:15,940 [INFO] httpx: HTTP Request: GET http://test/api/v1/users/user-1/skills "HTTP/1.1 403 Forbidden"
2026-09-23 15:02:16,328 [INFO] httpx: HTTP Request: POST http://test/api/v1/auth/register "HTTP/1.1 201 Created"
2026-09-23 15:02:16,333 [INFO] httpx: HTTP Request: GET http://test/api/v1/users/user-1/recommendations "HTTP/1.1 403 Forbidden"
2026-09-23 15:02:16,647 [INFO] httpx: HTTP Request: POST http://test/api/v1/auth/register "HTTP/1.1 201 Created"
2026-09-23 15:02:16,651 [INFO] httpx: HTTP Request: GET http://test/api/v1/negotiation/progress/user-1 "HTTP/1.1 403 Forbidden"
2026-09-23 15:02:16,676 [INFO] httpx: HTTP Request: POST http://test/api/v1/auth/register "HTTP/1.1 422 Unprocessable Entity"
2026-09-23 15:02:16,699 [INFO] httpx: HTTP Request: POST http://test/api/v1/auth/register "HTTP/1.1 422 Unprocessable Entity"
2026-09-23 15:02:16,725 [INFO] httpx: HTTP Request: POST http://test/api/v1/auth/register "HTTP/1.1 422 Unprocessable Entity"
2026-09-23 15:02:16,755 [INFO] httpx: HTTP Request: POST http://test/api/v1/auth/register "HTTP/1.1 422 Unprocessable Entity"
2026-09-23 15:02:17,131 [INFO] httpx: HTTP Request: POST http://test/api/v1/auth/register "HTTP/1.1 201 Created"
2026-09-23 15:02:17,498 [INFO] httpx: HTTP Request: POST http://test/api/v1/auth/register "HTTP/1.1 201 Created"
2026-09-23 15:02:17,825 [INFO] httpx: HTTP Request: POST http://test/api/v1/auth/register "HTTP/1.1 201 Created"
2026-09-23 15:02:17,849 [INFO] httpx: HTTP Request: POST http://test/api/v1/auth/register/admin "HTTP/1.1 422 Unprocessable Entity"
2026-09-23 15:02:18,175 [INFO] httpx: HTTP Request: POST http://test/api/v1/auth/register/admin "HTTP/1.1 201 Created"
2026-09-23 15:02:18,210 [INFO] httpx: HTTP Request: GET http://test/api/v1/negotiation/progress/user-1 "HTTP/1.1 200 OK"
2026-09-23 15:02:18,250 [INFO] httpx: HTTP Request: POST http://test/api/v1/negotiation/start "HTTP/1.1 200 OK"
2026-09-23 15:02:18,260 [INFO] httpx: HTTP Request: POST http://test/api/v1/negotiation/message "HTTP/1.1 200 OK"
2026-09-23 15:02:18,282 [INFO] httpx: HTTP Request: POST http://test/api/v1/negotiation/end?session_id=0f7c2529-112c-4b1b-b697-c36eed6e3bf4 "HTTP/1.1 200 OK"
2026-09-23 15:02:18,287 [INFO] httpx: HTTP Request: GET http://test/api/v1/negotiation/progress/user-1 "HTTP/1.1 200 OK"
2026-09-23 15:02:18,380 [INFO] httpx: HTTP Request: POST http://test/api/v1/negotiation/start "HTTP/1.1 200 OK"
2026-09-23 15:02:18,396 [INFO] httpx: HTTP Request: POST http://test/api/v1/negotiation/message "HTTP/1.1 200 OK"
2026-09-23 15:02:18,426 [INFO] httpx: HTTP Request: POST http://test/api/v1/negotiation/end?session_id=43525e06-e95c-4b18-97db-9ca17734c49c "HTTP/1.1 200 OK"
2026-09-23 15:02:18,437 [INFO] httpx: HTTP Request: POST http://test/api/v1/negotiation/start "HTTP/1.1 200 OK"
2026-09-23 15:02:18,448 [INFO] httpx: HTTP Request: POST http://test/api/v1/negotiation/message "HTTP/1.1 200 OK"
2026-09-23 15:02:18,463 [INFO] httpx: HTTP Request: POST http://test/api/v1/negotiation/end?session_id=4eecf7ed-c2ed-4e06-96cf-bbe963763542 "HTTP/1.1 200 OK"
2026-09-23 15:02:18,467 [INFO] httpx: HTTP Request: GET http://test/api/v1/negotiation/progress/user-1 "HTTP/1.1 200 OK"
2026-09-23 15:02:18,495 [INFO] httpx: HTTP Request: GET http://test/api/v1/negotiation/progress/user-1 "HTTP/1.1 401 Unauthorized"
2026-09-23 15:02:18,813 [INFO] httpx: HTTP Request: POST http://test/api/v1/auth/register/admin "HTTP/1.1 201 Created"
2026-09-23 15:02:18,816 [INFO] httpx: HTTP Request: GET http://test/api/v1/negotiation/progress/user-1 "HTTP/1.1 403 Forbidden"
2026-09-23 15:02:18,842 [INFO] httpx: HTTP Request: GET http://test/api/v1/scenarios/ "HTTP/1.1 200 OK"
2026-09-23 15:02:18,880 [INFO] httpx: HTTP Request: GET http://test/api/v1/scenarios/ "HTTP/1.1 200 OK"
2026-09-23 15:02:18,975 [INFO] httpx: HTTP Request: GET http://test/api/v1/scenarios/scenario-1 "HTTP/1.1 200 OK"
2026-09-23 15:02:19,058 [INFO] httpx: HTTP Request: GET http://test/api/v1/scenarios/nonexistent "HTTP/1.1 404 Not Found"
2026-09-23 15:02:19,402 [INFO] httpx: HTTP Request: POST http://test/api/v1/negotiation/start "HTTP/1.1 200 OK"
2026-09-23 15:02:19,414 [INFO] httpx: HTTP Request: POST http://test/api/v1/negotiation/message "HTTP/1.1 200 OK"
2026-09-23 15:02:19,444 [INFO] httpx: HTTP Request: POST http://test/api/v1/negotiation/end?session_id=73546cdc-60a8-497c-bf17-d567bdb4ef9f "HTTP/1.1 200 OK"
2026-09-23 15:02:19,450 [INFO] httpx: HTTP Request: GET http://test/api/v1/users/user-1/skills "HTTP/1.1 200 OK"
2026-09-23 15:02:19,507 [INFO] httpx: HTTP Request: GET http://test/api/v1/users/user-1/skills "HTTP/1.1 200 OK"
2026-09-23 15:02:19,535 [INFO] httpx: HTTP Request: GET http://test/api/v1/users/user-1/skills "HTTP/1.1 401 Unauthorized"
2026-09-23 15:02:19,874 [INFO] httpx: HTTP Request: POST http://test/api/v1/auth/register/admin "HTTP/1.1 201 Created"
2026-09-23 15:02:19,879 [INFO] httpx: HTTP Request: GET http://test/api/v1/users/user-1/skills "HTTP/1.1 403 Forbidden"
2026-09-23 15:02:19,991 [INFO] httpx: HTTP Request: POST http://test/api/v1/negotiation/start "HTTP/1.1 200 OK"
2026-09-23 15:02:20,003 [INFO] httpx: HTTP Request: POST http://test/api/v1/negotiation/message "HTTP/1.1 200 OK"
2026-09-23 15:02:20,013 [INFO] httpx: HTTP Request: POST http://test/api/v1/negotiation/message "HTTP/1.1 200 OK"
2026-09-23 15:02:20,025 [INFO] httpx: HTTP Request: POST http://test/api/v1/negotiation/message "HTTP/1.1 200 OK"
2026-09-23 15:02:20,051 [INFO] httpx: HTTP Request: POST http://test/api/v1/negotiation/end?session_id=31c33750-4545-4c29-b0b7-210573b7af05 "HTTP/1.1 200 OK"
2026-09-23 15:02:20,091 [INFO] httpx: HTTP Request: POST http://test/api/v1/negotiation/start "HTTP/1.1 200 OK"
2026-09-23 15:02:20,101 [INFO] httpx: HTTP Request: POST http://test/api/v1/negotiation/message "HTTP/1.1 200 OK"
2026-09-23 15:02:20,109 [INFO] httpx: HTTP Request: POST http://test/api/v1/negotiation/message "HTTP/1.1 200 OK"
2026-09-23 15:02:20,126 [INFO] httpx: HTTP Request: POST http://test/api/v1/negotiation/end?session_id=c4f9ebba-b9b9-430f-9247-93bf3192a859 "HTTP/1.1 200 OK"
2026-09-23 15:02:20,163 [INFO] httpx: HTTP Request: POST http://test/api/v1/negotiation/start "HTTP/1.1 200 OK"
2026-09-23 15:02:20,171 [INFO] httpx: HTTP Request: POST http://test/api/v1/negotiation/message "HTTP/1.1 200 OK"
2026-09-23 15:02:20,179 [INFO] httpx: HTTP Request: POST http://test/api/v1/negotiation/message "HTTP/1.1 200 OK"
2026-09-23 15:02:20,186 [INFO] httpx: HTTP Request: POST http://test/api/v1/negotiation/message "HTTP/1.1 200 OK"
2026-09-23 15:02:20,205 [INFO] httpx: HTTP Request: POST http://test/api/v1/negotiation/end?session_id=8c46c419-f968-46df-821e-11f334573ccd "HTTP/1.1 200 OK"
2026-09-23 15:02:20,210 [INFO] httpx: HTTP Request: GET http://test/api/v1/negotiation/analysis/8c46c419-f968-46df-821e-11f334573ccd "HTTP/1.1 200 OK"
2026-09-23 15:02:20,313 [INFO] httpx: HTTP Request: POST http://test/api/v1/negotiation/start "HTTP/1.1 200 OK"
2026-09-23 15:02:20,327 [INFO] httpx: HTTP Request: POST http://test/api/v1/negotiation/message "HTTP/1.1 200 OK"
2026-09-23 15:02:20,359 [INFO] httpx: HTTP Request: POST http://test/api/v1/negotiation/end?session_id=4ac42d4d-275f-4363-84b5-ade71e3bd0e3 "HTTP/1.1 200 OK"
2026-09-23 15:02:20,466 [INFO] httpx: HTTP Request: POST http://test/api/v1/negotiation/start "HTTP/1.1 200 OK"
2026-09-23 15:02:20,484 [INFO] httpx: HTTP Request: POST http://test/api/v1/negotiation/voice "HTTP/1.1 200 OK"
2026-09-23 15:02:20,550 [INFO] httpx: HTTP Request: POST http://test/api/v1/negotiation/voice "HTTP/1.1 404 Not Found"
2026-09-23 15:02:20,582 [INFO] httpx: HTTP Request: POST http://test/api/v1/negotiation/voice "HTTP/1.1 401 Unauthorized"
2026-09-23 15:02:20,976 [INFO] httpx: HTTP Request: POST http://test/api/v1/auth/register/admin "HTTP/1.1 201 Created"
2026-09-23 15:02:20,982 [INFO] httpx: HTTP Request: POST http://test/api/v1/negotiation/voice "HTTP/1.1 403 Forbidden"
2026-09-23 15:02:21,040 [INFO] httpx: HTTP Request: POST http://test/api/v1/negotiation/start "HTTP/1.1 200 OK"
2026-09-23 15:02:21,057 [INFO] httpx: HTTP Request: POST http://test/api/v1/negotiation/message "HTTP/1.1 200 OK"
2026-09-23 15:02:21,092 [INFO] httpx: HTTP Request: POST http://test/api/v1/negotiation/end?session_id=1b24f804-0d8e-49bc-9eb7-146ed55cbee2 "HTTP/1.1 200 OK"
2026-09-23 15:02:21,200 [INFO] httpx: HTTP Request: POST http://test/api/v1/negotiation/start "HTTP/1.1 200 OK"
2026-09-23 15:02:21,216 [INFO] httpx: HTTP Request: POST http://test/api/v1/negotiation/message "HTTP/1.1 200 OK"
2026-09-23 15:02:21,253 [INFO] httpx: HTTP Request: POST http://test/api/v1/negotiation/end?session_id=2fdc9cf3-087d-4544-acc5-98cbb3471b59 "HTTP/1.1 200 OK"
2026-09-23 15:02:21,257 [INFO] httpx: HTTP Request: GET http://test/api/v1/auth/me "HTTP/1.1 200 OK"
2026-09-23 15:54:51,563 [INFO] httpx: HTTP Request: POST http://test/api/v1/auth/register/admin "HTTP/1.1 201 Created"
2026-09-23 15:54:51,580 [INFO] httpx: HTTP Request: POST http://test/api/v1/scenarios/ "HTTP/1.1 201 Created"
2026-09-23 15:54:51,945 [INFO] httpx: HTTP Request: POST http://test/api/v1/auth/register "HTTP/1.1 201 Created"
2026-09-23 15:54:51,949 [INFO] httpx: HTTP Request: POST http://test/api/v1/scenarios/ "HTTP/1.1 403 Forbidden"
2026-09-23 15:54:52,258 [INFO] httpx: HTTP Request: POST http://test/api/v1/auth/register/admin "HTTP/1.1 201 Created"
2026-09-23 15:54:52,264 [INFO] httpx: HTTP Request: GET http://test/api/v1/scenarios/my "HTTP/1.1 200 OK"
2026-09-23 15:54:52,602 [INFO] httpx: HTTP Request: POST http://test/api/v1/auth/register/admin "HTTP/1.1 201 Created"
2026-09-23 15:54:52,887 [INFO] httpx: HTTP Request: POST http://test/api/v1/auth/register/admin "HTTP/1.1 201 Created"
2026-09-23 15:54:52,897 [INFO] httpx: HTTP Request: POST http://test/api/v1/scenarios/ "HTTP/1.1 201 Created"
2026-09-23 15:54:52,902 [INFO] httpx: HTTP Request: POST http://test/api/v1/scenarios/ "HTTP/1.1 201 Created"
2026-09-23 15:54:52,906 [INFO] httpx: HTTP Request: GET http://test/api/v1/scenarios/my "HTTP/1.1 200 OK"
2026-09-23 15:54:53,223 [INFO] httpx: HTTP Request: POST http://test/api/v1/auth/register/admin "HTTP/1.1 201 Created"
2026-09-23 15:54:53,233 [INFO] httpx: HTTP Request: POST http://test/api/v1/scenarios/ "HTTP/1.1 201 Created"
2026-09-23 15:54:53,239 [INFO] httpx: HTTP Request: POST http://test/api/v1/scenarios/pub-case/publish "HTTP/1.1 400 Bad Request"
2026-09-23 15:54:53,556 [INFO] httpx: HTTP Request: POST http://test/api/v1/auth/register/admin "HTTP/1.1 201 Created"
2026-09-23 15:54:53,569 [INFO] httpx: HTTP Request: POST http://test/api/v1/scenarios/ "HTTP/1.1 201 Created"
2026-09-23 15:54:53,577 [INFO] httpx: HTTP Request: POST http://test/api/v1/scenarios/ready-case/publish "HTTP/1.1 200 OK"
2026-09-23 15:54:53,886 [INFO] httpx: HTTP Request: POST http://test/api/v1/auth/register/admin "HTTP/1.1 201 Created"
2026-09-23 15:54:54,169 [INFO] httpx: HTTP Request: POST http://test/api/v1/auth/register/admin "HTTP/1.1 201 Created"
2026-09-23 15:54:54,221 [INFO] httpx: HTTP Request: POST http://test/api/v1/scenarios/ "HTTP/1.1 201 Created"
2026-09-23 15:54:54,225 [INFO] httpx: HTTP Request: POST http://test/api/v1/scenarios/owner-case/publish "HTTP/1.1 403 Forbidden"
2026-09-23 15:54:54,533 [INFO] httpx: HTTP Request: POST http://test/api/v1/auth/register/admin "HTTP/1.1 201 Created"
2026-09-23 15:54:54,542 [INFO] httpx: HTTP Request: POST http://test/api/v1/scenarios/ "HTTP/1.1 201 Created"
2026-09-23 15:54:54,548 [INFO] httpx: HTTP Request: POST http://test/api/v1/scenarios/arch-case/publish "HTTP/1.1 200 OK"
2026-09-23 15:54:54,554 [INFO] httpx: HTTP Request: POST http://test/api/v1/scenarios/arch-case/archive "HTTP/1.1 200 OK"
2026-09-23 15:54:54,863 [INFO] httpx: HTTP Request: POST http://test/api/v1/auth/register/admin "HTTP/1.1 201 Created"
2026-09-23 15:54:54,871 [INFO] httpx: HTTP Request: POST http://test/api/v1/scenarios/ "HTTP/1.1 201 Created"
2026-09-23 15:54:54,879 [INFO] httpx: HTTP Request: POST http://test/api/v1/scenarios/hidden-case/publish "HTTP/1.1 200 OK"
2026-09-23 15:54:54,883 [INFO] httpx: HTTP Request: GET http://test/api/v1/scenarios/ "HTTP/1.1 200 OK"
2026-09-23 15:54:55,224 [INFO] httpx: HTTP Request: POST http://test/api/v1/auth/register/admin "HTTP/1.1 201 Created"
2026-09-23 15:54:55,236 [INFO] httpx: HTTP Request: POST http://test/api/v1/scenarios/ "HTTP/1.1 201 Created"
2026-09-23 15:54:55,244 [INFO] httpx: HTTP Request: PUT http://test/api/v1/scenarios/upd-case "HTTP/1.1 200 OK"
2026-09-23 15:54:55,572 [INFO] httpx: HTTP Request: POST http://test/api/v1/auth/register/admin "HTTP/1.1 201 Created"
2026-09-23 15:54:55,864 [INFO] httpx: HTTP Request: POST http://test/api/v1/auth/register/admin "HTTP/1.1 201 Created"
2026-09-23 15:54:55,875 [INFO] httpx: HTTP Request: POST http://test/api/v1/scenarios/ "HTTP/1.1 201 Created"
2026-09-23 15:54:55,879 [INFO] httpx: HTTP Request: PUT http://test/api/v1/scenarios/protected-case "HTTP/1.1 403 Forbidden"
2026-09-23 15:54:55,936 [INFO] httpx: HTTP Request: POST http://test/api/v1/negotiation/start "HTTP/1.1 200 OK"
2026-09-23 15:54:55,950 [INFO] httpx: HTTP Request: POST http://test/api/v1/negotiation/message "HTTP/1.1 200 OK"
2026-09-23 15:54:55,982 [INFO] httpx: HTTP Request: POST http://test/api/v1/negotiation/end?session_id=cbc28bc8-d651-46bc-bdbc-0c324c8c6f0f "HTTP/1.1 200 OK"
2026-09-23 15:54:56,041 [INFO] httpx: HTTP Request: POST http://test/api/v1/negotiation/start "HTTP/1.1 200 OK"
2026-09-23 15:54:56,055 [INFO] httpx: HTTP Request: POST http://test/api/v1/negotiation/message "HTTP/1.1 200 OK"
2026-09-23 15:54:56,090 [INFO] httpx: HTTP Request: POST http://test/api/v1/negotiation/end?session_id=a1b75fdc-9b54-42f0-b3c2-c0f1bc39f5a7 "HTTP/1.1 200 OK"
2026-09-23 15:54:56,100 [INFO] httpx: HTTP Request: GET http://test/api/v1/negotiation/analysis/a1b75fdc-9b54-42f0-b3c2-c0f1bc39f5a7 "HTTP/1.1 200 OK"
2026-09-23 15:54:56,152 [INFO] httpx: HTTP Request: POST http://test/api/v1/negotiation/start "HTTP/1.1 200 OK"
2026-09-23 15:54:56,164 [INFO] httpx: HTTP Request: POST http://test/api/v1/negotiation/message "HTTP/1.1 200 OK"
2026-09-23 15:54:56,191 [INFO] httpx: HTTP Request: POST http://test/api/v1/negotiation/end?session_id=c5f511b3-5e2a-4a6c-b59b-93ba839185ad "HTTP/1.1 200 OK"
2026-09-23 15:54:56,538 [INFO] httpx: HTTP Request: POST http://test/api/v1/auth/register "HTTP/1.1 201 Created"
2026-09-23 15:54:56,594 [INFO] httpx: HTTP Request: POST http://test/api/v1/auth/register "HTTP/1.1 422 Unprocessable Entity"
2026-09-23 15:54:56,678 [INFO] httpx: HTTP Request: POST http://test/api/v1/auth/register "HTTP/1.1 400 Bad Request"
2026-09-23 15:54:57,041 [INFO] httpx: HTTP Request: POST http://test/api/v1/auth/register "HTTP/1.1 201 Created"
2026-09-23 15:54:57,361 [INFO] httpx: HTTP Request: POST http://test/api/v1/auth/register "HTTP/1.1 201 Created"
2026-09-23 15:54:57,656 [INFO] httpx: HTTP Request: POST http://test/api/v1/auth/login "HTTP/1.1 200 OK"
2026-09-23 15:54:57,976 [INFO] httpx: HTTP Request: POST http://test/api/v1/auth/register "HTTP/1.1 201 Created"
2026-09-23 15:54:58,274 [INFO] httpx: HTTP Request: POST http://test/api/v1/auth/login "HTTP/1.1 401 Unauthorized"
2026-09-23 15:54:58,652 [INFO] httpx: HTTP Request: POST http://test/api/v1/auth/register "HTTP/1.1 201 Created"
2026-09-23 15:54:58,661 [INFO] httpx: HTTP Request: POST http://test/api/v1/auth/onboarding "HTTP/1.1 200 OK"
2026-09-23 15:54:59,017 [INFO] httpx: HTTP Request: POST http://test/api/v1/auth/register "HTTP/1.1 201 Created"
2026-09-23 15:54:59,022 [INFO] httpx: HTTP Request: POST http://test/api/v1/auth/onboarding "HTTP/1.1 400 Bad Request"
2026-09-23 15:54:59,338 [INFO] httpx: HTTP Request: POST http://test/api/v1/auth/register "HTTP/1.1 201 Created"
2026-09-23 15:54:59,342 [INFO] httpx: HTTP Request: POST http://test/api/v1/auth/onboarding "HTTP/1.1 422 Unprocessable Entity"
2026-09-23 15:54:59,668 [INFO] httpx: HTTP Request: POST http://test/api/v1/auth/register/admin "HTTP/1.1 201 Created"
2026-09-23 15:54:59,693 [INFO] httpx: HTTP Request: POST http://test/api/v1/auth/register/admin "HTTP/1.1 422 Unprocessable Entity"
2026-09-23 15:54:59,721 [INFO] httpx: HTTP Request: POST http://test/api/v1/auth/register/admin "HTTP/1.1 400 Bad Request"
2026-09-23 15:55:00,060 [INFO] httpx: HTTP Request: POST http://test/api/v1/auth/register/admin "HTTP/1.1 201 Created"
2026-09-23 15:55:00,358 [INFO] httpx: HTTP Request: POST http://test/api/v1/auth/login/admin "HTTP/1.1 200 OK"
2026-09-23 15:55:00,713 [INFO] httpx: HTTP Request: POST http://test/api/v1/auth/register "HTTP/1.1 201 Created"
2026-09-23 15:55:01,017 [INFO] httpx: HTTP Request: POST http://test/api/v1/auth/login/admin "HTTP/1.1 403 Forbidden"
2026-09-23 15:55:01,342 [INFO] httpx: HTTP Request: POST http://test/api/v1/auth/register/admin "HTTP/1.1 201 Created"
2026-09-23 15:55:01,633 [INFO] httpx: HTTP Request: POST http://test/api/v1/auth/login/admin "HTTP/1.1 401 Unauthorized"
2026-09-23 15:55:01,963 [INFO] httpx: HTTP Request: POST http://test/api/v1/auth/register "HTTP/1.1 201 Created"
2026-09-23 15:55:01,968 [INFO] httpx: HTTP Request: GET http://test/api/v1/auth/me "HTTP/1.1 200 OK"
2026-09-23 15:55:02,030 [INFO] httpx: HTTP Request: GET http://test/api/v1/auth/me "HTTP/1.1 401 Unauthorized"
2026-09-23 15:55:02,371 [INFO] httpx: HTTP Request: POST http://test/api/v1/auth/register/admin "HTTP/1.1 201 Created"
2026-09-23 15:55:02,375 [INFO] httpx: HTTP Request: GET http://test/api/v1/auth/me "HTTP/1.1 403 Forbidden"
2026-09-23 15:55:02,705 [INFO] httpx: HTTP Request: POST http://test/api/v1/auth/register/admin "HTTP/1.1 201 Created"
2026-09-23 15:55:02,710 [INFO] httpx: HTTP Request: POST http://test/api/v1/auth/onboarding "HTTP/1.1 403 Forbidden"
2026-09-23 15:55:02,746 [INFO] httpx: HTTP Request: GET http://test/api/v1/auth/me "HTTP/1.1 200 OK"
2026-09-23 15:55:03,090 [INFO] httpx: HTTP Request: POST http://test/api/v1/auth/register "HTTP/1.1 201 Created"
2026-09-23 15:55:03,094 [INFO] httpx: HTTP Request: GET http://test/api/v1/auth/me "HTTP/1.1 200 OK"
2026-09-23 15:55:03,147 [INFO] httpx: HTTP Request: GET http://test/api/v1/negotiation/briefing/scenario-1 "HTTP/1.1 200 OK"
2026-09-23 15:55:03,242 [INFO] httpx: HTTP Request: GET http://test/api/v1/negotiation/briefing/scenario-1 "HTTP/1.1 200 OK"
2026-09-23 15:55:03,326 [INFO] httpx: HTTP Request: GET http://test/api/v1/negotiation/briefing/ghost "HTTP/1.1 404 Not Found"
2026-09-23 15:55:03,413 [INFO] httpx: HTTP Request: GET http://test/api/v1/negotiation/briefing/scenario-1 "HTTP/1.1 401 Unauthorized"
2026-09-23 15:55:03,771 [INFO] httpx: HTTP Request: POST http://test/api/v1/auth/register/admin "HTTP/1.1 201 Created"
2026-09-23 15:55:03,774 [INFO] httpx: HTTP Request: GET http://test/api/v1/negotiation/briefing/scenario-1 "HTTP/1.1 403 Forbidden"
2026-09-23 15:55:03,800 [INFO] httpx: HTTP Request: POST http://test/api/v1/auth/register "HTTP/1.1 400 Bad Request"
2026-09-23 15:55:04,198 [INFO] httpx: HTTP Request: POST http://test/api/v1/auth/register "HTTP/1.1 201 Created"
2026-09-23 15:55:04,537 [INFO] httpx: HTTP Request: POST http://test/api/v1/auth/register "HTTP/1.1 201 Created"
2026-09-23 15:55:04,868 [INFO] httpx: HTTP Request: POST http://test/api/v1/auth/register "HTTP/1.1 201 Created"
2026-09-23 15:55:04,873 [INFO] httpx: HTTP Request: GET http://test/api/v1/auth/me "HTTP/1.1 200 OK"
2026-09-23 15:55:04,942 [INFO] httpx: HTTP Request: POST http://test/api/v1/auth/register/admin "HTTP/1.1 400 Bad Request"
2026-09-23 15:55:05,286 [INFO] httpx: HTTP Request: POST http://test/api/v1/auth/register/admin "HTTP/1.1 201 Created"
2026-09-23 15:55:05,296 [INFO] httpx: HTTP Request: POST http://test/api/v1/scenarios/ "HTTP/1.1 201 Created"
2026-09-23 15:55:05,305 [INFO] httpx: HTTP Request: DELETE http://test/api/v1/scenarios/to-delete "HTTP/1.1 204 No Content"
2026-09-23 15:55:05,309 [INFO] httpx: HTTP Request: GET http://test/api/v1/scenarios/to-delete "HTTP/1.1 404 Not Found"
2026-09-23 15:55:05,641 [INFO] httpx: HTTP Request: POST http://test/api/v1/auth/register/admin "HTTP/1.1 201 Created"
2026-09-23 15:55:05,931 [INFO] httpx: HTTP Request: POST http://test/api/v1/auth/register/admin "HTTP/1.1 201 Created"
2026-09-23 15:55:05,943 [INFO] httpx: HTTP Request: POST http://test/api/v1/scenarios/ "HTTP/1.1 201 Created"
2026-09-23 15:55:05,948 [INFO] httpx: HTTP Request: DELETE http://test/api/v1/scenarios/protected-del "HTTP/1.1 403 Forbidden"
2026-09-23 15:55:06,313 [INFO] httpx: HTTP Request: POST http://test/api/v1/auth/register/admin "HTTP/1.1 201 Created"
2026-09-23 15:55:06,319 [INFO] httpx: HTTP Request: DELETE http://test/api/v1/scenarios/ghost "HTTP/1.1 404 Not Found"
2026-09-23 15:55:06,659 [INFO] httpx: HTTP Request: POST http://test/api/v1/auth/register/admin "HTTP/1.1 201 Created"
2026-09-23 15:55:06,670 [INFO] httpx: HTTP Request: POST http://test/api/v1/scenarios/ "HTTP/1.1 201 Created"
2026-09-23 15:55:06,684 [INFO] httpx: HTTP Request: POST http://test/api/v1/negotiation/start "HTTP/1.1 200 OK"
2026-09-23 15:55:06,693 [INFO] httpx: HTTP Request: DELETE http://test/api/v1/scenarios/detach-case "HTTP/1.1 204 No Content"
2026-09-23 15:55:06,701 [INFO] httpx: HTTP Request: GET http://test/api/v1/negotiation/sessions/user-1 "HTTP/1.1 200 OK"
2026-09-23 15:55:06,776 [INFO] httpx: HTTP Request: GET http://test/api/v1/health/ "HTTP/1.1 200 OK"
2026-09-23 15:55:06,870 [INFO] httpx: HTTP Request: GET http://test/ "HTTP/1.1 200 OK"
2026-09-23 15:55:06,914 [INFO] httpx: HTTP Request: GET http://test/api/v1/health/ "HTTP/1.1 200 OK"
2026-09-23 15:55:06,995 [INFO] httpx: HTTP Request: GET http://test/api/v1/negotiation/sessions/user-1 "HTTP/1.1 200 OK"
2026-09-23 15:55:07,052 [INFO] httpx: HTTP Request: POST http://test/api/v1/negotiation/start "HTTP/1.1 200 OK"
2026-09-23 15:55:07,059 [INFO] httpx: HTTP Request: GET http://test/api/v1/negotiation/sessions/user-1 "HTTP/1.1 200 OK"
2026-09-23 15:55:07,103 [INFO] httpx: HTTP Request: POST http://test/api/v1/negotiation/start "HTTP/1.1 200 OK"
2026-09-23 15:55:07,114 [INFO] httpx: HTTP Request: POST http://test/api/v1/negotiation/message "HTTP/1.1 200 OK"
2026-09-23 15:55:07,120 [INFO] httpx: HTTP Request: GET http://test/api/v1/negotiation/sessions/d08144c3-627e-4c8d-af51-8af603d02053/messages "HTTP/1.1 200 OK"
2026-09-23 15:55:07,201 [INFO] httpx: HTTP Request: POST http://test/api/v1/negotiation/start "HTTP/1.1 200 OK"
2026-09-23 15:55:07,213 [INFO] httpx: HTTP Request: POST http://test/api/v1/negotiation/afd6ef69-1bfc-4005-8fb1-ed20fbcce58b/interrupt "HTTP/1.1 200 OK"
2026-09-23 15:55:07,286 [INFO] httpx: HTTP Request: POST http://test/api/v1/negotiation/start "HTTP/1.1 200 OK"
2026-09-23 15:55:07,295 [INFO] httpx: HTTP Request: POST http://test/api/v1/negotiation/cccc5241-7bed-4ec0-b92e-1a42f336a54f/interrupt "HTTP/1.1 200 OK"
2026-09-23 15:55:07,300 [INFO] httpx: HTTP Request: POST http://test/api/v1/negotiation/cccc5241-7bed-4ec0-b92e-1a42f336a54f/interrupt "HTTP/1.1 200 OK"
2026-09-23 15:55:07,360 [INFO] httpx: HTTP Request: POST http://test/api/v1/negotiation/start "HTTP/1.1 200 OK"
2026-09-23 15:55:07,371 [INFO] httpx: HTTP Request: POST http://test/api/v1/negotiation/message "HTTP/1.1 200 OK"
2026-09-23 15:55:07,397 [INFO] httpx: HTTP Request: POST http://test/api/v1/negotiation/end?session_id=bbef3439-497f-44ed-9854-0370e27e873b "HTTP/1.1 200 OK"
2026-09-23 15:55:07,402 [INFO] httpx: HTTP Request: POST http://test/api/v1/negotiation/bbef3439-497f-44ed-9854-0370e27e873b/interrupt "HTTP/1.1 400 Bad Request"
2026-09-23 15:55:07,448 [INFO] httpx: HTTP Request: POST http://test/api/v1/negotiation/ghost-session/interrupt "HTTP/1.1 404 Not Found"
2026-09-23 15:55:07,498 [INFO] httpx: HTTP Request: POST http://test/api/v1/negotiation/start "HTTP/1.1 200 OK"
2026-09-23 15:55:07,505 [INFO] httpx: HTTP Request: POST http://test/api/v1/negotiation/ef321e1c-26e0-4f7d-a357-d24b68198594/interrupt "HTTP/1.1 200 OK"
2026-09-23 15:55:07,510 [INFO] httpx: HTTP Request: POST http://test/api/v1/negotiation/message "HTTP/1.1 400 Bad Request"
2026-09-23 15:55:07,572 [INFO] httpx: HTTP Request: POST http://test/api/v1/negotiation/start "HTTP/1.1 200 OK"
2026-09-23 15:55:07,581 [INFO] httpx: HTTP Request: POST http://test/api/v1/negotiation/28235c90-01e5-4a68-be72-c0aa06355830/interrupt "HTTP/1.1 200 OK"
2026-09-23 15:55:07,587 [INFO] httpx: HTTP Request: POST http://test/api/v1/negotiation/end?session_id=28235c90-01e5-4a68-be72-c0aa06355830 "HTTP/1.1 400 Bad Request"
2026-09-23 15:55:07,676 [INFO] httpx: HTTP Request: GET http://test/api/v1/users/user-1/interrupted-session "HTTP/1.1 200 OK"
2026-09-23 15:55:07,722 [INFO] httpx: HTTP Request: POST http://test/api/v1/negotiation/start "HTTP/1.1 200 OK"
2026-09-23 15:55:07,733 [INFO] httpx: HTTP Request: POST http://test/api/v1/negotiation/start "HTTP/1.1 200 OK"
2026-09-23 15:55:07,742 [INFO] httpx: HTTP Request: POST http://test/api/v1/negotiation/4cc5a701-21ee-4976-a1d3-cf267156aa9b/interrupt "HTTP/1.1 200 OK"
2026-09-23 15:55:07,751 [INFO] httpx: HTTP Request: POST http://test/api/v1/negotiation/b0e5da95-4563-4c2c-b7ba-ff6a60b9cbee/interrupt "HTTP/1.1 200 OK"
2026-09-23 15:55:07,760 [INFO] httpx: HTTP Request: GET http://test/api/v1/users/user-1/interrupted-session "HTTP/1.1 200 OK"
2026-09-23 15:55:07,824 [INFO] httpx: HTTP Request: GET http://test/api/v1/users/user-1/interrupted-session "HTTP/1.1 401 Unauthorized"
2026-09-23 15:55:08,159 [INFO] httpx: HTTP Request: POST http://test/api/v1/auth/register/admin "HTTP/1.1 201 Created"
2026-09-23 15:55:08,168 [INFO] httpx: HTTP Request: POST http://test/api/v1/scenarios/ "HTTP/1.1 201 Created"
2026-09-23 15:55:08,174 [INFO] httpx: HTTP Request: POST http://test/api/v1/scenarios/prev-case/publish "HTTP/1.1 200 OK"
2026-09-23 15:55:08,178 [INFO] httpx: HTTP Request: GET http://test/api/v1/invite/GkaCLXu1fB_e5QJ9 "HTTP/1.1 200 OK"
2026-09-23 15:55:08,206 [INFO] httpx: HTTP Request: GET http://test/api/v1/invite/nonexistent-code-xyz "HTTP/1.1 404 Not Found"
2026-09-23 15:55:08,530 [INFO] httpx: HTTP Request: POST http://test/api/v1/auth/register/admin "HTTP/1.1 201 Created"
2026-09-23 15:55:08,542 [INFO] httpx: HTTP Request: POST http://test/api/v1/scenarios/ "HTTP/1.1 201 Created"
2026-09-23 15:55:08,553 [INFO] httpx: HTTP Request: POST http://test/api/v1/scenarios/arch-prev-case/publish "HTTP/1.1 200 OK"
2026-09-23 15:55:08,562 [INFO] httpx: HTTP Request: POST http://test/api/v1/scenarios/arch-prev-case/archive "HTTP/1.1 200 OK"
2026-09-23 15:55:08,566 [INFO] httpx: HTTP Request: GET http://test/api/v1/invite/kg0r22SAMHMv9roj "HTTP/1.1 410 Gone"
2026-09-23 15:55:08,931 [INFO] httpx: HTTP Request: POST http://test/api/v1/auth/register/admin "HTTP/1.1 201 Created"
2026-09-23 15:55:08,939 [INFO] httpx: HTTP Request: POST http://test/api/v1/scenarios/ "HTTP/1.1 201 Created"
2026-09-23 15:55:08,946 [INFO] httpx: HTTP Request: POST http://test/api/v1/scenarios/accept-case/publish "HTTP/1.1 200 OK"
2026-09-23 15:55:08,956 [INFO] httpx: HTTP Request: POST http://test/api/v1/invite/Vv3OO2diAjlV4l0T "HTTP/1.1 200 OK"
2026-09-23 15:55:09,347 [INFO] httpx: HTTP Request: POST http://test/api/v1/auth/register/admin "HTTP/1.1 201 Created"
2026-09-23 15:55:09,356 [INFO] httpx: HTTP Request: POST http://test/api/v1/scenarios/ "HTTP/1.1 201 Created"
2026-09-23 15:55:09,362 [INFO] httpx: HTTP Request: POST http://test/api/v1/scenarios/idem-case/publish "HTTP/1.1 200 OK"
2026-09-23 15:55:09,368 [INFO] httpx: HTTP Request: POST http://test/api/v1/invite/LTp-YCjU9aQdjCQg "HTTP/1.1 200 OK"
2026-09-23 15:55:09,372 [INFO] httpx: HTTP Request: POST http://test/api/v1/invite/LTp-YCjU9aQdjCQg "HTTP/1.1 200 OK"
2026-09-23 15:55:09,707 [INFO] httpx: HTTP Request: POST http://test/api/v1/auth/register/admin "HTTP/1.1 201 Created"
2026-09-23 15:55:09,718 [INFO] httpx: HTTP Request: POST http://test/api/v1/scenarios/ "HTTP/1.1 201 Created"
2026-09-23 15:55:09,725 [INFO] httpx: HTTP Request: POST http://test/api/v1/scenarios/noauth-case/publish "HTTP/1.1 200 OK"
2026-09-23 15:55:09,726 [INFO] httpx: HTTP Request: POST http://test/api/v1/invite/Hy6l8wGnWA11Hw74 "HTTP/1.1 401 Unauthorized"
2026-09-23 15:55:10,056 [INFO] httpx: HTTP Request: POST http://test/api/v1/auth/register/admin "HTTP/1.1 201 Created"
2026-09-23 15:55:10,345 [INFO] httpx: HTTP Request: POST http://test/api/v1/auth/register/admin "HTTP/1.1 201 Created"
2026-09-23 15:55:10,354 [INFO] httpx: HTTP Request: POST http://test/api/v1/scenarios/ "HTTP/1.1 201 Created"
2026-09-23 15:55:10,363 [INFO] httpx: HTTP Request: POST http://test/api/v1/scenarios/admin-inv-case/publish "HTTP/1.1 200 OK"
2026-09-23 15:55:10,366 [INFO] httpx: HTTP Request: POST http://test/api/v1/invite/7Y_vMRtObc68BBvw "HTTP/1.1 403 Forbidden"
2026-09-23 15:55:10,405 [INFO] httpx: HTTP Request: GET http://test/api/v1/users/user-1/added-cases "HTTP/1.1 200 OK"
2026-09-23 15:55:10,765 [INFO] httpx: HTTP Request: POST http://test/api/v1/auth/register/admin "HTTP/1.1 201 Created"
2026-09-23 15:55:10,778 [INFO] httpx: HTTP Request: POST http://test/api/v1/scenarios/ "HTTP/1.1 201 Created"
2026-09-23 15:55:10,787 [INFO] httpx: HTTP Request: POST http://test/api/v1/scenarios/list-add-case/publish "HTTP/1.1 200 OK"
2026-09-23 15:55:10,799 [INFO] httpx: HTTP Request: POST http://test/api/v1/invite/nVya7Vhhbzzqr_zP "HTTP/1.1 200 OK"
2026-09-23 15:55:10,806 [INFO] httpx: HTTP Request: GET http://test/api/v1/users/user-1/added-cases "HTTP/1.1 200 OK"
2026-09-23 15:55:11,170 [INFO] httpx: HTTP Request: POST http://test/api/v1/auth/register "HTTP/1.1 201 Created"
2026-09-23 15:55:11,180 [INFO] httpx: HTTP Request: POST http://test/api/v1/negotiation/start "HTTP/1.1 200 OK"
2026-09-23 15:55:11,511 [INFO] httpx: HTTP Request: POST http://test/api/v1/auth/register "HTTP/1.1 201 Created"
2026-09-23 15:55:11,518 [INFO] httpx: HTTP Request: POST http://test/api/v1/negotiation/start "HTTP/1.1 404 Not Found"
2026-09-23 15:55:11,868 [INFO] httpx: HTTP Request: POST http://test/api/v1/auth/register "HTTP/1.1 201 Created"
2026-09-23 15:55:11,879 [INFO] httpx: HTTP Request: POST http://test/api/v1/negotiation/start "HTTP/1.1 200 OK"
2026-09-23 15:55:11,887 [INFO] httpx: HTTP Request: POST http://test/api/v1/negotiation/message "HTTP/1.1 200 OK"
2026-09-23 15:55:12,200 [INFO] httpx: HTTP Request: POST http://test/api/v1/auth/register "HTTP/1.1 201 Created"
2026-09-23 15:55:12,207 [INFO] httpx: HTTP Request: POST http://test/api/v1/negotiation/message "HTTP/1.1 404 Not Found"
2026-09-23 15:55:12,559 [INFO] httpx: HTTP Request: POST http://test/api/v1/auth/register "HTTP/1.1 201 Created"
2026-09-23 15:55:12,569 [INFO] httpx: HTTP Request: POST http://test/api/v1/negotiation/start "HTTP/1.1 200 OK"
2026-09-23 15:55:12,578 [INFO] httpx: HTTP Request: POST http://test/api/v1/negotiation/message "HTTP/1.1 200 OK"
2026-09-23 15:55:12,595 [INFO] httpx: HTTP Request: POST http://test/api/v1/negotiation/end?session_id=28f3c13f-0b9d-4e92-9ca7-48050c8f4a18 "HTTP/1.1 200 OK"
2026-09-23 15:55:12,958 [INFO] httpx: HTTP Request: POST http://test/api/v1/auth/register "HTTP/1.1 201 Created"
2026-09-23 15:55:12,968 [INFO] httpx: HTTP Request: POST http://test/api/v1/negotiation/start "HTTP/1.1 200 OK"
2026-09-23 15:55:12,978 [INFO] httpx: HTTP Request: POST http://test/api/v1/negotiation/message "HTTP/1.1 200 OK"
2026-09-23 15:55:12,996 [INFO] httpx: HTTP Request: POST http://test/api/v1/negotiation/end?session_id=290a73ca-ce4c-4202-a93e-4a69b9b43a24 "HTTP/1.1 200 OK"
2026-09-23 15:55:13,001 [INFO] httpx: HTTP Request: GET http://test/api/v1/negotiation/analysis/290a73ca-ce4c-4202-a93e-4a69b9b43a24 "HTTP/1.1 200 OK"
2026-09-23 15:55:13,329 [INFO] httpx: HTTP Request: POST http://test/api/v1/auth/register "HTTP/1.1 201 Created"
2026-09-23 15:55:13,339 [INFO] httpx: HTTP Request: POST http://test/api/v1/negotiation/start "HTTP/1.1 200 OK"
2026-09-23 15:55:13,347 [INFO] httpx: HTTP Request: POST http://test/api/v1/negotiation/message "HTTP/1.1 200 OK"
2026-09-23 15:55:13,363 [INFO] httpx: HTTP Request: POST http://test/api/v1/negotiation/end?session_id=13a4315e-cf4a-4f57-a5ee-9f555fd8760e "HTTP/1.1 200 OK"
2026-09-23 15:55:13,367 [INFO] httpx: HTTP Request: POST http://test/api/v1/negotiation/message "HTTP/1.1 400 Bad Request"
2026-09-23 15:55:13,700 [INFO] httpx: HTTP Request: POST http://test/api/v1/auth/register/admin "HTTP/1.1 201 Created"
2026-09-23 15:55:13,703 [INFO] httpx: HTTP Request: POST http://test/api/v1/negotiation/start "HTTP/1.1 403 Forbidden"
2026-09-23 15:55:13,733 [INFO] httpx: HTTP Request: POST http://test/api/v1/negotiation/start "HTTP/1.1 401 Unauthorized"
2026-09-23 15:55:14,066 [INFO] httpx: HTTP Request: POST http://test/api/v1/auth/register "HTTP/1.1 201 Created"
2026-09-23 15:55:14,081 [INFO] httpx: HTTP Request: POST http://test/api/v1/negotiation/start "HTTP/1.1 200 OK"
2026-09-23 15:55:14,093 [INFO] httpx: HTTP Request: POST http://test/api/v1/negotiation/message "HTTP/1.1 200 OK"
2026-09-23 15:55:14,120 [INFO] httpx: HTTP Request: POST http://test/api/v1/negotiation/end?session_id=b8ce8d35-63f2-4f68-8cc6-9859ed3ba035 "HTTP/1.1 200 OK"
2026-09-23 15:55:14,126 [INFO] httpx: HTTP Request: GET http://test/api/v1/negotiation/analysis/b8ce8d35-63f2-4f68-8cc6-9859ed3ba035 "HTTP/1.1 403 Forbidden"
2026-09-23 15:55:14,514 [INFO] httpx: HTTP Request: POST http://test/api/v1/auth/register "HTTP/1.1 201 Created"
2026-09-23 15:55:14,526 [INFO] httpx: HTTP Request: POST http://test/api/v1/negotiation/start "HTTP/1.1 200 OK"
2026-09-23 15:55:14,531 [INFO] httpx: HTTP Request: POST http://test/api/v1/negotiation/message "HTTP/1.1 403 Forbidden"
2026-09-23 15:55:14,888 [INFO] httpx: HTTP Request: POST http://test/api/v1/auth/register "HTTP/1.1 201 Created"
2026-09-23 15:55:14,899 [INFO] httpx: HTTP Request: POST http://test/api/v1/negotiation/start "HTTP/1.1 200 OK"
2026-09-23 15:55:14,904 [INFO] httpx: HTTP Request: POST http://test/api/v1/negotiation/1db249ee-5a87-4e14-a64c-ad8dc61630a7/interrupt "HTTP/1.1 403 Forbidden"
2026-09-23 15:55:15,248 [INFO] httpx: HTTP Request: POST http://test/api/v1/auth/register "HTTP/1.1 201 Created"
2026-09-23 15:55:15,262 [INFO] httpx: HTTP Request: POST http://test/api/v1/negotiation/start "HTTP/1.1 200 OK"
2026-09-23 15:55:15,267 [INFO] httpx: HTTP Request: POST http://test/api/v1/negotiation/end?session_id=9afb235e-bc28-4de7-a5f4-950e7641199a "HTTP/1.1 403 Forbidden"
2026-09-23 15:55:15,586 [INFO] httpx: HTTP Request: POST http://test/api/v1/auth/register "HTTP/1.1 201 Created"
2026-09-23 15:55:15,591 [INFO] httpx: HTTP Request: GET http://test/api/v1/negotiation/sessions/user-1 "HTTP/1.1 403 Forbidden"
2026-09-23 15:55:15,944 [INFO] httpx: HTTP Request: POST http://test/api/v1/auth/register "HTTP/1.1 201 Created"
2026-09-23 15:55:15,949 [INFO] httpx: HTTP Request: GET http://test/api/v1/users/user-1/skills "HTTP/1.1 403 Forbidden"
2026-09-23 15:55:16,280 [INFO] httpx: HTTP Request: POST http://test/api/v1/auth/register "HTTP/1.1 201 Created"
2026-09-23 15:55:16,285 [INFO] httpx: HTTP Request: GET http://test/api/v1/users/user-1/recommendations "HTTP/1.1 403 Forbidden"
2026-09-23 15:55:16,611 [INFO] httpx: HTTP Request: POST http://test/api/v1/auth/register "HTTP/1.1 201 Created"
2026-09-23 15:55:16,616 [INFO] httpx: HTTP Request: GET http://test/api/v1/negotiation/progress/user-1 "HTTP/1.1 403 Forbidden"
2026-09-23 15:55:16,644 [INFO] httpx: HTTP Request: POST http://test/api/v1/auth/register "HTTP/1.1 422 Unprocessable Entity"
2026-09-23 15:55:16,672 [INFO] httpx: HTTP Request: POST http://test/api/v1/auth/register "HTTP/1.1 422 Unprocessable Entity"
2026-09-23 15:55:16,701 [INFO] httpx: HTTP Request: POST http://test/api/v1/auth/register "HTTP/1.1 422 Unprocessable Entity"
2026-09-23 15:55:16,730 [INFO] httpx: HTTP Request: POST http://test/api/v1/auth/register "HTTP/1.1 422 Unprocessable Entity"
2026-09-23 15:55:17,048 [INFO] httpx: HTTP Request: POST http://test/api/v1/auth/register "HTTP/1.1 201 Created"
2026-09-23 15:55:17,359 [INFO] httpx: HTTP Request: POST http://test/api/v1/auth/register "HTTP/1.1 201 Created"
2026-09-23 15:55:17,682 [INFO] httpx: HTTP Request: POST http://test/api/v1/auth/register "HTTP/1.1 201 Created"
2026-09-23 15:55:17,724 [INFO] httpx: HTTP Request: POST http://test/api/v1/auth/register/admin "HTTP/1.1 422 Unprocessable Entity"
2026-09-23 15:55:18,058 [INFO] httpx: HTTP Request: POST http://test/api/v1/auth/register/admin "HTTP/1.1 201 Created"
2026-09-23 15:55:18,091 [INFO] httpx: HTTP Request: GET http://test/api/v1/negotiation/progress/user-1 "HTTP/1.1 200 OK"
2026-09-23 15:55:18,133 [INFO] httpx: HTTP Request: POST http://test/api/v1/negotiation/start "HTTP/1.1 200 OK"
2026-09-23 15:55:18,148 [INFO] httpx: HTTP Request: POST http://test/api/v1/negotiation/message "HTTP/1.1 200 OK"
2026-09-23 15:55:18,183 [INFO] httpx: HTTP Request: POST http://test/api/v1/negotiation/end?session_id=0f5ef55b-61b5-4305-a0f8-14320b0dbeeb "HTTP/1.1 200 OK"
2026-09-23 15:55:18,190 [INFO] httpx: HTTP Request: GET http://test/api/v1/negotiation/progress/user-1 "HTTP/1.1 200 OK"
2026-09-23 15:55:18,296 [INFO] httpx: HTTP Request: POST http://test/api/v1/negotiation/start "HTTP/1.1 200 OK"
2026-09-23 15:55:18,313 [INFO] httpx: HTTP Request: POST http://test/api/v1/negotiation/message "HTTP/1.1 200 OK"
2026-09-23 15:55:18,344 [INFO] httpx: HTTP Request: POST http://test/api/v1/negotiation/end?session_id=aa122966-0855-4ea1-ae04-31513e537dac "HTTP/1.1 200 OK"
2026-09-23 15:55:18,357 [INFO] httpx: HTTP Request: POST http://test/api/v1/negotiation/start "HTTP/1.1 200 OK"
2026-09-23 15:55:18,371 [INFO] httpx: HTTP Request: POST http://test/api/v1/negotiation/message "HTTP/1.1 200 OK"
2026-09-23 15:55:18,394 [INFO] httpx: HTTP Request: POST http://test/api/v1/negotiation/end?session_id=26027cac-83e3-46c5-9ebc-74d37f92d326 "HTTP/1.1 200 OK"
2026-09-23 15:55:18,400 [INFO] httpx: HTTP Request: GET http://test/api/v1/negotiation/progress/user-1 "HTTP/1.1 200 OK"
2026-09-23 15:55:18,462 [INFO] httpx: HTTP Request: GET http://test/api/v1/negotiation/progress/user-1 "HTTP/1.1 401 Unauthorized"
2026-09-23 15:55:18,855 [INFO] httpx: HTTP Request: POST http://test/api/v1/auth/register/admin "HTTP/1.1 201 Created"
2026-09-23 15:55:18,860 [INFO] httpx: HTTP Request: GET http://test/api/v1/negotiation/progress/user-1 "HTTP/1.1 403 Forbidden"
2026-09-23 15:55:18,893 [INFO] httpx: HTTP Request: GET http://test/api/v1/scenarios/ "HTTP/1.1 200 OK"
2026-09-23 15:55:18,946 [INFO] httpx: HTTP Request: GET http://test/api/v1/scenarios/ "HTTP/1.1 200 OK"
2026-09-23 15:55:19,001 [INFO] httpx: HTTP Request: GET http://test/api/v1/scenarios/scenario-1 "HTTP/1.1 200 OK"
2026-09-23 15:55:19,071 [INFO] httpx: HTTP Request: GET http://test/api/v1/scenarios/nonexistent "HTTP/1.1 404 Not Found"
2026-09-23 15:55:19,518 [INFO] httpx: HTTP Request: POST http://test/api/v1/negotiation/start "HTTP/1.1 200 OK"
2026-09-23 15:55:19,528 [INFO] httpx: HTTP Request: POST http://test/api/v1/negotiation/message "HTTP/1.1 200 OK"
2026-09-23 15:55:19,548 [INFO] httpx: HTTP Request: POST http://test/api/v1/negotiation/end?session_id=43ca2586-7622-499b-b08a-69bd17b601ab "HTTP/1.1 200 OK"
2026-09-23 15:55:19,552 [INFO] httpx: HTTP Request: GET http://test/api/v1/users/user-1/skills "HTTP/1.1 200 OK"
2026-09-23 15:55:19,606 [INFO] httpx: HTTP Request: GET http://test/api/v1/users/user-1/skills "HTTP/1.1 200 OK"
2026-09-23 15:55:19,658 [INFO] httpx: HTTP Request: GET http://test/api/v1/users/user-1/skills "HTTP/1.1 401 Unauthorized"
2026-09-23 15:55:20,056 [INFO] httpx: HTTP Request: POST http://test/api/v1/auth/register/admin "HTTP/1.1 201 Created"
2026-09-23 15:55:20,061 [INFO] httpx: HTTP Request: GET http://test/api/v1/users/user-1/skills "HTTP/1.1 403 Forbidden"
2026-09-23 15:55:20,121 [INFO] httpx: HTTP Request: POST http://test/api/v1/negotiation/start "HTTP/1.1 200 OK"
2026-09-23 15:55:20,153 [INFO] httpx: HTTP Request: POST http://test/api/v1/negotiation/message "HTTP/1.1 200 OK"
2026-09-23 15:55:20,169 [INFO] httpx: HTTP Request: POST http://test/api/v1/negotiation/message "HTTP/1.1 200 OK"
2026-09-23 15:55:20,178 [INFO] httpx: HTTP Request: POST http://test/api/v1/negotiation/message "HTTP/1.1 200 OK"
2026-09-23 15:55:20,198 [INFO] httpx: HTTP Request: POST http://test/api/v1/negotiation/end?session_id=89f5ac10-55a6-4586-ac4c-c7aa38c3f0de "HTTP/1.1 200 OK"
2026-09-23 15:55:20,296 [INFO] httpx: HTTP Request: POST http://test/api/v1/negotiation/start "HTTP/1.1 200 OK"
2026-09-23 15:55:20,303 [INFO] httpx: HTTP Request: POST http://test/api/v1/negotiation/message "HTTP/1.1 200 OK"
2026-09-23 15:55:20,311 [INFO] httpx: HTTP Request: POST http://test/api/v1/negotiation/message "HTTP/1.1 200 OK"
2026-09-23 15:55:20,329 [INFO] httpx: HTTP Request: POST http://test/api/v1/negotiation/end?session_id=0abde94f-0450-4ac8-a5f6-0e8a7bf28386 "HTTP/1.1 200 OK"
2026-09-23 15:55:20,374 [INFO] httpx: HTTP Request: POST http://test/api/v1/negotiation/start "HTTP/1.1 200 OK"
2026-09-23 15:55:20,383 [INFO] httpx: HTTP Request: POST http://test/api/v1/negotiation/message "HTTP/1.1 200 OK"
2026-09-23 15:55:20,392 [INFO] httpx: HTTP Request: POST http://test/api/v1/negotiation/message "HTTP/1.1 200 OK"
2026-09-23 15:55:20,402 [INFO] httpx: HTTP Request: POST http://test/api/v1/negotiation/message "HTTP/1.1 200 OK"
2026-09-23 15:55:20,423 [INFO] httpx: HTTP Request: POST http://test/api/v1/negotiation/end?session_id=b28b6fdc-4c9c-4db2-a814-0b12c9bde744 "HTTP/1.1 200 OK"
2026-09-23 15:55:20,431 [INFO] httpx: HTTP Request: GET http://test/api/v1/negotiation/analysis/b28b6fdc-4c9c-4db2-a814-0b12c9bde744 "HTTP/1.1 200 OK"
2026-09-23 15:55:20,544 [INFO] httpx: HTTP Request: POST http://test/api/v1/negotiation/start "HTTP/1.1 200 OK"
2026-09-23 15:55:20,557 [INFO] httpx: HTTP Request: POST http://test/api/v1/negotiation/message "HTTP/1.1 200 OK"
2026-09-23 15:55:20,586 [INFO] httpx: HTTP Request: POST http://test/api/v1/negotiation/end?session_id=a6b6a301-d294-4199-86db-3856059471b5 "HTTP/1.1 200 OK"
2026-09-23 15:55:20,651 [INFO] httpx: HTTP Request: POST http://test/api/v1/negotiation/start "HTTP/1.1 200 OK"
2026-09-23 15:55:20,664 [INFO] httpx: HTTP Request: POST http://test/api/v1/negotiation/voice "HTTP/1.1 200 OK"
2026-09-23 15:55:20,703 [INFO] httpx: HTTP Request: POST http://test/api/v1/negotiation/voice "HTTP/1.1 404 Not Found"
2026-09-23 15:55:20,759 [INFO] httpx: HTTP Request: POST http://test/api/v1/negotiation/voice "HTTP/1.1 401 Unauthorized"
2026-09-23 15:55:21,145 [INFO] httpx: HTTP Request: POST http://test/api/v1/auth/register/admin "HTTP/1.1 201 Created"
2026-09-23 15:55:21,149 [INFO] httpx: HTTP Request: POST http://test/api/v1/negotiation/voice "HTTP/1.1 403 Forbidden"
2026-09-23 15:55:21,256 [INFO] httpx: HTTP Request: POST http://test/api/v1/negotiation/start "HTTP/1.1 200 OK"
2026-09-23 15:55:21,276 [INFO] httpx: HTTP Request: POST http://test/api/v1/negotiation/message "HTTP/1.1 200 OK"
2026-09-23 15:55:21,300 [INFO] httpx: HTTP Request: POST http://test/api/v1/negotiation/end?session_id=cd788ff7-5f04-4f0a-ad22-e84d48f1fd7a "HTTP/1.1 200 OK"
2026-09-23 15:55:21,348 [INFO] httpx: HTTP Request: POST http://test/api/v1/negotiation/start "HTTP/1.1 200 OK"
2026-09-23 15:55:21,364 [INFO] httpx: HTTP Request: POST http://test/api/v1/negotiation/message "HTTP/1.1 200 OK"
2026-09-23 15:55:21,393 [INFO] httpx: HTTP Request: POST http://test/api/v1/negotiation/end?session_id=70b62722-5261-4d86-86b0-363f7b887814 "HTTP/1.1 200 OK"
2026-09-23 15:55:21,397 [INFO] httpx: HTTP Request: GET http://test/api/v1/auth/me "HTTP/1.1 200 OK"
2026-09-24 11:46:34,031 [INFO] httpx: HTTP Request: POST http://test/api/v1/auth/register/admin "HTTP/1.1 201 Created"
2026-09-24 11:46:34,076 [INFO] httpx: HTTP Request: POST http://test/api/v1/scenarios/ "HTTP/1.1 201 Created"
2026-09-24 11:46:34,460 [INFO] httpx: HTTP Request: POST http://test/api/v1/auth/register "HTTP/1.1 201 Created"
2026-09-24 11:46:34,465 [INFO] httpx: HTTP Request: POST http://test/api/v1/scenarios/ "HTTP/1.1 403 Forbidden"
2026-09-24 11:46:34,798 [INFO] httpx: HTTP Request: POST http://test/api/v1/auth/register/admin "HTTP/1.1 201 Created"
2026-09-24 11:46:34,811 [INFO] httpx: HTTP Request: GET http://test/api/v1/scenarios/my "HTTP/1.1 200 OK"
2026-09-24 11:46:35,191 [INFO] httpx: HTTP Request: POST http://test/api/v1/auth/register/admin "HTTP/1.1 201 Created"
2026-09-24 11:46:35,478 [INFO] httpx: HTTP Request: POST http://test/api/v1/auth/register/admin "HTTP/1.1 201 Created"
2026-09-24 11:46:35,490 [INFO] httpx: HTTP Request: POST http://test/api/v1/scenarios/ "HTTP/1.1 201 Created"
2026-09-24 11:46:35,502 [INFO] httpx: HTTP Request: POST http://test/api/v1/scenarios/ "HTTP/1.1 201 Created"
2026-09-24 11:46:35,512 [INFO] httpx: HTTP Request: GET http://test/api/v1/scenarios/my "HTTP/1.1 200 OK"
2026-09-24 11:46:35,913 [INFO] httpx: HTTP Request: POST http://test/api/v1/auth/register/admin "HTTP/1.1 201 Created"
2026-09-24 11:46:35,925 [INFO] httpx: HTTP Request: POST http://test/api/v1/scenarios/ "HTTP/1.1 201 Created"
2026-09-24 11:46:35,932 [INFO] httpx: HTTP Request: POST http://test/api/v1/scenarios/pub-case/publish "HTTP/1.1 400 Bad Request"
2026-09-24 11:46:36,382 [INFO] httpx: HTTP Request: POST http://test/api/v1/auth/register/admin "HTTP/1.1 201 Created"
2026-09-24 11:46:36,398 [INFO] httpx: HTTP Request: POST http://test/api/v1/scenarios/ "HTTP/1.1 201 Created"
2026-09-24 11:46:36,406 [INFO] httpx: HTTP Request: POST http://test/api/v1/scenarios/ready-case/publish "HTTP/1.1 200 OK"
2026-09-24 11:46:36,789 [INFO] httpx: HTTP Request: POST http://test/api/v1/auth/register/admin "HTTP/1.1 201 Created"
2026-09-24 11:46:37,083 [INFO] httpx: HTTP Request: POST http://test/api/v1/auth/register/admin "HTTP/1.1 201 Created"
2026-09-24 11:46:37,160 [INFO] httpx: HTTP Request: POST http://test/api/v1/scenarios/ "HTTP/1.1 201 Created"
2026-09-24 11:46:37,168 [INFO] httpx: HTTP Request: POST http://test/api/v1/scenarios/owner-case/publish "HTTP/1.1 403 Forbidden"
2026-09-24 11:46:37,544 [INFO] httpx: HTTP Request: POST http://test/api/v1/auth/register/admin "HTTP/1.1 201 Created"
2026-09-24 11:46:37,558 [INFO] httpx: HTTP Request: POST http://test/api/v1/scenarios/ "HTTP/1.1 201 Created"
2026-09-24 11:46:37,571 [INFO] httpx: HTTP Request: POST http://test/api/v1/scenarios/arch-case/publish "HTTP/1.1 200 OK"
2026-09-24 11:46:37,585 [INFO] httpx: HTTP Request: POST http://test/api/v1/scenarios/arch-case/archive "HTTP/1.1 200 OK"
2026-09-24 11:46:37,937 [INFO] httpx: HTTP Request: POST http://test/api/v1/auth/register/admin "HTTP/1.1 201 Created"
2026-09-24 11:46:37,948 [INFO] httpx: HTTP Request: POST http://test/api/v1/scenarios/ "HTTP/1.1 201 Created"
2026-09-24 11:46:37,956 [INFO] httpx: HTTP Request: POST http://test/api/v1/scenarios/hidden-case/publish "HTTP/1.1 200 OK"
2026-09-24 11:46:37,960 [INFO] httpx: HTTP Request: GET http://test/api/v1/scenarios/ "HTTP/1.1 200 OK"
2026-09-24 11:46:38,313 [INFO] httpx: HTTP Request: POST http://test/api/v1/auth/register/admin "HTTP/1.1 201 Created"
2026-09-24 11:46:38,324 [INFO] httpx: HTTP Request: POST http://test/api/v1/scenarios/ "HTTP/1.1 201 Created"
2026-09-24 11:46:38,332 [INFO] httpx: HTTP Request: PUT http://test/api/v1/scenarios/upd-case "HTTP/1.1 200 OK"
2026-09-24 11:46:38,696 [INFO] httpx: HTTP Request: POST http://test/api/v1/auth/register/admin "HTTP/1.1 201 Created"
2026-09-24 11:46:38,985 [INFO] httpx: HTTP Request: POST http://test/api/v1/auth/register/admin "HTTP/1.1 201 Created"
2026-09-24 11:46:38,997 [INFO] httpx: HTTP Request: POST http://test/api/v1/scenarios/ "HTTP/1.1 201 Created"
2026-09-24 11:46:39,004 [INFO] httpx: HTTP Request: PUT http://test/api/v1/scenarios/protected-case "HTTP/1.1 403 Forbidden"
2026-09-24 11:46:39,102 [INFO] httpx: HTTP Request: POST http://test/api/v1/negotiation/start "HTTP/1.1 200 OK"
2026-09-24 11:46:39,121 [INFO] httpx: HTTP Request: POST http://test/api/v1/negotiation/message "HTTP/1.1 200 OK"
2026-09-24 11:46:39,165 [INFO] httpx: HTTP Request: POST http://test/api/v1/negotiation/end?session_id=c6b3080f-be26-4caf-b685-4055796e5909 "HTTP/1.1 200 OK"
2026-09-24 11:46:39,242 [INFO] httpx: HTTP Request: POST http://test/api/v1/negotiation/start "HTTP/1.1 200 OK"
2026-09-24 11:46:39,261 [INFO] httpx: HTTP Request: POST http://test/api/v1/negotiation/message "HTTP/1.1 200 OK"
2026-09-24 11:46:39,303 [INFO] httpx: HTTP Request: POST http://test/api/v1/negotiation/end?session_id=51a65ef4-e546-4456-bf51-b2c2927c11da "HTTP/1.1 200 OK"
2026-09-24 11:46:39,314 [INFO] httpx: HTTP Request: GET http://test/api/v1/negotiation/analysis/51a65ef4-e546-4456-bf51-b2c2927c11da "HTTP/1.1 200 OK"
2026-09-24 11:46:39,446 [INFO] httpx: HTTP Request: POST http://test/api/v1/negotiation/start "HTTP/1.1 200 OK"
2026-09-24 11:46:39,468 [INFO] httpx: HTTP Request: POST http://test/api/v1/negotiation/message "HTTP/1.1 200 OK"
2026-09-24 11:46:39,510 [INFO] httpx: HTTP Request: POST http://test/api/v1/negotiation/end?session_id=3bbb0c27-1f17-4c9c-bc3b-7309f73fdb9e "HTTP/1.1 200 OK"
2026-09-24 11:46:39,878 [INFO] httpx: HTTP Request: POST http://test/api/v1/auth/register "HTTP/1.1 201 Created"
2026-09-24 11:46:39,962 [INFO] httpx: HTTP Request: POST http://test/api/v1/auth/register "HTTP/1.1 422 Unprocessable Entity"
2026-09-24 11:46:40,036 [INFO] httpx: HTTP Request: POST http://test/api/v1/auth/register "HTTP/1.1 400 Bad Request"
2026-09-24 11:46:40,400 [INFO] httpx: HTTP Request: POST http://test/api/v1/auth/register "HTTP/1.1 201 Created"
2026-09-24 11:46:40,759 [INFO] httpx: HTTP Request: POST http://test/api/v1/auth/register "HTTP/1.1 201 Created"
2026-09-24 11:46:41,056 [INFO] httpx: HTTP Request: POST http://test/api/v1/auth/login "HTTP/1.1 200 OK"
2026-09-24 11:46:41,405 [INFO] httpx: HTTP Request: POST http://test/api/v1/auth/register "HTTP/1.1 201 Created"
2026-09-24 11:46:41,706 [INFO] httpx: HTTP Request: POST http://test/api/v1/auth/login "HTTP/1.1 401 Unauthorized"
2026-09-24 11:46:42,066 [INFO] httpx: HTTP Request: POST http://test/api/v1/auth/register "HTTP/1.1 201 Created"
2026-09-24 11:46:42,075 [INFO] httpx: HTTP Request: POST http://test/api/v1/auth/onboarding "HTTP/1.1 200 OK"
2026-09-24 11:46:42,429 [INFO] httpx: HTTP Request: POST http://test/api/v1/auth/register "HTTP/1.1 201 Created"
2026-09-24 11:46:42,434 [INFO] httpx: HTTP Request: POST http://test/api/v1/auth/onboarding "HTTP/1.1 400 Bad Request"
2026-09-24 11:46:42,764 [INFO] httpx: HTTP Request: POST http://test/api/v1/auth/register "HTTP/1.1 201 Created"
2026-09-24 11:46:42,769 [INFO] httpx: HTTP Request: POST http://test/api/v1/auth/onboarding "HTTP/1.1 422 Unprocessable Entity"
2026-09-24 11:46:43,148 [INFO] httpx: HTTP Request: POST http://test/api/v1/auth/register/admin "HTTP/1.1 201 Created"
2026-09-24 11:46:43,196 [INFO] httpx: HTTP Request: POST http://test/api/v1/auth/register/admin "HTTP/1.1 422 Unprocessable Entity"
2026-09-24 11:46:43,271 [INFO] httpx: HTTP Request: POST http://test/api/v1/auth/register/admin "HTTP/1.1 400 Bad Request"
2026-09-24 11:46:43,640 [INFO] httpx: HTTP Request: POST http://test/api/v1/auth/register/admin "HTTP/1.1 201 Created"
2026-09-24 11:46:43,920 [INFO] httpx: HTTP Request: POST http://test/api/v1/auth/login/admin "HTTP/1.1 200 OK"
2026-09-24 11:46:44,312 [INFO] httpx: HTTP Request: POST http://test/api/v1/auth/register "HTTP/1.1 201 Created"
2026-09-24 11:46:44,592 [INFO] httpx: HTTP Request: POST http://test/api/v1/auth/login/admin "HTTP/1.1 403 Forbidden"
2026-09-24 11:46:44,973 [INFO] httpx: HTTP Request: POST http://test/api/v1/auth/register/admin "HTTP/1.1 201 Created"
2026-09-24 11:46:45,254 [INFO] httpx: HTTP Request: POST http://test/api/v1/auth/login/admin "HTTP/1.1 401 Unauthorized"
2026-09-24 11:46:45,661 [INFO] httpx: HTTP Request: POST http://test/api/v1/auth/register "HTTP/1.1 201 Created"
2026-09-24 11:46:45,666 [INFO] httpx: HTTP Request: GET http://test/api/v1/auth/me "HTTP/1.1 200 OK"
2026-09-24 11:46:45,709 [INFO] httpx: HTTP Request: GET http://test/api/v1/auth/me "HTTP/1.1 401 Unauthorized"
2026-09-24 11:46:46,055 [INFO] httpx: HTTP Request: POST http://test/api/v1/auth/register/admin "HTTP/1.1 201 Created"
2026-09-24 11:46:46,059 [INFO] httpx: HTTP Request: GET http://test/api/v1/auth/me "HTTP/1.1 403 Forbidden"
2026-09-24 11:46:46,408 [INFO] httpx: HTTP Request: POST http://test/api/v1/auth/register/admin "HTTP/1.1 201 Created"
2026-09-24 11:46:46,413 [INFO] httpx: HTTP Request: POST http://test/api/v1/auth/onboarding "HTTP/1.1 403 Forbidden"
2026-09-24 11:46:46,506 [INFO] httpx: HTTP Request: GET http://test/api/v1/auth/me "HTTP/1.1 200 OK"
2026-09-24 11:46:46,853 [INFO] httpx: HTTP Request: POST http://test/api/v1/auth/register "HTTP/1.1 201 Created"
2026-09-24 11:46:46,857 [INFO] httpx: HTTP Request: GET http://test/api/v1/auth/me "HTTP/1.1 200 OK"
2026-09-24 11:46:46,988 [INFO] httpx: HTTP Request: GET http://test/api/v1/negotiation/briefing/scenario-1 "HTTP/1.1 200 OK"
2026-09-24 11:46:47,067 [INFO] httpx: HTTP Request: GET http://test/api/v1/negotiation/briefing/scenario-1 "HTTP/1.1 200 OK"
2026-09-24 11:46:47,126 [INFO] httpx: HTTP Request: GET http://test/api/v1/negotiation/briefing/ghost "HTTP/1.1 404 Not Found"
2026-09-24 11:46:47,214 [INFO] httpx: HTTP Request: GET http://test/api/v1/negotiation/briefing/scenario-1 "HTTP/1.1 401 Unauthorized"
2026-09-24 11:46:47,556 [INFO] httpx: HTTP Request: POST http://test/api/v1/auth/register/admin "HTTP/1.1 201 Created"
2026-09-24 11:46:47,561 [INFO] httpx: HTTP Request: GET http://test/api/v1/negotiation/briefing/scenario-1 "HTTP/1.1 403 Forbidden"
2026-09-24 11:46:47,604 [INFO] httpx: HTTP Request: POST http://test/api/v1/auth/register "HTTP/1.1 400 Bad Request"
2026-09-24 11:46:47,983 [INFO] httpx: HTTP Request: POST http://test/api/v1/auth/register "HTTP/1.1 201 Created"
2026-09-24 11:46:48,299 [INFO] httpx: HTTP Request: POST http://test/api/v1/auth/register "HTTP/1.1 201 Created"
2026-09-24 11:46:48,650 [INFO] httpx: HTTP Request: POST http://test/api/v1/auth/register "HTTP/1.1 201 Created"
2026-09-24 11:46:48,654 [INFO] httpx: HTTP Request: GET http://test/api/v1/auth/me "HTTP/1.1 200 OK"
2026-09-24 11:46:48,699 [INFO] httpx: HTTP Request: POST http://test/api/v1/auth/register/admin "HTTP/1.1 400 Bad Request"
2026-09-24 11:46:49,034 [INFO] httpx: HTTP Request: POST http://test/api/v1/auth/register/admin "HTTP/1.1 201 Created"
2026-09-24 11:46:49,046 [INFO] httpx: HTTP Request: POST http://test/api/v1/scenarios/ "HTTP/1.1 201 Created"
2026-09-24 11:46:49,057 [INFO] httpx: HTTP Request: DELETE http://test/api/v1/scenarios/to-delete "HTTP/1.1 204 No Content"
2026-09-24 11:46:49,062 [INFO] httpx: HTTP Request: GET http://test/api/v1/scenarios/to-delete "HTTP/1.1 404 Not Found"
2026-09-24 11:46:49,408 [INFO] httpx: HTTP Request: POST http://test/api/v1/auth/register/admin "HTTP/1.1 201 Created"
2026-09-24 11:46:49,703 [INFO] httpx: HTTP Request: POST http://test/api/v1/auth/register/admin "HTTP/1.1 201 Created"
2026-09-24 11:46:49,715 [INFO] httpx: HTTP Request: POST http://test/api/v1/scenarios/ "HTTP/1.1 201 Created"
2026-09-24 11:46:49,720 [INFO] httpx: HTTP Request: DELETE http://test/api/v1/scenarios/protected-del "HTTP/1.1 403 Forbidden"
2026-09-24 11:46:50,055 [INFO] httpx: HTTP Request: POST http://test/api/v1/auth/register/admin "HTTP/1.1 201 Created"
2026-09-24 11:46:50,064 [INFO] httpx: HTTP Request: DELETE http://test/api/v1/scenarios/ghost "HTTP/1.1 404 Not Found"
2026-09-24 11:46:50,461 [INFO] httpx: HTTP Request: POST http://test/api/v1/auth/register/admin "HTTP/1.1 201 Created"
2026-09-24 11:46:50,472 [INFO] httpx: HTTP Request: POST http://test/api/v1/scenarios/ "HTTP/1.1 201 Created"
2026-09-24 11:46:50,486 [INFO] httpx: HTTP Request: POST http://test/api/v1/negotiation/start "HTTP/1.1 200 OK"
2026-09-24 11:46:50,498 [INFO] httpx: HTTP Request: DELETE http://test/api/v1/scenarios/detach-case "HTTP/1.1 204 No Content"
2026-09-24 11:46:50,507 [INFO] httpx: HTTP Request: GET http://test/api/v1/negotiation/sessions/user-1 "HTTP/1.1 200 OK"
2026-09-24 11:46:50,582 [INFO] httpx: HTTP Request: GET http://test/api/v1/health/ "HTTP/1.1 200 OK"
2026-09-24 11:46:50,672 [INFO] httpx: HTTP Request: GET http://test/ "HTTP/1.1 200 OK"
2026-09-24 11:46:50,738 [INFO] httpx: HTTP Request: GET http://test/api/v1/health/ "HTTP/1.1 200 OK"
2026-09-24 11:46:50,822 [INFO] httpx: HTTP Request: GET http://test/api/v1/negotiation/sessions/user-1 "HTTP/1.1 200 OK"
2026-09-24 11:46:50,897 [INFO] httpx: HTTP Request: POST http://test/api/v1/negotiation/start "HTTP/1.1 200 OK"
2026-09-24 11:46:50,904 [INFO] httpx: HTTP Request: GET http://test/api/v1/negotiation/sessions/user-1 "HTTP/1.1 200 OK"
2026-09-24 11:46:50,968 [INFO] httpx: HTTP Request: POST http://test/api/v1/negotiation/start "HTTP/1.1 200 OK"
2026-09-24 11:46:50,981 [INFO] httpx: HTTP Request: POST http://test/api/v1/negotiation/message "HTTP/1.1 200 OK"
2026-09-24 11:46:50,990 [INFO] httpx: HTTP Request: GET http://test/api/v1/negotiation/sessions/f8f319c3-8c33-43c4-8327-d7d31b75e2d5/messages "HTTP/1.1 200 OK"
2026-09-24 11:46:51,054 [INFO] httpx: HTTP Request: POST http://test/api/v1/negotiation/start "HTTP/1.1 200 OK"
2026-09-24 11:46:51,064 [INFO] httpx: HTTP Request: POST http://test/api/v1/negotiation/084fd6aa-efcf-46f2-b0cd-c9985a89e4ab/interrupt "HTTP/1.1 200 OK"
2026-09-24 11:46:51,135 [INFO] httpx: HTTP Request: POST http://test/api/v1/negotiation/start "HTTP/1.1 200 OK"
2026-09-24 11:46:51,145 [INFO] httpx: HTTP Request: POST http://test/api/v1/negotiation/6a1c1d83-ea64-4d70-bf08-aafe1a0c7d9f/interrupt "HTTP/1.1 200 OK"
2026-09-24 11:46:51,151 [INFO] httpx: HTTP Request: POST http://test/api/v1/negotiation/6a1c1d83-ea64-4d70-bf08-aafe1a0c7d9f/interrupt "HTTP/1.1 200 OK"
2026-09-24 11:46:51,249 [INFO] httpx: HTTP Request: POST http://test/api/v1/negotiation/start "HTTP/1.1 200 OK"
2026-09-24 11:46:51,261 [INFO] httpx: HTTP Request: POST http://test/api/v1/negotiation/message "HTTP/1.1 200 OK"
2026-09-24 11:46:51,288 [INFO] httpx: HTTP Request: POST http://test/api/v1/negotiation/end?session_id=1d99d9da-698c-45bb-8dfb-467de52a01f6 "HTTP/1.1 200 OK"
2026-09-24 11:46:51,293 [INFO] httpx: HTTP Request: POST http://test/api/v1/negotiation/1d99d9da-698c-45bb-8dfb-467de52a01f6/interrupt "HTTP/1.1 400 Bad Request"
2026-09-24 11:46:51,339 [INFO] httpx: HTTP Request: POST http://test/api/v1/negotiation/ghost-session/interrupt "HTTP/1.1 404 Not Found"
2026-09-24 11:46:51,401 [INFO] httpx: HTTP Request: POST http://test/api/v1/negotiation/start "HTTP/1.1 200 OK"
2026-09-24 11:46:51,412 [INFO] httpx: HTTP Request: POST http://test/api/v1/negotiation/d53a7ccd-a88d-45e4-ba63-c3bb13f41b71/interrupt "HTTP/1.1 200 OK"
2026-09-24 11:46:51,417 [INFO] httpx: HTTP Request: POST http://test/api/v1/negotiation/message "HTTP/1.1 400 Bad Request"
2026-09-24 11:46:51,509 [INFO] httpx: HTTP Request: POST http://test/api/v1/negotiation/start "HTTP/1.1 200 OK"
2026-09-24 11:46:51,522 [INFO] httpx: HTTP Request: POST http://test/api/v1/negotiation/aea24f4e-6e15-4e87-87c3-e6e8420c418a/interrupt "HTTP/1.1 200 OK"
2026-09-24 11:46:51,528 [INFO] httpx: HTTP Request: POST http://test/api/v1/negotiation/end?session_id=aea24f4e-6e15-4e87-87c3-e6e8420c418a "HTTP/1.1 400 Bad Request"
2026-09-24 11:46:51,659 [INFO] httpx: HTTP Request: GET http://test/api/v1/users/user-1/interrupted-session "HTTP/1.1 200 OK"
2026-09-24 11:46:51,737 [INFO] httpx: HTTP Request: POST http://test/api/v1/negotiation/start "HTTP/1.1 200 OK"
2026-09-24 11:46:51,748 [INFO] httpx: HTTP Request: POST http://test/api/v1/negotiation/start "HTTP/1.1 200 OK"
2026-09-24 11:46:51,758 [INFO] httpx: HTTP Request: POST http://test/api/v1/negotiation/81f2bf91-3be3-40bd-afe8-9abad0f3c0c1/interrupt "HTTP/1.1 200 OK"
2026-09-24 11:46:51,768 [INFO] httpx: HTTP Request: POST http://test/api/v1/negotiation/55dc05f1-8667-4604-a0ed-00992acccd9c/interrupt "HTTP/1.1 200 OK"
2026-09-24 11:46:51,777 [INFO] httpx: HTTP Request: GET http://test/api/v1/users/user-1/interrupted-session "HTTP/1.1 200 OK"
2026-09-24 11:46:51,859 [INFO] httpx: HTTP Request: GET http://test/api/v1/users/user-1/interrupted-session "HTTP/1.1 401 Unauthorized"
2026-09-24 11:46:52,238 [INFO] httpx: HTTP Request: POST http://test/api/v1/auth/register/admin "HTTP/1.1 201 Created"
2026-09-24 11:46:52,250 [INFO] httpx: HTTP Request: POST http://test/api/v1/scenarios/ "HTTP/1.1 201 Created"
2026-09-24 11:46:52,261 [INFO] httpx: HTTP Request: POST http://test/api/v1/scenarios/prev-case/publish "HTTP/1.1 200 OK"
2026-09-24 11:46:52,287 [INFO] httpx: HTTP Request: GET http://test/api/v1/invite/lZg1vMTWr_pNmtgr "HTTP/1.1 200 OK"
2026-09-24 11:46:52,345 [INFO] httpx: HTTP Request: GET http://test/api/v1/invite/nonexistent-code-xyz "HTTP/1.1 404 Not Found"
2026-09-24 11:46:52,713 [INFO] httpx: HTTP Request: POST http://test/api/v1/auth/register/admin "HTTP/1.1 201 Created"
2026-09-24 11:46:52,725 [INFO] httpx: HTTP Request: POST http://test/api/v1/scenarios/ "HTTP/1.1 201 Created"
2026-09-24 11:46:52,734 [INFO] httpx: HTTP Request: POST http://test/api/v1/scenarios/arch-prev-case/publish "HTTP/1.1 200 OK"
2026-09-24 11:46:52,743 [INFO] httpx: HTTP Request: POST http://test/api/v1/scenarios/arch-prev-case/archive "HTTP/1.1 200 OK"
2026-09-24 11:46:52,747 [INFO] httpx: HTTP Request: GET http://test/api/v1/invite/UbFZUGZ8kigFA50_ "HTTP/1.1 410 Gone"
2026-09-24 11:46:53,100 [INFO] httpx: HTTP Request: POST http://test/api/v1/auth/register/admin "HTTP/1.1 201 Created"
2026-09-24 11:46:53,109 [INFO] httpx: HTTP Request: POST http://test/api/v1/scenarios/ "HTTP/1.1 201 Created"
2026-09-24 11:46:53,116 [INFO] httpx: HTTP Request: POST http://test/api/v1/scenarios/accept-case/publish "HTTP/1.1 200 OK"
2026-09-24 11:46:53,125 [INFO] httpx: HTTP Request: POST http://test/api/v1/invite/s5oV5pw4Us-j4NcR "HTTP/1.1 200 OK"
2026-09-24 11:46:53,482 [INFO] httpx: HTTP Request: POST http://test/api/v1/auth/register/admin "HTTP/1.1 201 Created"
2026-09-24 11:46:53,494 [INFO] httpx: HTTP Request: POST http://test/api/v1/scenarios/ "HTTP/1.1 201 Created"
2026-09-24 11:46:53,503 [INFO] httpx: HTTP Request: POST http://test/api/v1/scenarios/idem-case/publish "HTTP/1.1 200 OK"
2026-09-24 11:46:53,513 [INFO] httpx: HTTP Request: POST http://test/api/v1/invite/AquBH6UMt4tsqPro "HTTP/1.1 200 OK"
2026-09-24 11:46:53,521 [INFO] httpx: HTTP Request: POST http://test/api/v1/invite/AquBH6UMt4tsqPro "HTTP/1.1 200 OK"
2026-09-24 11:46:53,885 [INFO] httpx: HTTP Request: POST http://test/api/v1/auth/register/admin "HTTP/1.1 201 Created"
2026-09-24 11:46:53,897 [INFO] httpx: HTTP Request: POST http://test/api/v1/scenarios/ "HTTP/1.1 201 Created"
2026-09-24 11:46:53,906 [INFO] httpx: HTTP Request: POST http://test/api/v1/scenarios/noauth-case/publish "HTTP/1.1 200 OK"
2026-09-24 11:46:53,908 [INFO] httpx: HTTP Request: POST http://test/api/v1/invite/vnrVWt3BhBcH07Qi "HTTP/1.1 401 Unauthorized"
2026-09-24 11:46:54,240 [INFO] httpx: HTTP Request: POST http://test/api/v1/auth/register/admin "HTTP/1.1 201 Created"
2026-09-24 11:46:54,525 [INFO] httpx: HTTP Request: POST http://test/api/v1/auth/register/admin "HTTP/1.1 201 Created"
2026-09-24 11:46:54,538 [INFO] httpx: HTTP Request: POST http://test/api/v1/scenarios/ "HTTP/1.1 201 Created"
2026-09-24 11:46:54,547 [INFO] httpx: HTTP Request: POST http://test/api/v1/scenarios/admin-inv-case/publish "HTTP/1.1 200 OK"
2026-09-24 11:46:54,551 [INFO] httpx: HTTP Request: POST http://test/api/v1/invite/bSGsYl9DdkMm0AiG "HTTP/1.1 403 Forbidden"
2026-09-24 11:46:54,610 [INFO] httpx: HTTP Request: GET http://test/api/v1/users/user-1/added-cases "HTTP/1.1 200 OK"
2026-09-24 11:46:54,945 [INFO] httpx: HTTP Request: POST http://test/api/v1/auth/register/admin "HTTP/1.1 201 Created"
2026-09-24 11:46:54,957 [INFO] httpx: HTTP Request: POST http://test/api/v1/scenarios/ "HTTP/1.1 201 Created"
2026-09-24 11:46:54,966 [INFO] httpx: HTTP Request: POST http://test/api/v1/scenarios/list-add-case/publish "HTTP/1.1 200 OK"
2026-09-24 11:46:54,976 [INFO] httpx: HTTP Request: POST http://test/api/v1/invite/w7AXzwReWKuxN1R7 "HTTP/1.1 200 OK"
2026-09-24 11:46:54,983 [INFO] httpx: HTTP Request: GET http://test/api/v1/users/user-1/added-cases "HTTP/1.1 200 OK"
2026-09-24 11:46:55,344 [INFO] httpx: HTTP Request: POST http://test/api/v1/auth/register "HTTP/1.1 201 Created"
2026-09-24 11:46:55,358 [INFO] httpx: HTTP Request: POST http://test/api/v1/negotiation/start "HTTP/1.1 200 OK"
2026-09-24 11:46:55,714 [INFO] httpx: HTTP Request: POST http://test/api/v1/auth/register "HTTP/1.1 201 Created"
2026-09-24 11:46:55,722 [INFO] httpx: HTTP Request: POST http://test/api/v1/negotiation/start "HTTP/1.1 404 Not Found"
2026-09-24 11:46:56,063 [INFO] httpx: HTTP Request: POST http://test/api/v1/auth/register "HTTP/1.1 201 Created"
2026-09-24 11:46:56,077 [INFO] httpx: HTTP Request: POST http://test/api/v1/negotiation/start "HTTP/1.1 200 OK"
2026-09-24 11:46:56,089 [INFO] httpx: HTTP Request: POST http://test/api/v1/negotiation/message "HTTP/1.1 200 OK"
2026-09-24 11:46:56,427 [INFO] httpx: HTTP Request: POST http://test/api/v1/auth/register "HTTP/1.1 201 Created"
2026-09-24 11:46:56,434 [INFO] httpx: HTTP Request: POST http://test/api/v1/negotiation/message "HTTP/1.1 404 Not Found"
2026-09-24 11:46:56,772 [INFO] httpx: HTTP Request: POST http://test/api/v1/auth/register "HTTP/1.1 201 Created"
2026-09-24 11:46:56,784 [INFO] httpx: HTTP Request: POST http://test/api/v1/negotiation/start "HTTP/1.1 200 OK"
2026-09-24 11:46:56,794 [INFO] httpx: HTTP Request: POST http://test/api/v1/negotiation/message "HTTP/1.1 200 OK"
2026-09-24 11:46:56,815 [INFO] httpx: HTTP Request: POST http://test/api/v1/negotiation/end?session_id=1525a12f-d7f2-4de4-bda4-dde6a90726b3 "HTTP/1.1 200 OK"
2026-09-24 11:46:57,141 [INFO] httpx: HTTP Request: POST http://test/api/v1/auth/register "HTTP/1.1 201 Created"
2026-09-24 11:46:57,155 [INFO] httpx: HTTP Request: POST http://test/api/v1/negotiation/start "HTTP/1.1 200 OK"
2026-09-24 11:46:57,167 [INFO] httpx: HTTP Request: POST http://test/api/v1/negotiation/message "HTTP/1.1 200 OK"
2026-09-24 11:46:57,196 [INFO] httpx: HTTP Request: POST http://test/api/v1/negotiation/end?session_id=7217f57e-d8ee-4773-a7b2-8b2a1914e0ad "HTTP/1.1 200 OK"
2026-09-24 11:46:57,203 [INFO] httpx: HTTP Request: GET http://test/api/v1/negotiation/analysis/7217f57e-d8ee-4773-a7b2-8b2a1914e0ad "HTTP/1.1 200 OK"
2026-09-24 11:46:57,545 [INFO] httpx: HTTP Request: POST http://test/api/v1/auth/register "HTTP/1.1 201 Created"
2026-09-24 11:46:57,558 [INFO] httpx: HTTP Request: POST http://test/api/v1/negotiation/start "HTTP/1.1 200 OK"
2026-09-24 11:46:57,570 [INFO] httpx: HTTP Request: POST http://test/api/v1/negotiation/message "HTTP/1.1 200 OK"
2026-09-24 11:46:57,603 [INFO] httpx: HTTP Request: POST http://test/api/v1/negotiation/end?session_id=25ebf250-7a05-4bcb-89ae-499e5ae19ef2 "HTTP/1.1 200 OK"
2026-09-24 11:46:57,610 [INFO] httpx: HTTP Request: POST http://test/api/v1/negotiation/message "HTTP/1.1 400 Bad Request"
2026-09-24 11:46:57,955 [INFO] httpx: HTTP Request: POST http://test/api/v1/auth/register/admin "HTTP/1.1 201 Created"
2026-09-24 11:46:57,960 [INFO] httpx: HTTP Request: POST http://test/api/v1/negotiation/start "HTTP/1.1 403 Forbidden"
2026-09-24 11:46:58,013 [INFO] httpx: HTTP Request: POST http://test/api/v1/negotiation/start "HTTP/1.1 401 Unauthorized"
2026-09-24 11:46:58,404 [INFO] httpx: HTTP Request: POST http://test/api/v1/auth/register "HTTP/1.1 201 Created"
2026-09-24 11:46:58,418 [INFO] httpx: HTTP Request: POST http://test/api/v1/negotiation/start "HTTP/1.1 200 OK"
2026-09-24 11:46:58,429 [INFO] httpx: HTTP Request: POST http://test/api/v1/negotiation/message "HTTP/1.1 200 OK"
2026-09-24 11:46:58,456 [INFO] httpx: HTTP Request: POST http://test/api/v1/negotiation/end?session_id=142d5361-2891-4ef8-b729-0ee459ff76a3 "HTTP/1.1 200 OK"
2026-09-24 11:46:58,461 [INFO] httpx: HTTP Request: GET http://test/api/v1/negotiation/analysis/142d5361-2891-4ef8-b729-0ee459ff76a3 "HTTP/1.1 403 Forbidden"
2026-09-24 11:46:58,793 [INFO] httpx: HTTP Request: POST http://test/api/v1/auth/register "HTTP/1.1 201 Created"
2026-09-24 11:46:58,805 [INFO] httpx: HTTP Request: POST http://test/api/v1/negotiation/start "HTTP/1.1 200 OK"
2026-09-24 11:46:58,811 [INFO] httpx: HTTP Request: POST http://test/api/v1/negotiation/message "HTTP/1.1 403 Forbidden"
2026-09-24 11:46:59,146 [INFO] httpx: HTTP Request: POST http://test/api/v1/auth/register "HTTP/1.1 201 Created"
2026-09-24 11:46:59,158 [INFO] httpx: HTTP Request: POST http://test/api/v1/negotiation/start "HTTP/1.1 200 OK"
2026-09-24 11:46:59,163 [INFO] httpx: HTTP Request: POST http://test/api/v1/negotiation/c8df8cab-be99-4585-b2d9-c2039c7e240a/interrupt "HTTP/1.1 403 Forbidden"
2026-09-24 11:46:59,541 [INFO] httpx: HTTP Request: POST http://test/api/v1/auth/register "HTTP/1.1 201 Created"
2026-09-24 11:46:59,555 [INFO] httpx: HTTP Request: POST http://test/api/v1/negotiation/start "HTTP/1.1 200 OK"
2026-09-24 11:46:59,561 [INFO] httpx: HTTP Request: POST http://test/api/v1/negotiation/end?session_id=9c331406-a299-40c2-8943-e3b64d29bd80 "HTTP/1.1 403 Forbidden"
2026-09-24 11:46:59,890 [INFO] httpx: HTTP Request: POST http://test/api/v1/auth/register "HTTP/1.1 201 Created"
2026-09-24 11:46:59,895 [INFO] httpx: HTTP Request: GET http://test/api/v1/negotiation/sessions/user-1 "HTTP/1.1 403 Forbidden"
2026-09-24 11:47:00,237 [INFO] httpx: HTTP Request: POST http://test/api/v1/auth/register "HTTP/1.1 201 Created"
2026-09-24 11:47:00,243 [INFO] httpx: HTTP Request: GET http://test/api/v1/users/user-1/skills "HTTP/1.1 403 Forbidden"
2026-09-24 11:47:00,648 [INFO] httpx: HTTP Request: POST http://test/api/v1/auth/register "HTTP/1.1 201 Created"
2026-09-24 11:47:00,654 [INFO] httpx: HTTP Request: GET http://test/api/v1/users/user-1/recommendations "HTTP/1.1 403 Forbidden"
2026-09-24 11:47:00,990 [INFO] httpx: HTTP Request: POST http://test/api/v1/auth/register "HTTP/1.1 201 Created"
2026-09-24 11:47:00,995 [INFO] httpx: HTTP Request: GET http://test/api/v1/negotiation/progress/user-1 "HTTP/1.1 403 Forbidden"
2026-09-24 11:47:01,035 [INFO] httpx: HTTP Request: POST http://test/api/v1/auth/register "HTTP/1.1 422 Unprocessable Entity"
2026-09-24 11:47:01,069 [INFO] httpx: HTTP Request: POST http://test/api/v1/auth/register "HTTP/1.1 422 Unprocessable Entity"
2026-09-24 11:47:01,103 [INFO] httpx: HTTP Request: POST http://test/api/v1/auth/register "HTTP/1.1 422 Unprocessable Entity"
2026-09-24 11:47:01,156 [INFO] httpx: HTTP Request: POST http://test/api/v1/auth/register "HTTP/1.1 422 Unprocessable Entity"
2026-09-24 11:47:01,500 [INFO] httpx: HTTP Request: POST http://test/api/v1/auth/register "HTTP/1.1 201 Created"
2026-09-24 11:47:01,830 [INFO] httpx: HTTP Request: POST http://test/api/v1/auth/register "HTTP/1.1 201 Created"
2026-09-24 11:47:02,159 [INFO] httpx: HTTP Request: POST http://test/api/v1/auth/register "HTTP/1.1 201 Created"
2026-09-24 11:47:02,204 [INFO] httpx: HTTP Request: POST http://test/api/v1/auth/register/admin "HTTP/1.1 422 Unprocessable Entity"
2026-09-24 11:47:02,540 [INFO] httpx: HTTP Request: POST http://test/api/v1/auth/register/admin "HTTP/1.1 201 Created"
2026-09-24 11:47:02,591 [INFO] httpx: HTTP Request: GET http://test/api/v1/negotiation/progress/user-1 "HTTP/1.1 200 OK"
2026-09-24 11:47:02,657 [INFO] httpx: HTTP Request: POST http://test/api/v1/negotiation/start "HTTP/1.1 200 OK"
2026-09-24 11:47:02,671 [INFO] httpx: HTTP Request: POST http://test/api/v1/negotiation/message "HTTP/1.1 200 OK"
2026-09-24 11:47:02,699 [INFO] httpx: HTTP Request: POST http://test/api/v1/negotiation/end?session_id=ebe5e7a4-77ba-43ea-ab6d-36437bf66b56 "HTTP/1.1 200 OK"
2026-09-24 11:47:02,705 [INFO] httpx: HTTP Request: GET http://test/api/v1/negotiation/progress/user-1 "HTTP/1.1 200 OK"
2026-09-24 11:47:02,772 [INFO] httpx: HTTP Request: POST http://test/api/v1/negotiation/start "HTTP/1.1 200 OK"
2026-09-24 11:47:02,785 [INFO] httpx: HTTP Request: POST http://test/api/v1/negotiation/message "HTTP/1.1 200 OK"
2026-09-24 11:47:02,814 [INFO] httpx: HTTP Request: POST http://test/api/v1/negotiation/end?session_id=5ea03e5f-9967-4b21-93f3-1d8c03d718d3 "HTTP/1.1 200 OK"
2026-09-24 11:47:02,826 [INFO] httpx: HTTP Request: POST http://test/api/v1/negotiation/start "HTTP/1.1 200 OK"
2026-09-24 11:47:02,839 [INFO] httpx: HTTP Request: POST http://test/api/v1/negotiation/message "HTTP/1.1 200 OK"
2026-09-24 11:47:02,862 [INFO] httpx: HTTP Request: POST http://test/api/v1/negotiation/end?session_id=003db2e7-9243-4ed1-938b-b3b060a72856 "HTTP/1.1 200 OK"
2026-09-24 11:47:02,868 [INFO] httpx: HTTP Request: GET http://test/api/v1/negotiation/progress/user-1 "HTTP/1.1 200 OK"
2026-09-24 11:47:02,921 [INFO] httpx: HTTP Request: GET http://test/api/v1/negotiation/progress/user-1 "HTTP/1.1 401 Unauthorized"
2026-09-24 11:47:03,269 [INFO] httpx: HTTP Request: POST http://test/api/v1/auth/register/admin "HTTP/1.1 201 Created"
2026-09-24 11:47:03,274 [INFO] httpx: HTTP Request: GET http://test/api/v1/negotiation/progress/user-1 "HTTP/1.1 403 Forbidden"
2026-09-24 11:47:03,338 [INFO] httpx: HTTP Request: GET http://test/api/v1/scenarios/ "HTTP/1.1 200 OK"
2026-09-24 11:47:03,395 [INFO] httpx: HTTP Request: GET http://test/api/v1/scenarios/ "HTTP/1.1 200 OK"
2026-09-24 11:47:03,453 [INFO] httpx: HTTP Request: GET http://test/api/v1/scenarios/scenario-1 "HTTP/1.1 200 OK"
2026-09-24 11:47:03,501 [INFO] httpx: HTTP Request: GET http://test/api/v1/scenarios/nonexistent "HTTP/1.1 404 Not Found"
2026-09-24 11:47:03,942 [INFO] httpx: HTTP Request: POST http://test/api/v1/negotiation/start "HTTP/1.1 200 OK"
2026-09-24 11:47:03,954 [INFO] httpx: HTTP Request: POST http://test/api/v1/negotiation/message "HTTP/1.1 200 OK"
2026-09-24 11:47:03,981 [INFO] httpx: HTTP Request: POST http://test/api/v1/negotiation/end?session_id=988c5777-9e32-455b-8497-67e782419f4d "HTTP/1.1 200 OK"
2026-09-24 11:47:03,986 [INFO] httpx: HTTP Request: GET http://test/api/v1/users/user-1/skills "HTTP/1.1 200 OK"
2026-09-24 11:47:04,048 [INFO] httpx: HTTP Request: GET http://test/api/v1/users/user-1/skills "HTTP/1.1 200 OK"
2026-09-24 11:47:04,143 [INFO] httpx: HTTP Request: GET http://test/api/v1/users/user-1/skills "HTTP/1.1 401 Unauthorized"
2026-09-24 11:47:04,494 [INFO] httpx: HTTP Request: POST http://test/api/v1/auth/register/admin "HTTP/1.1 201 Created"
2026-09-24 11:47:04,498 [INFO] httpx: HTTP Request: GET http://test/api/v1/users/user-1/skills "HTTP/1.1 403 Forbidden"
2026-09-24 11:47:04,562 [INFO] httpx: HTTP Request: POST http://test/api/v1/negotiation/start "HTTP/1.1 200 OK"
2026-09-24 11:47:04,575 [INFO] httpx: HTTP Request: POST http://test/api/v1/negotiation/message "HTTP/1.1 200 OK"
2026-09-24 11:47:04,588 [INFO] httpx: HTTP Request: POST http://test/api/v1/negotiation/message "HTTP/1.1 200 OK"
2026-09-24 11:47:04,601 [INFO] httpx: HTTP Request: POST http://test/api/v1/negotiation/message "HTTP/1.1 200 OK"
2026-09-24 11:47:04,634 [INFO] httpx: HTTP Request: POST http://test/api/v1/negotiation/end?session_id=a238a1b7-6d7d-40e8-8a29-9a35dc375ebe "HTTP/1.1 200 OK"
2026-09-24 11:47:04,701 [INFO] httpx: HTTP Request: POST http://test/api/v1/negotiation/start "HTTP/1.1 200 OK"
2026-09-24 11:47:04,715 [INFO] httpx: HTTP Request: POST http://test/api/v1/negotiation/message "HTTP/1.1 200 OK"
2026-09-24 11:47:04,726 [INFO] httpx: HTTP Request: POST http://test/api/v1/negotiation/message "HTTP/1.1 200 OK"
2026-09-24 11:47:04,754 [INFO] httpx: HTTP Request: POST http://test/api/v1/negotiation/end?session_id=ac40c265-be4c-45ae-986f-3d21e551f6b8 "HTTP/1.1 200 OK"
2026-09-24 11:47:04,823 [INFO] httpx: HTTP Request: POST http://test/api/v1/negotiation/start "HTTP/1.1 200 OK"
2026-09-24 11:47:04,836 [INFO] httpx: HTTP Request: POST http://test/api/v1/negotiation/message "HTTP/1.1 200 OK"
2026-09-24 11:47:04,847 [INFO] httpx: HTTP Request: POST http://test/api/v1/negotiation/message "HTTP/1.1 200 OK"
2026-09-24 11:47:04,858 [INFO] httpx: HTTP Request: POST http://test/api/v1/negotiation/message "HTTP/1.1 200 OK"
2026-09-24 11:47:04,887 [INFO] httpx: HTTP Request: POST http://test/api/v1/negotiation/end?session_id=347870d0-2537-4d01-9d84-235f75bc0090 "HTTP/1.1 200 OK"
2026-09-24 11:47:04,893 [INFO] httpx: HTTP Request: GET http://test/api/v1/negotiation/analysis/347870d0-2537-4d01-9d84-235f75bc0090 "HTTP/1.1 200 OK"
2026-09-24 11:47:05,001 [INFO] httpx: HTTP Request: POST http://test/api/v1/negotiation/start "HTTP/1.1 200 OK"
2026-09-24 11:47:05,020 [INFO] httpx: HTTP Request: POST http://test/api/v1/negotiation/message "HTTP/1.1 200 OK"
2026-09-24 11:47:05,064 [INFO] httpx: HTTP Request: POST http://test/api/v1/negotiation/end?session_id=b1e47371-f1c9-451c-825f-d6fe693bdb38 "HTTP/1.1 200 OK"
2026-09-24 11:47:05,142 [INFO] httpx: HTTP Request: POST http://test/api/v1/negotiation/start "HTTP/1.1 200 OK"
2026-09-24 11:47:05,155 [INFO] httpx: HTTP Request: POST http://test/api/v1/negotiation/voice "HTTP/1.1 200 OK"
2026-09-24 11:47:05,217 [INFO] httpx: HTTP Request: POST http://test/api/v1/negotiation/voice "HTTP/1.1 404 Not Found"
2026-09-24 11:47:05,314 [INFO] httpx: HTTP Request: POST http://test/api/v1/negotiation/voice "HTTP/1.1 401 Unauthorized"
2026-09-24 11:47:05,692 [INFO] httpx: HTTP Request: POST http://test/api/v1/auth/register/admin "HTTP/1.1 201 Created"
2026-09-24 11:47:05,697 [INFO] httpx: HTTP Request: POST http://test/api/v1/negotiation/voice "HTTP/1.1 403 Forbidden"
2026-09-24 11:47:05,772 [INFO] httpx: HTTP Request: POST http://test/api/v1/negotiation/start "HTTP/1.1 200 OK"
2026-09-24 11:47:05,788 [INFO] httpx: HTTP Request: POST http://test/api/v1/negotiation/message "HTTP/1.1 200 OK"
2026-09-24 11:47:05,814 [INFO] httpx: HTTP Request: POST http://test/api/v1/negotiation/end?session_id=666f77ad-81f3-455f-b270-c47178e86ab6 "HTTP/1.1 200 OK"
2026-09-24 11:47:05,877 [INFO] httpx: HTTP Request: POST http://test/api/v1/negotiation/start "HTTP/1.1 200 OK"
2026-09-24 11:47:05,888 [INFO] httpx: HTTP Request: POST http://test/api/v1/negotiation/message "HTTP/1.1 200 OK"
2026-09-24 11:47:05,914 [INFO] httpx: HTTP Request: POST http://test/api/v1/negotiation/end?session_id=4f155426-c417-4971-a662-d79a36de7c29 "HTTP/1.1 200 OK"
2026-09-24 11:47:05,922 [INFO] httpx: HTTP Request: GET http://test/api/v1/auth/me "HTTP/1.1 200 OK"
2026-09-24 12:31:57,021 [INFO] httpx: HTTP Request: POST https://dashscope-intl.aliyuncs.com/compatible-mode/v1/chat/completions "HTTP/1.1 200 OK"
2026-09-24 12:32:33,680 [INFO] httpx: HTTP Request: POST https://dashscope-intl.aliyuncs.com/compatible-mode/v1/chat/completions "HTTP/1.1 200 OK"
2026-09-24 12:33:53,436 [INFO] httpx: HTTP Request: POST https://dashscope-intl.aliyuncs.com/compatible-mode/v1/chat/completions "HTTP/1.1 200 OK"
2026-09-24 15:01:14,203 [INFO] httpx: HTTP Request: POST http://test/api/v1/auth/register/admin "HTTP/1.1 201 Created"
2026-09-24 15:01:14,217 [INFO] httpx: HTTP Request: POST http://test/api/v1/scenarios/ "HTTP/1.1 201 Created"
2026-09-24 15:01:14,545 [INFO] httpx: HTTP Request: POST http://test/api/v1/auth/register "HTTP/1.1 201 Created"
2026-09-24 15:01:14,550 [INFO] httpx: HTTP Request: POST http://test/api/v1/scenarios/ "HTTP/1.1 403 Forbidden"
2026-09-24 15:01:14,864 [INFO] httpx: HTTP Request: POST http://test/api/v1/auth/register/admin "HTTP/1.1 201 Created"
2026-09-24 15:01:14,870 [INFO] httpx: HTTP Request: GET http://test/api/v1/scenarios/my "HTTP/1.1 200 OK"
2026-09-24 15:01:15,185 [INFO] httpx: HTTP Request: POST http://test/api/v1/auth/register/admin "HTTP/1.1 201 Created"
2026-09-24 15:01:15,474 [INFO] httpx: HTTP Request: POST http://test/api/v1/auth/register/admin "HTTP/1.1 201 Created"
2026-09-24 15:01:15,487 [INFO] httpx: HTTP Request: POST http://test/api/v1/scenarios/ "HTTP/1.1 201 Created"
2026-09-24 15:01:15,494 [INFO] httpx: HTTP Request: POST http://test/api/v1/scenarios/ "HTTP/1.1 201 Created"
2026-09-24 15:01:15,499 [INFO] httpx: HTTP Request: GET http://test/api/v1/scenarios/my "HTTP/1.1 200 OK"
2026-09-24 15:01:15,822 [INFO] httpx: HTTP Request: POST http://test/api/v1/auth/register/admin "HTTP/1.1 201 Created"
2026-09-24 15:01:15,833 [INFO] httpx: HTTP Request: POST http://test/api/v1/scenarios/ "HTTP/1.1 201 Created"
2026-09-24 15:01:15,837 [INFO] httpx: HTTP Request: POST http://test/api/v1/scenarios/pub-case/publish "HTTP/1.1 400 Bad Request"
2026-09-24 15:01:16,167 [INFO] httpx: HTTP Request: POST http://test/api/v1/auth/register/admin "HTTP/1.1 201 Created"
2026-09-24 15:01:16,179 [INFO] httpx: HTTP Request: POST http://test/api/v1/scenarios/ "HTTP/1.1 201 Created"
2026-09-24 15:01:16,189 [INFO] httpx: HTTP Request: POST http://test/api/v1/scenarios/ready-case/publish "HTTP/1.1 200 OK"
2026-09-24 15:01:16,535 [INFO] httpx: HTTP Request: POST http://test/api/v1/auth/register/admin "HTTP/1.1 201 Created"
2026-09-24 15:01:16,831 [INFO] httpx: HTTP Request: POST http://test/api/v1/auth/register/admin "HTTP/1.1 201 Created"
2026-09-24 15:01:16,843 [INFO] httpx: HTTP Request: POST http://test/api/v1/scenarios/ "HTTP/1.1 201 Created"
2026-09-24 15:01:16,849 [INFO] httpx: HTTP Request: POST http://test/api/v1/scenarios/owner-case/publish "HTTP/1.1 403 Forbidden"
2026-09-24 15:01:17,374 [INFO] httpx: HTTP Request: POST http://test/api/v1/auth/register/admin "HTTP/1.1 201 Created"
2026-09-24 15:01:17,398 [INFO] httpx: HTTP Request: POST http://test/api/v1/scenarios/ "HTTP/1.1 201 Created"
2026-09-24 15:01:17,413 [INFO] httpx: HTTP Request: POST http://test/api/v1/scenarios/arch-case/publish "HTTP/1.1 200 OK"
2026-09-24 15:01:17,428 [INFO] httpx: HTTP Request: POST http://test/api/v1/scenarios/arch-case/archive "HTTP/1.1 200 OK"
2026-09-24 15:01:18,057 [INFO] httpx: HTTP Request: POST http://test/api/v1/auth/register/admin "HTTP/1.1 201 Created"
2026-09-24 15:01:18,080 [INFO] httpx: HTTP Request: POST http://test/api/v1/scenarios/ "HTTP/1.1 201 Created"
2026-09-24 15:01:18,096 [INFO] httpx: HTTP Request: POST http://test/api/v1/scenarios/hidden-case/publish "HTTP/1.1 200 OK"
2026-09-24 15:01:18,106 [INFO] httpx: HTTP Request: GET http://test/api/v1/scenarios/ "HTTP/1.1 200 OK"
2026-09-24 15:01:18,715 [INFO] httpx: HTTP Request: POST http://test/api/v1/auth/register/admin "HTTP/1.1 201 Created"
2026-09-24 15:01:18,739 [INFO] httpx: HTTP Request: POST http://test/api/v1/scenarios/ "HTTP/1.1 201 Created"
2026-09-24 15:01:18,755 [INFO] httpx: HTTP Request: PUT http://test/api/v1/scenarios/upd-case "HTTP/1.1 200 OK"
2026-09-24 15:01:19,361 [INFO] httpx: HTTP Request: POST http://test/api/v1/auth/register/admin "HTTP/1.1 201 Created"
2026-09-24 15:01:19,905 [INFO] httpx: HTTP Request: POST http://test/api/v1/auth/register/admin "HTTP/1.1 201 Created"
2026-09-24 15:01:19,936 [INFO] httpx: HTTP Request: POST http://test/api/v1/scenarios/ "HTTP/1.1 201 Created"
2026-09-24 15:01:19,945 [INFO] httpx: HTTP Request: PUT http://test/api/v1/scenarios/protected-case "HTTP/1.1 403 Forbidden"
2026-09-24 15:01:20,073 [INFO] httpx: HTTP Request: POST http://test/api/v1/negotiation/start "HTTP/1.1 200 OK"
2026-09-24 15:01:20,089 [INFO] httpx: HTTP Request: POST http://test/api/v1/negotiation/message "HTTP/1.1 200 OK"
2026-09-24 15:01:20,122 [INFO] httpx: HTTP Request: POST http://test/api/v1/negotiation/end?session_id=26f97a3e-71c6-4162-a679-9d87ee42f8ad "HTTP/1.1 200 OK"
2026-09-24 15:01:20,178 [INFO] httpx: HTTP Request: POST http://test/api/v1/negotiation/start "HTTP/1.1 200 OK"
2026-09-24 15:01:20,188 [INFO] httpx: HTTP Request: POST http://test/api/v1/negotiation/message "HTTP/1.1 200 OK"
2026-09-24 15:01:20,212 [INFO] httpx: HTTP Request: POST http://test/api/v1/negotiation/end?session_id=a31b2f4f-b4af-4e94-888b-ac3c9813ed17 "HTTP/1.1 200 OK"
2026-09-24 15:01:20,220 [INFO] httpx: HTTP Request: GET http://test/api/v1/negotiation/analysis/a31b2f4f-b4af-4e94-888b-ac3c9813ed17 "HTTP/1.1 200 OK"
2026-09-24 15:01:20,280 [INFO] httpx: HTTP Request: POST http://test/api/v1/negotiation/start "HTTP/1.1 200 OK"
2026-09-24 15:01:20,291 [INFO] httpx: HTTP Request: POST http://test/api/v1/negotiation/message "HTTP/1.1 200 OK"
2026-09-24 15:01:20,316 [INFO] httpx: HTTP Request: POST http://test/api/v1/negotiation/end?session_id=6cdec783-0e6c-41c2-a3b4-f9ea9722db0e "HTTP/1.1 200 OK"
2026-09-24 15:01:20,657 [INFO] httpx: HTTP Request: POST http://test/api/v1/auth/register "HTTP/1.1 201 Created"
2026-09-24 15:01:20,696 [INFO] httpx: HTTP Request: POST http://test/api/v1/auth/register "HTTP/1.1 422 Unprocessable Entity"
2026-09-24 15:01:20,776 [INFO] httpx: HTTP Request: POST http://test/api/v1/auth/register "HTTP/1.1 400 Bad Request"
2026-09-24 15:01:21,124 [INFO] httpx: HTTP Request: POST http://test/api/v1/auth/register "HTTP/1.1 201 Created"
2026-09-24 15:01:21,475 [INFO] httpx: HTTP Request: POST http://test/api/v1/auth/register "HTTP/1.1 201 Created"
2026-09-24 15:01:21,761 [INFO] httpx: HTTP Request: POST http://test/api/v1/auth/login "HTTP/1.1 200 OK"
2026-09-24 15:01:22,075 [INFO] httpx: HTTP Request: POST http://test/api/v1/auth/register "HTTP/1.1 201 Created"
2026-09-24 15:01:22,383 [INFO] httpx: HTTP Request: POST http://test/api/v1/auth/login "HTTP/1.1 401 Unauthorized"
2026-09-24 15:01:22,715 [INFO] httpx: HTTP Request: POST http://test/api/v1/auth/register "HTTP/1.1 201 Created"
2026-09-24 15:01:22,722 [INFO] httpx: HTTP Request: POST http://test/api/v1/auth/onboarding "HTTP/1.1 200 OK"
2026-09-24 15:01:23,057 [INFO] httpx: HTTP Request: POST http://test/api/v1/auth/register "HTTP/1.1 201 Created"
2026-09-24 15:01:23,062 [INFO] httpx: HTTP Request: POST http://test/api/v1/auth/onboarding "HTTP/1.1 400 Bad Request"
2026-09-24 15:01:23,401 [INFO] httpx: HTTP Request: POST http://test/api/v1/auth/register "HTTP/1.1 201 Created"
2026-09-24 15:01:23,407 [INFO] httpx: HTTP Request: POST http://test/api/v1/auth/onboarding "HTTP/1.1 422 Unprocessable Entity"
2026-09-24 15:01:23,752 [INFO] httpx: HTTP Request: POST http://test/api/v1/auth/register/admin "HTTP/1.1 201 Created"
2026-09-24 15:01:23,781 [INFO] httpx: HTTP Request: POST http://test/api/v1/auth/register/admin "HTTP/1.1 422 Unprocessable Entity"
2026-09-24 15:01:23,818 [INFO] httpx: HTTP Request: POST http://test/api/v1/auth/register/admin "HTTP/1.1 400 Bad Request"
2026-09-24 15:01:24,151 [INFO] httpx: HTTP Request: POST http://test/api/v1/auth/register/admin "HTTP/1.1 201 Created"
2026-09-24 15:01:24,459 [INFO] httpx: HTTP Request: POST http://test/api/v1/auth/login/admin "HTTP/1.1 200 OK"
2026-09-24 15:01:24,800 [INFO] httpx: HTTP Request: POST http://test/api/v1/auth/register "HTTP/1.1 201 Created"
2026-09-24 15:01:25,105 [INFO] httpx: HTTP Request: POST http://test/api/v1/auth/login/admin "HTTP/1.1 403 Forbidden"
2026-09-24 15:01:25,434 [INFO] httpx: HTTP Request: POST http://test/api/v1/auth/register/admin "HTTP/1.1 201 Created"
2026-09-24 15:01:25,746 [INFO] httpx: HTTP Request: POST http://test/api/v1/auth/login/admin "HTTP/1.1 401 Unauthorized"
2026-09-24 15:01:26,080 [INFO] httpx: HTTP Request: POST http://test/api/v1/auth/register "HTTP/1.1 201 Created"
2026-09-24 15:01:26,084 [INFO] httpx: HTTP Request: GET http://test/api/v1/auth/me "HTTP/1.1 200 OK"
2026-09-24 15:01:26,111 [INFO] httpx: HTTP Request: GET http://test/api/v1/auth/me "HTTP/1.1 401 Unauthorized"
2026-09-24 15:01:26,449 [INFO] httpx: HTTP Request: POST http://test/api/v1/auth/register/admin "HTTP/1.1 201 Created"
2026-09-24 15:01:26,454 [INFO] httpx: HTTP Request: GET http://test/api/v1/auth/me "HTTP/1.1 403 Forbidden"
2026-09-24 15:01:26,801 [INFO] httpx: HTTP Request: POST http://test/api/v1/auth/register/admin "HTTP/1.1 201 Created"
2026-09-24 15:01:26,807 [INFO] httpx: HTTP Request: POST http://test/api/v1/auth/onboarding "HTTP/1.1 403 Forbidden"
2026-09-24 15:01:26,847 [INFO] httpx: HTTP Request: GET http://test/api/v1/auth/me "HTTP/1.1 200 OK"
2026-09-24 15:01:27,186 [INFO] httpx: HTTP Request: POST http://test/api/v1/auth/register "HTTP/1.1 201 Created"
2026-09-24 15:01:27,190 [INFO] httpx: HTTP Request: GET http://test/api/v1/auth/me "HTTP/1.1 200 OK"
2026-09-24 15:01:27,254 [INFO] httpx: HTTP Request: GET http://test/api/v1/negotiation/briefing/scenario-1 "HTTP/1.1 200 OK"
2026-09-24 15:01:27,300 [INFO] httpx: HTTP Request: GET http://test/api/v1/negotiation/briefing/scenario-1 "HTTP/1.1 200 OK"
2026-09-24 15:01:27,338 [INFO] httpx: HTTP Request: GET http://test/api/v1/negotiation/briefing/ghost "HTTP/1.1 404 Not Found"
2026-09-24 15:01:27,372 [INFO] httpx: HTTP Request: GET http://test/api/v1/negotiation/briefing/scenario-1 "HTTP/1.1 401 Unauthorized"
2026-09-24 15:01:27,690 [INFO] httpx: HTTP Request: POST http://test/api/v1/auth/register/admin "HTTP/1.1 201 Created"
2026-09-24 15:01:27,695 [INFO] httpx: HTTP Request: GET http://test/api/v1/negotiation/briefing/scenario-1 "HTTP/1.1 403 Forbidden"
2026-09-24 15:01:27,719 [INFO] httpx: HTTP Request: POST http://test/api/v1/auth/register "HTTP/1.1 400 Bad Request"
2026-09-24 15:01:28,034 [INFO] httpx: HTTP Request: POST http://test/api/v1/auth/register "HTTP/1.1 201 Created"
2026-09-24 15:01:28,365 [INFO] httpx: HTTP Request: POST http://test/api/v1/auth/register "HTTP/1.1 201 Created"
2026-09-24 15:01:28,696 [INFO] httpx: HTTP Request: POST http://test/api/v1/auth/register "HTTP/1.1 201 Created"
2026-09-24 15:01:28,701 [INFO] httpx: HTTP Request: GET http://test/api/v1/auth/me "HTTP/1.1 200 OK"
2026-09-24 15:01:28,724 [INFO] httpx: HTTP Request: POST http://test/api/v1/auth/register/admin "HTTP/1.1 400 Bad Request"
2026-09-24 15:01:29,046 [INFO] httpx: HTTP Request: POST http://test/api/v1/auth/register/admin "HTTP/1.1 201 Created"
2026-09-24 15:01:29,056 [INFO] httpx: HTTP Request: POST http://test/api/v1/scenarios/ "HTTP/1.1 201 Created"
2026-09-24 15:01:29,065 [INFO] httpx: HTTP Request: DELETE http://test/api/v1/scenarios/to-delete "HTTP/1.1 204 No Content"
2026-09-24 15:01:29,067 [INFO] httpx: HTTP Request: GET http://test/api/v1/scenarios/to-delete "HTTP/1.1 404 Not Found"
2026-09-24 15:01:29,401 [INFO] httpx: HTTP Request: POST http://test/api/v1/auth/register/admin "HTTP/1.1 201 Created"
2026-09-24 15:01:29,711 [INFO] httpx: HTTP Request: POST http://test/api/v1/auth/register/admin "HTTP/1.1 201 Created"
2026-09-24 15:01:29,720 [INFO] httpx: HTTP Request: POST http://test/api/v1/scenarios/ "HTTP/1.1 201 Created"
2026-09-24 15:01:29,724 [INFO] httpx: HTTP Request: DELETE http://test/api/v1/scenarios/protected-del "HTTP/1.1 403 Forbidden"
2026-09-24 15:01:30,054 [INFO] httpx: HTTP Request: POST http://test/api/v1/auth/register/admin "HTTP/1.1 201 Created"
2026-09-24 15:01:30,155 [INFO] httpx: HTTP Request: DELETE http://test/api/v1/scenarios/ghost "HTTP/1.1 404 Not Found"
2026-09-24 15:01:30,492 [INFO] httpx: HTTP Request: POST http://test/api/v1/auth/register/admin "HTTP/1.1 201 Created"
2026-09-24 15:01:30,502 [INFO] httpx: HTTP Request: POST http://test/api/v1/scenarios/ "HTTP/1.1 201 Created"
2026-09-24 15:01:30,510 [INFO] httpx: HTTP Request: POST http://test/api/v1/negotiation/start "HTTP/1.1 200 OK"
2026-09-24 15:01:30,516 [INFO] httpx: HTTP Request: DELETE http://test/api/v1/scenarios/detach-case "HTTP/1.1 204 No Content"
2026-09-24 15:01:30,528 [INFO] httpx: HTTP Request: GET http://test/api/v1/negotiation/sessions/user-1 "HTTP/1.1 200 OK"
2026-09-24 15:01:30,557 [INFO] httpx: HTTP Request: GET http://test/api/v1/health/ "HTTP/1.1 200 OK"
2026-09-24 15:01:30,589 [INFO] httpx: HTTP Request: GET http://test/ "HTTP/1.1 200 OK"
2026-09-24 15:01:30,614 [INFO] httpx: HTTP Request: GET http://test/api/v1/health/ "HTTP/1.1 200 OK"
2026-09-24 15:01:30,656 [INFO] httpx: HTTP Request: GET http://test/api/v1/negotiation/sessions/user-1 "HTTP/1.1 200 OK"
2026-09-24 15:01:30,698 [INFO] httpx: HTTP Request: POST http://test/api/v1/negotiation/start "HTTP/1.1 200 OK"
2026-09-24 15:01:30,704 [INFO] httpx: HTTP Request: GET http://test/api/v1/negotiation/sessions/user-1 "HTTP/1.1 200 OK"
2026-09-24 15:01:30,748 [INFO] httpx: HTTP Request: POST http://test/api/v1/negotiation/start "HTTP/1.1 200 OK"
2026-09-24 15:01:30,756 [INFO] httpx: HTTP Request: POST http://test/api/v1/negotiation/message "HTTP/1.1 200 OK"
2026-09-24 15:01:30,762 [INFO] httpx: HTTP Request: GET http://test/api/v1/negotiation/sessions/898f7aae-06f7-466f-ab46-e561bcbb6329/messages "HTTP/1.1 200 OK"
2026-09-24 15:01:30,804 [INFO] httpx: HTTP Request: POST http://test/api/v1/negotiation/start "HTTP/1.1 200 OK"
2026-09-24 15:01:30,813 [INFO] httpx: HTTP Request: POST http://test/api/v1/negotiation/56537749-6773-4bec-b584-a697a1f0507b/interrupt "HTTP/1.1 200 OK"
2026-09-24 15:01:30,881 [INFO] httpx: HTTP Request: POST http://test/api/v1/negotiation/start "HTTP/1.1 200 OK"
2026-09-24 15:01:30,891 [INFO] httpx: HTTP Request: POST http://test/api/v1/negotiation/ef2bb8e3-ab91-46ba-818e-08915e76029a/interrupt "HTTP/1.1 200 OK"
2026-09-24 15:01:30,897 [INFO] httpx: HTTP Request: POST http://test/api/v1/negotiation/ef2bb8e3-ab91-46ba-818e-08915e76029a/interrupt "HTTP/1.1 200 OK"
2026-09-24 15:01:30,945 [INFO] httpx: HTTP Request: POST http://test/api/v1/negotiation/start "HTTP/1.1 200 OK"
2026-09-24 15:01:30,953 [INFO] httpx: HTTP Request: POST http://test/api/v1/negotiation/message "HTTP/1.1 200 OK"
2026-09-24 15:01:30,975 [INFO] httpx: HTTP Request: POST http://test/api/v1/negotiation/end?session_id=fdd9b864-ac08-4b22-a780-a4effd05d18d "HTTP/1.1 200 OK"
2026-09-24 15:01:30,980 [INFO] httpx: HTTP Request: POST http://test/api/v1/negotiation/fdd9b864-ac08-4b22-a780-a4effd05d18d/interrupt "HTTP/1.1 400 Bad Request"
2026-09-24 15:01:31,016 [INFO] httpx: HTTP Request: POST http://test/api/v1/negotiation/ghost-session/interrupt "HTTP/1.1 404 Not Found"
2026-09-24 15:01:31,082 [INFO] httpx: HTTP Request: POST http://test/api/v1/negotiation/start "HTTP/1.1 200 OK"
2026-09-24 15:01:31,094 [INFO] httpx: HTTP Request: POST http://test/api/v1/negotiation/8d7385c5-c78b-4671-9daa-57b56014c487/interrupt "HTTP/1.1 200 OK"
2026-09-24 15:01:31,101 [INFO] httpx: HTTP Request: POST http://test/api/v1/negotiation/message "HTTP/1.1 400 Bad Request"
2026-09-24 15:01:31,149 [INFO] httpx: HTTP Request: POST http://test/api/v1/negotiation/start "HTTP/1.1 200 OK"
2026-09-24 15:01:31,156 [INFO] httpx: HTTP Request: POST http://test/api/v1/negotiation/92edd3a3-5e5d-4c76-ba41-cf5040b56aca/interrupt "HTTP/1.1 200 OK"
2026-09-24 15:01:31,161 [INFO] httpx: HTTP Request: POST http://test/api/v1/negotiation/end?session_id=92edd3a3-5e5d-4c76-ba41-cf5040b56aca "HTTP/1.1 400 Bad Request"
2026-09-24 15:01:31,197 [INFO] httpx: HTTP Request: GET http://test/api/v1/users/user-1/interrupted-session "HTTP/1.1 200 OK"
2026-09-24 15:01:31,236 [INFO] httpx: HTTP Request: POST http://test/api/v1/negotiation/start "HTTP/1.1 200 OK"
2026-09-24 15:01:31,248 [INFO] httpx: HTTP Request: POST http://test/api/v1/negotiation/start "HTTP/1.1 200 OK"
2026-09-24 15:01:31,255 [INFO] httpx: HTTP Request: POST http://test/api/v1/negotiation/1b797b0c-2d5a-4f56-8f70-f628f7ae9340/interrupt "HTTP/1.1 200 OK"
2026-09-24 15:01:31,262 [INFO] httpx: HTTP Request: POST http://test/api/v1/negotiation/887f2d05-dba4-4136-925e-16ac8342459d/interrupt "HTTP/1.1 200 OK"
2026-09-24 15:01:31,269 [INFO] httpx: HTTP Request: GET http://test/api/v1/users/user-1/interrupted-session "HTTP/1.1 200 OK"
2026-09-24 15:01:31,314 [INFO] httpx: HTTP Request: GET http://test/api/v1/users/user-1/interrupted-session "HTTP/1.1 401 Unauthorized"
2026-09-24 15:01:31,676 [INFO] httpx: HTTP Request: POST http://test/api/v1/auth/register/admin "HTTP/1.1 201 Created"
2026-09-24 15:01:31,687 [INFO] httpx: HTTP Request: POST http://test/api/v1/scenarios/ "HTTP/1.1 201 Created"
2026-09-24 15:01:31,693 [INFO] httpx: HTTP Request: POST http://test/api/v1/scenarios/prev-case/publish "HTTP/1.1 200 OK"
2026-09-24 15:01:31,697 [INFO] httpx: HTTP Request: GET http://test/api/v1/invite/EzRE1VDpc1-m2EYR "HTTP/1.1 200 OK"
2026-09-24 15:01:31,725 [INFO] httpx: HTTP Request: GET http://test/api/v1/invite/nonexistent-code-xyz "HTTP/1.1 404 Not Found"
2026-09-24 15:01:32,050 [INFO] httpx: HTTP Request: POST http://test/api/v1/auth/register/admin "HTTP/1.1 201 Created"
2026-09-24 15:01:32,059 [INFO] httpx: HTTP Request: POST http://test/api/v1/scenarios/ "HTTP/1.1 201 Created"
2026-09-24 15:01:32,066 [INFO] httpx: HTTP Request: POST http://test/api/v1/scenarios/arch-prev-case/publish "HTTP/1.1 200 OK"
2026-09-24 15:01:32,072 [INFO] httpx: HTTP Request: POST http://test/api/v1/scenarios/arch-prev-case/archive "HTTP/1.1 200 OK"
2026-09-24 15:01:32,075 [INFO] httpx: HTTP Request: GET http://test/api/v1/invite/0B3HOTh83_1j4IlJ "HTTP/1.1 410 Gone"
2026-09-24 15:01:32,390 [INFO] httpx: HTTP Request: POST http://test/api/v1/auth/register/admin "HTTP/1.1 201 Created"
2026-09-24 15:01:32,398 [INFO] httpx: HTTP Request: POST http://test/api/v1/scenarios/ "HTTP/1.1 201 Created"
2026-09-24 15:01:32,404 [INFO] httpx: HTTP Request: POST http://test/api/v1/scenarios/accept-case/publish "HTTP/1.1 200 OK"
2026-09-24 15:01:32,412 [INFO] httpx: HTTP Request: POST http://test/api/v1/invite/YgMiIIgQbqqtPvJU "HTTP/1.1 200 OK"
2026-09-24 15:01:32,731 [INFO] httpx: HTTP Request: POST http://test/api/v1/auth/register/admin "HTTP/1.1 201 Created"
2026-09-24 15:01:32,739 [INFO] httpx: HTTP Request: POST http://test/api/v1/scenarios/ "HTTP/1.1 201 Created"
2026-09-24 15:01:32,745 [INFO] httpx: HTTP Request: POST http://test/api/v1/scenarios/idem-case/publish "HTTP/1.1 200 OK"
2026-09-24 15:01:32,752 [INFO] httpx: HTTP Request: POST http://test/api/v1/invite/jIaIy549pQYDifmS "HTTP/1.1 200 OK"
2026-09-24 15:01:32,756 [INFO] httpx: HTTP Request: POST http://test/api/v1/invite/jIaIy549pQYDifmS "HTTP/1.1 200 OK"
2026-09-24 15:01:33,069 [INFO] httpx: HTTP Request: POST http://test/api/v1/auth/register/admin "HTTP/1.1 201 Created"
2026-09-24 15:01:33,080 [INFO] httpx: HTTP Request: POST http://test/api/v1/scenarios/ "HTTP/1.1 201 Created"
2026-09-24 15:01:33,086 [INFO] httpx: HTTP Request: POST http://test/api/v1/scenarios/noauth-case/publish "HTTP/1.1 200 OK"
2026-09-24 15:01:33,087 [INFO] httpx: HTTP Request: POST http://test/api/v1/invite/xIzzurbrJospdCr5 "HTTP/1.1 401 Unauthorized"
2026-09-24 15:01:33,419 [INFO] httpx: HTTP Request: POST http://test/api/v1/auth/register/admin "HTTP/1.1 201 Created"
2026-09-24 15:01:33,715 [INFO] httpx: HTTP Request: POST http://test/api/v1/auth/register/admin "HTTP/1.1 201 Created"
2026-09-24 15:01:33,725 [INFO] httpx: HTTP Request: POST http://test/api/v1/scenarios/ "HTTP/1.1 201 Created"
2026-09-24 15:01:33,730 [INFO] httpx: HTTP Request: POST http://test/api/v1/scenarios/admin-inv-case/publish "HTTP/1.1 200 OK"
2026-09-24 15:01:33,733 [INFO] httpx: HTTP Request: POST http://test/api/v1/invite/ea_JrUGdm-rYNwgL "HTTP/1.1 403 Forbidden"
2026-09-24 15:01:33,769 [INFO] httpx: HTTP Request: GET http://test/api/v1/users/user-1/added-cases "HTTP/1.1 200 OK"
2026-09-24 15:01:34,086 [INFO] httpx: HTTP Request: POST http://test/api/v1/auth/register/admin "HTTP/1.1 201 Created"
2026-09-24 15:01:34,095 [INFO] httpx: HTTP Request: POST http://test/api/v1/scenarios/ "HTTP/1.1 201 Created"
2026-09-24 15:01:34,101 [INFO] httpx: HTTP Request: POST http://test/api/v1/scenarios/list-add-case/publish "HTTP/1.1 200 OK"
2026-09-24 15:01:34,107 [INFO] httpx: HTTP Request: POST http://test/api/v1/invite/ZvcQ2_iNLnc2BK8V "HTTP/1.1 200 OK"
2026-09-24 15:01:34,113 [INFO] httpx: HTTP Request: GET http://test/api/v1/users/user-1/added-cases "HTTP/1.1 200 OK"
2026-09-24 15:01:34,441 [INFO] httpx: HTTP Request: POST http://test/api/v1/auth/register "HTTP/1.1 201 Created"
2026-09-24 15:01:34,452 [INFO] httpx: HTTP Request: POST http://test/api/v1/negotiation/start "HTTP/1.1 200 OK"
2026-09-24 15:01:34,769 [INFO] httpx: HTTP Request: POST http://test/api/v1/auth/register "HTTP/1.1 201 Created"
2026-09-24 15:01:34,778 [INFO] httpx: HTTP Request: POST http://test/api/v1/negotiation/start "HTTP/1.1 404 Not Found"
2026-09-24 15:01:35,126 [INFO] httpx: HTTP Request: POST http://test/api/v1/auth/register "HTTP/1.1 201 Created"
2026-09-24 15:01:35,139 [INFO] httpx: HTTP Request: POST http://test/api/v1/negotiation/start "HTTP/1.1 200 OK"
2026-09-24 15:01:35,149 [INFO] httpx: HTTP Request: POST http://test/api/v1/negotiation/message "HTTP/1.1 200 OK"
2026-09-24 15:01:35,492 [INFO] httpx: HTTP Request: POST http://test/api/v1/auth/register "HTTP/1.1 201 Created"
2026-09-24 15:01:35,499 [INFO] httpx: HTTP Request: POST http://test/api/v1/negotiation/message "HTTP/1.1 404 Not Found"
2026-09-24 15:01:35,836 [INFO] httpx: HTTP Request: POST http://test/api/v1/auth/register "HTTP/1.1 201 Created"
2026-09-24 15:01:35,849 [INFO] httpx: HTTP Request: POST http://test/api/v1/negotiation/start "HTTP/1.1 200 OK"
2026-09-24 15:01:35,857 [INFO] httpx: HTTP Request: POST http://test/api/v1/negotiation/message "HTTP/1.1 200 OK"
2026-09-24 15:01:35,879 [INFO] httpx: HTTP Request: POST http://test/api/v1/negotiation/end?session_id=18d25358-3cae-4433-b3ef-ffa303ac7375 "HTTP/1.1 200 OK"
2026-09-24 15:01:36,221 [INFO] httpx: HTTP Request: POST http://test/api/v1/auth/register "HTTP/1.1 201 Created"
2026-09-24 15:01:36,234 [INFO] httpx: HTTP Request: POST http://test/api/v1/negotiation/start "HTTP/1.1 200 OK"
2026-09-24 15:01:36,243 [INFO] httpx: HTTP Request: POST http://test/api/v1/negotiation/message "HTTP/1.1 200 OK"
2026-09-24 15:01:36,266 [INFO] httpx: HTTP Request: POST http://test/api/v1/negotiation/end?session_id=8b8e66c1-4048-45a4-a52f-53f6492083ac "HTTP/1.1 200 OK"
2026-09-24 15:01:36,271 [INFO] httpx: HTTP Request: GET http://test/api/v1/negotiation/analysis/8b8e66c1-4048-45a4-a52f-53f6492083ac "HTTP/1.1 200 OK"
2026-09-24 15:01:36,696 [INFO] httpx: HTTP Request: POST http://test/api/v1/auth/register "HTTP/1.1 201 Created"
2026-09-24 15:01:36,726 [INFO] httpx: HTTP Request: POST http://test/api/v1/negotiation/start "HTTP/1.1 200 OK"
2026-09-24 15:01:36,749 [INFO] httpx: HTTP Request: POST http://test/api/v1/negotiation/message "HTTP/1.1 200 OK"
2026-09-24 15:01:36,794 [INFO] httpx: HTTP Request: POST http://test/api/v1/negotiation/end?session_id=1ee88412-5e22-43b8-ad75-b39e735440ea "HTTP/1.1 200 OK"
2026-09-24 15:01:36,804 [INFO] httpx: HTTP Request: POST http://test/api/v1/negotiation/message "HTTP/1.1 400 Bad Request"
2026-09-24 15:01:37,419 [INFO] httpx: HTTP Request: POST http://test/api/v1/auth/register/admin "HTTP/1.1 201 Created"
2026-09-24 15:01:37,429 [INFO] httpx: HTTP Request: POST http://test/api/v1/negotiation/start "HTTP/1.1 403 Forbidden"
2026-09-24 15:01:37,507 [INFO] httpx: HTTP Request: POST http://test/api/v1/negotiation/start "HTTP/1.1 401 Unauthorized"
2026-09-24 15:01:38,123 [INFO] httpx: HTTP Request: POST http://test/api/v1/auth/register "HTTP/1.1 201 Created"
2026-09-24 15:01:38,155 [INFO] httpx: HTTP Request: POST http://test/api/v1/negotiation/start "HTTP/1.1 200 OK"
2026-09-24 15:01:38,177 [INFO] httpx: HTTP Request: POST http://test/api/v1/negotiation/message "HTTP/1.1 200 OK"
2026-09-24 15:01:38,222 [INFO] httpx: HTTP Request: POST http://test/api/v1/negotiation/end?session_id=d0309356-fdc3-4818-a23a-0a015a622ddb "HTTP/1.1 200 OK"
2026-09-24 15:01:38,231 [INFO] httpx: HTTP Request: GET http://test/api/v1/negotiation/analysis/d0309356-fdc3-4818-a23a-0a015a622ddb "HTTP/1.1 403 Forbidden"
2026-09-24 15:01:38,842 [INFO] httpx: HTTP Request: POST http://test/api/v1/auth/register "HTTP/1.1 201 Created"
2026-09-24 15:01:38,869 [INFO] httpx: HTTP Request: POST http://test/api/v1/negotiation/start "HTTP/1.1 200 OK"
2026-09-24 15:01:38,881 [INFO] httpx: HTTP Request: POST http://test/api/v1/negotiation/message "HTTP/1.1 403 Forbidden"
2026-09-24 15:01:39,549 [INFO] httpx: HTTP Request: POST http://test/api/v1/auth/register "HTTP/1.1 201 Created"
2026-09-24 15:01:39,576 [INFO] httpx: HTTP Request: POST http://test/api/v1/negotiation/start "HTTP/1.1 200 OK"
2026-09-24 15:01:39,589 [INFO] httpx: HTTP Request: POST http://test/api/v1/negotiation/1b3d1178-897f-427b-9a31-93302c4c5eb5/interrupt "HTTP/1.1 403 Forbidden"
2026-09-24 15:01:40,194 [INFO] httpx: HTTP Request: POST http://test/api/v1/auth/register "HTTP/1.1 201 Created"
2026-09-24 15:01:40,220 [INFO] httpx: HTTP Request: POST http://test/api/v1/negotiation/start "HTTP/1.1 200 OK"
2026-09-24 15:01:40,231 [INFO] httpx: HTTP Request: POST http://test/api/v1/negotiation/end?session_id=59ea6bb5-1364-44c4-9c39-446017ac8428 "HTTP/1.1 403 Forbidden"
2026-09-24 15:01:40,843 [INFO] httpx: HTTP Request: POST http://test/api/v1/auth/register "HTTP/1.1 201 Created"
2026-09-24 15:01:40,854 [INFO] httpx: HTTP Request: GET http://test/api/v1/negotiation/sessions/user-1 "HTTP/1.1 403 Forbidden"
2026-09-24 15:01:41,481 [INFO] httpx: HTTP Request: POST http://test/api/v1/auth/register "HTTP/1.1 201 Created"
2026-09-24 15:01:41,493 [INFO] httpx: HTTP Request: GET http://test/api/v1/users/user-1/skills "HTTP/1.1 403 Forbidden"
2026-09-24 15:01:42,103 [INFO] httpx: HTTP Request: POST http://test/api/v1/auth/register "HTTP/1.1 201 Created"
2026-09-24 15:01:42,116 [INFO] httpx: HTTP Request: GET http://test/api/v1/users/user-1/recommendations "HTTP/1.1 403 Forbidden"
2026-09-24 15:01:42,696 [INFO] httpx: HTTP Request: POST http://test/api/v1/auth/register "HTTP/1.1 201 Created"
2026-09-24 15:01:42,703 [INFO] httpx: HTTP Request: GET http://test/api/v1/negotiation/progress/user-1 "HTTP/1.1 403 Forbidden"
2026-09-24 15:01:42,732 [INFO] httpx: HTTP Request: POST http://test/api/v1/auth/register "HTTP/1.1 422 Unprocessable Entity"
2026-09-24 15:01:42,761 [INFO] httpx: HTTP Request: POST http://test/api/v1/auth/register "HTTP/1.1 422 Unprocessable Entity"
2026-09-24 15:01:42,791 [INFO] httpx: HTTP Request: POST http://test/api/v1/auth/register "HTTP/1.1 422 Unprocessable Entity"
2026-09-24 15:01:42,843 [INFO] httpx: HTTP Request: POST http://test/api/v1/auth/register "HTTP/1.1 422 Unprocessable Entity"
2026-09-24 15:01:43,182 [INFO] httpx: HTTP Request: POST http://test/api/v1/auth/register "HTTP/1.1 201 Created"
2026-09-24 15:01:43,518 [INFO] httpx: HTTP Request: POST http://test/api/v1/auth/register "HTTP/1.1 201 Created"
2026-09-24 15:01:43,876 [INFO] httpx: HTTP Request: POST http://test/api/v1/auth/register "HTTP/1.1 201 Created"
2026-09-24 15:01:43,903 [INFO] httpx: HTTP Request: POST http://test/api/v1/auth/register/admin "HTTP/1.1 422 Unprocessable Entity"
2026-09-24 15:01:44,239 [INFO] httpx: HTTP Request: POST http://test/api/v1/auth/register/admin "HTTP/1.1 201 Created"
2026-09-24 15:01:44,297 [INFO] httpx: HTTP Request: GET http://test/api/v1/negotiation/progress/user-1 "HTTP/1.1 200 OK"
2026-09-24 15:01:44,354 [INFO] httpx: HTTP Request: POST http://test/api/v1/negotiation/start "HTTP/1.1 200 OK"
2026-09-24 15:01:44,364 [INFO] httpx: HTTP Request: POST http://test/api/v1/negotiation/message "HTTP/1.1 200 OK"
2026-09-24 15:01:44,388 [INFO] httpx: HTTP Request: POST http://test/api/v1/negotiation/end?session_id=2a5b441c-65f1-42f1-b448-bc37b3673d95 "HTTP/1.1 200 OK"
2026-09-24 15:01:44,394 [INFO] httpx: HTTP Request: GET http://test/api/v1/negotiation/progress/user-1 "HTTP/1.1 200 OK"
2026-09-24 15:01:44,458 [INFO] httpx: HTTP Request: POST http://test/api/v1/negotiation/start "HTTP/1.1 200 OK"
2026-09-24 15:01:44,468 [INFO] httpx: HTTP Request: POST http://test/api/v1/negotiation/message "HTTP/1.1 200 OK"
2026-09-24 15:01:44,495 [INFO] httpx: HTTP Request: POST http://test/api/v1/negotiation/end?session_id=9bab10d8-9d68-4a39-b5cd-42f662a80400 "HTTP/1.1 200 OK"
2026-09-24 15:01:44,503 [INFO] httpx: HTTP Request: POST http://test/api/v1/negotiation/start "HTTP/1.1 200 OK"
2026-09-24 15:01:44,512 [INFO] httpx: HTTP Request: POST http://test/api/v1/negotiation/message "HTTP/1.1 200 OK"
2026-09-24 15:01:44,528 [INFO] httpx: HTTP Request: POST http://test/api/v1/negotiation/end?session_id=e8096082-cb21-4cdd-8f09-f30b1fda79c6 "HTTP/1.1 200 OK"
2026-09-24 15:01:44,534 [INFO] httpx: HTTP Request: GET http://test/api/v1/negotiation/progress/user-1 "HTTP/1.1 200 OK"
2026-09-24 15:01:44,570 [INFO] httpx: HTTP Request: GET http://test/api/v1/negotiation/progress/user-1 "HTTP/1.1 401 Unauthorized"
2026-09-24 15:01:44,910 [INFO] httpx: HTTP Request: POST http://test/api/v1/auth/register/admin "HTTP/1.1 201 Created"
2026-09-24 15:01:44,913 [INFO] httpx: HTTP Request: GET http://test/api/v1/negotiation/progress/user-1 "HTTP/1.1 403 Forbidden"
2026-09-24 15:01:44,953 [INFO] httpx: HTTP Request: GET http://test/api/v1/scenarios/ "HTTP/1.1 200 OK"
2026-09-24 15:01:44,985 [INFO] httpx: HTTP Request: GET http://test/api/v1/scenarios/ "HTTP/1.1 200 OK"
2026-09-24 15:01:45,019 [INFO] httpx: HTTP Request: GET http://test/api/v1/scenarios/scenario-1 "HTTP/1.1 200 OK"
2026-09-24 15:01:45,051 [INFO] httpx: HTTP Request: GET http://test/api/v1/scenarios/nonexistent "HTTP/1.1 404 Not Found"
2026-09-24 15:01:45,303 [INFO] httpx: HTTP Request: POST http://test/api/v1/negotiation/start "HTTP/1.1 200 OK"
2026-09-24 15:01:45,312 [INFO] httpx: HTTP Request: POST http://test/api/v1/negotiation/message "HTTP/1.1 200 OK"
2026-09-24 15:01:45,333 [INFO] httpx: HTTP Request: POST http://test/api/v1/negotiation/end?session_id=b98b5947-8ee2-4076-89fc-631d41d580c3 "HTTP/1.1 200 OK"
2026-09-24 15:01:45,338 [INFO] httpx: HTTP Request: GET http://test/api/v1/users/user-1/skills "HTTP/1.1 200 OK"
2026-09-24 15:01:45,378 [INFO] httpx: HTTP Request: GET http://test/api/v1/users/user-1/skills "HTTP/1.1 200 OK"
2026-09-24 15:01:45,416 [INFO] httpx: HTTP Request: GET http://test/api/v1/users/user-1/skills "HTTP/1.1 401 Unauthorized"
2026-09-24 15:01:45,752 [INFO] httpx: HTTP Request: POST http://test/api/v1/auth/register/admin "HTTP/1.1 201 Created"
2026-09-24 15:01:45,756 [INFO] httpx: HTTP Request: GET http://test/api/v1/users/user-1/skills "HTTP/1.1 403 Forbidden"
2026-09-24 15:01:45,801 [INFO] httpx: HTTP Request: POST http://test/api/v1/negotiation/start "HTTP/1.1 200 OK"
2026-09-24 15:01:45,813 [INFO] httpx: HTTP Request: POST http://test/api/v1/negotiation/message "HTTP/1.1 200 OK"
2026-09-24 15:01:45,822 [INFO] httpx: HTTP Request: POST http://test/api/v1/negotiation/message "HTTP/1.1 200 OK"
2026-09-24 15:01:45,831 [INFO] httpx: HTTP Request: POST http://test/api/v1/negotiation/message "HTTP/1.1 200 OK"
2026-09-24 15:01:45,851 [INFO] httpx: HTTP Request: POST http://test/api/v1/negotiation/end?session_id=41af444d-bb7a-4dee-933a-b1ffe21ad3c2 "HTTP/1.1 200 OK"
2026-09-24 15:01:45,892 [INFO] httpx: HTTP Request: POST http://test/api/v1/negotiation/start "HTTP/1.1 200 OK"
2026-09-24 15:01:45,902 [INFO] httpx: HTTP Request: POST http://test/api/v1/negotiation/message "HTTP/1.1 200 OK"
2026-09-24 15:01:45,910 [INFO] httpx: HTTP Request: POST http://test/api/v1/negotiation/message "HTTP/1.1 200 OK"
2026-09-24 15:01:45,930 [INFO] httpx: HTTP Request: POST http://test/api/v1/negotiation/end?session_id=9035f82a-5d08-4b00-aac3-6a4d88bfcd63 "HTTP/1.1 200 OK"
2026-09-24 15:01:45,968 [INFO] httpx: HTTP Request: POST http://test/api/v1/negotiation/start "HTTP/1.1 200 OK"
2026-09-24 15:01:45,978 [INFO] httpx: HTTP Request: POST http://test/api/v1/negotiation/message "HTTP/1.1 200 OK"
2026-09-24 15:01:45,985 [INFO] httpx: HTTP Request: POST http://test/api/v1/negotiation/message "HTTP/1.1 200 OK"
2026-09-24 15:01:45,991 [INFO] httpx: HTTP Request: POST http://test/api/v1/negotiation/message "HTTP/1.1 200 OK"
2026-09-24 15:01:46,015 [INFO] httpx: HTTP Request: POST http://test/api/v1/negotiation/end?session_id=0fe35360-330c-4586-bb16-35192c2df4d4 "HTTP/1.1 200 OK"
2026-09-24 15:01:46,020 [INFO] httpx: HTTP Request: GET http://test/api/v1/negotiation/analysis/0fe35360-330c-4586-bb16-35192c2df4d4 "HTTP/1.1 200 OK"
2026-09-24 15:01:46,059 [INFO] httpx: HTTP Request: POST http://test/api/v1/negotiation/start "HTTP/1.1 200 OK"
2026-09-24 15:01:46,068 [INFO] httpx: HTTP Request: POST http://test/api/v1/negotiation/message "HTTP/1.1 200 OK"
2026-09-24 15:01:46,086 [INFO] httpx: HTTP Request: POST http://test/api/v1/negotiation/end?session_id=ed38472e-1040-4b24-b21e-1fc3088b88d6 "HTTP/1.1 200 OK"
2026-09-24 15:01:46,129 [INFO] httpx: HTTP Request: POST http://test/api/v1/negotiation/start "HTTP/1.1 200 OK"
2026-09-24 15:01:46,140 [INFO] httpx: HTTP Request: POST http://test/api/v1/negotiation/voice "HTTP/1.1 200 OK"
2026-09-24 15:01:46,191 [INFO] httpx: HTTP Request: POST http://test/api/v1/negotiation/voice "HTTP/1.1 404 Not Found"
2026-09-24 15:01:46,229 [INFO] httpx: HTTP Request: POST http://test/api/v1/negotiation/voice "HTTP/1.1 401 Unauthorized"
2026-09-24 15:01:46,564 [INFO] httpx: HTTP Request: POST http://test/api/v1/auth/register/admin "HTTP/1.1 201 Created"
2026-09-24 15:01:46,569 [INFO] httpx: HTTP Request: POST http://test/api/v1/negotiation/voice "HTTP/1.1 403 Forbidden"
2026-09-24 15:01:46,630 [INFO] httpx: HTTP Request: POST http://test/api/v1/negotiation/start "HTTP/1.1 200 OK"
2026-09-24 15:01:46,642 [INFO] httpx: HTTP Request: POST http://test/api/v1/negotiation/message "HTTP/1.1 200 OK"
2026-09-24 15:01:46,666 [INFO] httpx: HTTP Request: POST http://test/api/v1/negotiation/end?session_id=aa4b942a-d58f-49c0-b535-4e29511fae2b "HTTP/1.1 200 OK"
2026-09-24 15:01:46,711 [INFO] httpx: HTTP Request: POST http://test/api/v1/negotiation/start "HTTP/1.1 200 OK"
2026-09-24 15:01:46,721 [INFO] httpx: HTTP Request: POST http://test/api/v1/negotiation/message "HTTP/1.1 200 OK"
2026-09-24 15:01:46,743 [INFO] httpx: HTTP Request: POST http://test/api/v1/negotiation/end?session_id=d92765be-0f39-48a1-a8ad-422643254fac "HTTP/1.1 200 OK"
2026-09-24 15:01:46,746 [INFO] httpx: HTTP Request: GET http://test/api/v1/auth/me "HTTP/1.1 200 OK"
2026-09-24 15:13:38,720 [INFO] httpx: HTTP Request: POST https://dashscope-intl.aliyuncs.com/compatible-mode/v1/chat/completions "HTTP/1.1 200 OK"
2026-09-24 15:14:33,197 [INFO] httpx: HTTP Request: POST https://dashscope-intl.aliyuncs.com/compatible-mode/v1/chat/completions "HTTP/1.1 200 OK"
2026-09-24 15:16:24,404 [INFO] httpx: HTTP Request: POST https://dashscope-intl.aliyuncs.com/compatible-mode/v1/chat/completions "HTTP/1.1 200 OK"
2026-09-24 15:17:43,049 [INFO] httpx: HTTP Request: POST https://dashscope-intl.aliyuncs.com/compatible-mode/v1/chat/completions "HTTP/1.1 200 OK"
